employee_id,name,last_name,age,job_title,hire_date
b9487aab,William,Smith,34,Filler,2025-12-21
4594ad1a,Michael,Jones,40,Filler,2021-08-15
1aeae16f,Jennifer,Smith,27,Filler,2023-12-17
def2ac29,John,Johnson,58,Filler,2025-01-01
4e81f3dc,William,Smith,36,Filler,2024-04-05
f02ce0ee,Elizabeth,Jones,48,Filler,2025-07-12
09abdff3,Robert,Johnson,20,Filler,2023-01-25
0779a5cb,Robert,Jones,58,Filler,2024-10-23
59c31b7f,William,Williams,42,Filler,2025-08-13
76426755,Mary,Brown,36,Filler,2026-05-22
1696178d,Mary,Smith,42,Filler,2024-10-01
4b0ae1f0,Patricia,Smith,58,Filler,2022-05-20
dbee380d,Mary,Smith,50,Filler,2023-10-27
0ddc6f56,Jennifer,Jones,51,Filler,2022-10-22
3e266c9e,John,Brown,47,Filler,2023-08-08
6103ab35,Robert,Jones,58,Filler,2022-04-28
8e739497,Michael,Johnson,38,Filler,2025-04-20
ece9235f,Robert,Williams,51,Filler,2025-03-11
3ecf4414,Elizabeth,Jones,40,Filler,2023-02-06
a5bdd77d,Jennifer,Jones,32,Filler,2025-09-23
c62145bb,Robert,Williams,35,Filler,2024-08-31
b2e8b928,Michael,Brown,45,Filler,2025-08-26
dabfef6e,Patricia,Brown,39,Filler,2022-01-02
b514b821,Linda,Johnson,43,Filler,2024-02-20
efd574a0,William,Johnson,53,Filler,2025-05-21
59094361,Michael,Smith,27,Filler,2023-01-11
934ca853,John,Johnson,54,Filler,2022-02-14
bea3db49,William,Williams,23,Filler,2023-11-11
b3a79b41,Linda,Smith,34,Filler,2021-10-15
4c5d340c,Robert,Johnson,58,Filler,2022-03-06
5837595c,John,Williams,24,Filler,2022-03-04
3e47ec89,John,Brown,41,Filler,2025-10-22
77933bf7,Robert,Smith,25,Filler,2022-08-04
55fe1546,James,Williams,36,Filler,2023-07-19
3ac8121e,Michael,Jones,38,Filler,2021-07-05
25ce4d40,James,Smith,24,Filler,2022-12-20
5d8f8123,Jennifer,Johnson,38,Filler,2026-04-17
1f8a8cff,Jennifer,Johnson,60,Filler,2026-04-02
d6ac4f19,Linda,Brown,34,Filler,2022-08-08
6b01a59e,John,Williams,48,Filler,2025-09-25
49c2c4cc,Linda,Jones,42,Filler,2022-06-27
ad8d459f,Jennifer,Smith,18,Filler,2022-03-23
c8c1f21d,John,Johnson,57,Filler,2023-02-24
3d2b5de1,Jennifer,Smith,35,Filler,2025-12-19
eb8d307e,Linda,Williams,58,Filler,2022-04-27
fdf63e4a,James,Brown,39,Filler,2025-01-30
e2c0e7de,Robert,Jones,44,Filler,2021-11-25
c040d5d5,James,Smith,33,Filler,2024-02-22
727cee99,Jennifer,Smith,41,Filler,2026-02-19
4a85ebe8,Mary,Jones,31,Filler,2024-03-17
4a939ab7,James,Williams,37,Filler,2021-05-31
a1921615,Patricia,Jones,24,Filler,2025-08-18
9d27c528,Jennifer,Brown,58,Filler,2022-06-16
af4a9260,Robert,Johnson,40,Filler,2021-06-01
c8156729,Jennifer,Jones,38,Filler,2022-02-24
5eb45a87,James,Smith,49,Filler,2024-08-23
a862b6f4,Mary,Smith,26,Filler,2025-03-31
2ecea961,James,Jones,23,Filler,2022-08-28
dc869848,Michael,Jones,35,Filler,2025-07-15
0c6c0420,Mary,Brown,33,Filler,2022-07-24
609dcd39,John,Smith,36,Filler,2021-09-19
b81ebac6,Michael,Smith,58,Filler,2021-07-02
08011072,Patricia,Jones,51,Filler,2026-02-10
ce65c750,Michael,Williams,53,Filler,2025-04-27
5c01bfea,William,Jones,39,Filler,2023-03-19
480a4a73,Jennifer,Williams,35,Filler,2022-07-02
795659ce,Jennifer,Smith,54,Filler,2022-02-28
72f7bbae,Michael,Jones,19,Filler,2024-03-06
208da335,Patricia,Williams,58,Filler,2024-01-24
eb6f35a9,Mary,Smith,34,Filler,2022-03-16
58aa3665,Jennifer,Jones,43,Filler,2026-05-13
9b4db992,Michael,Smith,56,Filler,2025-05-23
c934ac53,Jennifer,Brown,55,Filler,2025-04-03
108efae2,Mary,Williams,50,Filler,2026-01-07
2dd5fbdf,Michael,Johnson,20,Filler,2024-04-04
a39015c0,Robert,Williams,58,Filler,2022-12-26
6a557efd,John,Brown,40,Filler,2024-03-13
82a28aa6,Michael,Johnson,60,Filler,2023-10-13
a68c4c01,William,Jones,27,Filler,2022-04-11
436e06d6,Mary,Smith,30,Filler,2021-12-03
2a208459,William,Johnson,51,Filler,2022-06-18
ea2785ac,James,Williams,46,Filler,2025-04-28
b360c2a5,John,Johnson,19,Filler,2024-07-15
0a58b3cc,John,Williams,52,Filler,2023-06-27
44a20008,William,Johnson,30,Filler,2026-04-10
dbe65725,William,Smith,21,Filler,2022-04-19
12e608c4,James,Brown,31,Filler,2022-10-12
bf7a53b6,Jennifer,Brown,23,Filler,2026-02-03
e58209ea,Elizabeth,Jones,52,Filler,2022-01-07
718e5490,Robert,Brown,19,Filler,2023-06-02
43aff008,Michael,Brown,37,Filler,2025-06-14
1b794a3c,James,Williams,45,Filler,2022-10-26
1cd7e7d5,Robert,Williams,18,Filler,2023-08-13
f9e7b3dc,Linda,Jones,55,Filler,2022-11-20
e2cb9f81,John,Smith,40,Filler,2024-04-21
5685660a,John,Johnson,26,Filler,2025-08-10
6c1fee71,Jennifer,Brown,60,Filler,2022-01-14
fa3c35f1,Elizabeth,Williams,32,Filler,2025-08-10
a44c3b69,James,Smith,51,Filler,2024-03-06
37b65c98,James,Brown,56,Filler,2023-10-12
2dd2871e,Linda,Smith,31,Filler,2025-11-16
359e6283,Linda,Brown,28,Filler,2024-12-18
6a5ab3d5,Linda,Johnson,29,Filler,2021-08-10
739be3ff,Mary,Johnson,45,Filler,2021-06-12
5c3e06ef,Elizabeth,Brown,37,Filler,2023-08-14
9192e9e2,Michael,Brown,44,Filler,2021-06-29
3460d1f9,Michael,Jones,51,Filler,2021-10-02
3af04ee6,Michael,Brown,28,Filler,2025-08-03
e4abce7c,Mary,Jones,44,Filler,2023-10-19
82d8db55,Patricia,Johnson,35,Filler,2022-10-27
64bbafc9,Patricia,Smith,54,Filler,2022-10-22
b8aed01f,Patricia,Jones,39,Filler,2025-01-03
94f660b6,Jennifer,Brown,59,Filler,2021-10-18
a62ebb15,Mary,Smith,38,Filler,2022-06-06
f6efbf67,Patricia,Jones,38,Filler,2025-05-06
afa29e84,Elizabeth,Williams,33,Filler,2025-08-26
1d84e54c,Linda,Smith,55,Filler,2021-11-24
4d207a73,Elizabeth,Williams,36,Filler,2025-07-21
eff03847,James,Johnson,21,Filler,2022-05-27
e558d244,James,Jones,52,Filler,2022-04-23
850b33e3,Patricia,Williams,19,Filler,2026-04-11
e9d694c0,Elizabeth,Brown,50,Filler,2023-06-20
495277d0,Robert,Smith,25,Filler,2026-01-13
bbe1009b,Mary,Williams,23,Filler,2026-05-29
21d15af2,Robert,Williams,21,Filler,2026-02-08
2804b537,Robert,Jones,23,Filler,2023-05-13
47df77d3,Linda,Williams,29,Filler,2022-10-11
eb34ee22,Elizabeth,Jones,46,Filler,2025-09-27
82f26d1d,John,Brown,27,Filler,2023-01-04
158fa30f,Robert,Williams,51,Filler,2026-02-26
95f4f2f8,Linda,Brown,60,Filler,2025-09-27
1608d7b2,Patricia,Brown,38,Filler,2024-04-02
44aa109a,Jennifer,Johnson,26,Filler,2023-12-24
43c42295,James,Jones,40,Filler,2022-09-22
74c814c6,William,Jones,28,Filler,2025-06-26
8ecf5747,Linda,Brown,56,Filler,2023-09-21
f03d8a5f,Jennifer,Brown,37,Filler,2026-04-12
9a95cf50,Robert,Jones,46,Filler,2024-04-06
46066283,Jennifer,Smith,30,Filler,2024-07-02
ddf7cc92,Patricia,Jones,27,Filler,2022-12-15
d6e4070f,Mary,Johnson,19,Filler,2022-06-26
d95c31a3,John,Smith,25,Filler,2024-09-11
1beaf357,James,Johnson,49,Filler,2022-11-30
3eedcb7f,Linda,Brown,47,Filler,2022-01-23
abd0cfda,Linda,Smith,31,Filler,2021-09-17
20f6df73,Robert,Williams,19,Filler,2024-03-26
2d6e7658,Elizabeth,Johnson,55,Filler,2024-09-20
8681636e,William,Jones,60,Filler,2025-05-19
999a83ea,Patricia,Williams,49,Filler,2026-05-05
aa7ebe22,Patricia,Jones,49,Filler,2022-01-14
1d5baafa,Michael,Brown,42,Filler,2025-06-03
647944bc,Michael,Johnson,58,Filler,2022-11-28
aa6d955b,Jennifer,Williams,41,Filler,2022-10-11
43af7d85,Elizabeth,Brown,18,Filler,2021-12-09
2f0b8bf1,Jennifer,Brown,49,Filler,2023-01-10
dff86c14,Jennifer,Smith,49,Filler,2022-12-06
99329b69,James,Jones,30,Filler,2024-09-15
05f77438,Jennifer,Jones,22,Filler,2026-01-01
231b7ebf,Michael,Williams,48,Filler,2024-12-01
21e4f0ad,Jennifer,Williams,19,Filler,2025-03-23
1de7d9da,James,Williams,53,Filler,2025-08-29
238489ce,John,Johnson,37,Filler,2025-09-29
40cf2b38,Patricia,Jones,52,Filler,2023-01-15
515aabab,John,Brown,45,Filler,2025-04-25
c0ca72f1,Elizabeth,Johnson,27,Filler,2024-02-29
574358fb,Jennifer,Brown,49,Filler,2023-09-03
1c1bcddb,William,Johnson,31,Filler,2025-07-09
d5d8a3d4,James,Jones,35,Filler,2023-07-05
10935b19,John,Brown,54,Filler,2022-10-07
89d6939a,Michael,Smith,48,Filler,2025-10-20
52aa76eb,Elizabeth,Jones,57,Filler,2025-09-30
8f2d3122,Robert,Jones,40,Filler,2022-11-02
102fa5d8,Linda,Brown,19,Filler,2023-10-26
29655947,William,Jones,55,Filler,2021-09-29
e2e5bb55,Robert,Brown,40,Filler,2024-03-01
fe4952b3,Linda,Brown,36,Filler,2023-02-06
20ec3d51,Elizabeth,Jones,53,Filler,2024-04-29
cf207df0,Linda,Johnson,25,Filler,2024-01-28
6f8263ee,Linda,Williams,40,Filler,2023-06-16
f0672fec,James,Smith,57,Filler,2024-11-24
58b5f54a,James,Williams,32,Filler,2025-06-14
d5eea4ec,Jennifer,Jones,20,Filler,2024-02-12
8e09a646,Robert,Williams,58,Filler,2021-10-10
401b4d74,Robert,Jones,29,Filler,2022-06-27
ac5dbd82,Mary,Smith,43,Filler,2022-02-16
f37eac07,Elizabeth,Williams,24,Filler,2021-10-14
5f75d9d0,Michael,Jones,37,Filler,2022-10-31
36c19bac,William,Smith,51,Filler,2022-03-03
2d20b703,Michael,Williams,19,Filler,2023-04-10
4da46925,Michael,Smith,56,Filler,2026-04-21
d1d7677c,Robert,Brown,39,Filler,2021-07-28
841d230e,John,Jones,29,Filler,2024-05-02
89c1fc07,William,Jones,46,Filler,2025-02-09
658e23a6,Michael,Jones,33,Filler,2022-02-26
b701439f,Patricia,Brown,37,Filler,2022-02-19
f359a7f6,William,Williams,45,Filler,2024-02-13
08a07795,Robert,Smith,33,Filler,2025-08-04
7c179479,John,Johnson,55,Filler,2025-09-18
f2c8f2f1,Patricia,Jones,55,Filler,2025-11-27
fb3299f4,Michael,Williams,53,Filler,2023-11-02
0eedd036,Patricia,Jones,34,Filler,2023-08-24
1876452b,William,Williams,59,Filler,2024-06-19
d2f78b48,Robert,Johnson,19,Filler,2026-02-07
35651fc9,Jennifer,Smith,56,Filler,2022-03-17
cb9babfb,Michael,Williams,56,Filler,2022-07-07
0f9a9c07,James,Brown,42,Filler,2023-11-25
c16260d4,Patricia,Williams,26,Filler,2022-05-04
8d899f74,Robert,Brown,18,Filler,2021-12-27
edcc8bc1,Elizabeth,Brown,47,Filler,2022-01-13
0f67a72b,James,Smith,38,Filler,2023-10-07
7fb4347c,John,Jones,34,Filler,2025-03-05
d4447e77,Elizabeth,Jones,18,Filler,2025-02-04
8e420963,Robert,Johnson,22,Filler,2025-07-31
8868cef4,James,Brown,20,Filler,2023-03-08
e8536b3e,Robert,Williams,49,Filler,2024-01-11
21176c46,Jennifer,Johnson,25,Filler,2022-05-12
7716b05b,Mary,Smith,50,Filler,2025-04-01
c0e2d922,Linda,Smith,27,Filler,2025-05-15
29acaa97,Patricia,Jones,53,Filler,2026-01-07
6ca6916a,James,Williams,40,Filler,2024-02-29
b1b26272,Robert,Williams,27,Filler,2021-06-30
e9455eb1,Michael,Smith,22,Filler,2022-05-19
50e4dafc,William,Smith,31,Filler,2024-01-20
b370cceb,Michael,Jones,41,Filler,2022-11-11
712d12ea,Elizabeth,Johnson,33,Filler,2022-09-26
d4d436f1,William,Brown,43,Filler,2021-11-08
8d3c3c71,Elizabeth,Williams,31,Filler,2025-06-18
060b3ceb,Mary,Williams,39,Filler,2024-01-31
40a54e9e,William,Williams,21,Filler,2022-12-04
7412740f,William,Brown,36,Filler,2022-04-10
a78b2b0e,Michael,Johnson,36,Filler,2023-07-01
44beeccb,Patricia,Brown,28,Filler,2022-07-08
1bd48001,Elizabeth,Jones,36,Filler,2024-04-12
033daf5d,James,Johnson,47,Filler,2021-07-14
f0730e15,Mary,Smith,30,Filler,2024-10-25
ea394030,Mary,Johnson,18,Filler,2023-08-25
2db56dde,Linda,Smith,58,Filler,2026-02-20
44c273d1,Elizabeth,Brown,53,Filler,2026-03-09
2f06484f,John,Johnson,52,Filler,2023-06-04
ecb04594,Michael,Brown,59,Filler,2025-11-26
3336fd90,William,Brown,21,Filler,2024-08-16
29f265d0,Michael,Brown,45,Filler,2024-08-18
72d967b8,William,Jones,28,Filler,2021-07-08
b2046f2f,Elizabeth,Williams,19,Filler,2026-05-11
87cc4a40,Robert,Brown,52,Filler,2022-12-09
ed08ae51,Linda,Smith,50,Filler,2023-10-14
047b7896,Robert,Smith,41,Filler,2023-10-27
0b53bfc5,John,Smith,31,Filler,2022-10-03
34b1b943,John,Brown,42,Filler,2025-06-17
d8415447,John,Williams,25,Filler,2022-02-05
fb2be1db,William,Smith,55,Filler,2021-06-29
cc718cbe,William,Brown,57,Filler,2024-01-24
78c3abcf,Patricia,Williams,47,Filler,2023-08-04
1255970e,Robert,Brown,44,Filler,2022-07-24
34c458f3,Elizabeth,Johnson,43,Filler,2025-05-25
fccef795,William,Williams,31,Filler,2025-07-22
79e6e614,William,Jones,49,Filler,2024-04-21
070b8481,William,Williams,41,Filler,2024-08-19
05092485,John,Johnson,39,Filler,2021-08-10
174a1400,William,Williams,47,Filler,2021-10-07
281930a6,Patricia,Smith,60,Filler,2023-02-13
bf7dab83,Mary,Brown,39,Filler,2024-03-04
18e1b8f5,Mary,Smith,38,Filler,2021-07-22
b8760a42,James,Brown,28,Filler,2022-10-12
736eb1be,Linda,Johnson,36,Filler,2023-05-21
b0a17879,Michael,Johnson,60,Filler,2021-10-16
e9f59eda,Patricia,Jones,21,Filler,2023-01-08
97c4fd5f,Elizabeth,Williams,34,Filler,2023-07-31
c94f0c37,Mary,Johnson,31,Filler,2024-04-29
15a96a1a,Jennifer,Smith,53,Filler,2026-03-27
83d87a3c,Michael,Smith,33,Filler,2021-08-07
23473db0,William,Jones,51,Filler,2022-09-01
26745379,Elizabeth,Jones,55,Filler,2024-12-03
75a8d1f1,William,Williams,42,Filler,2021-09-03
5450ca5a,Mary,Brown,18,Filler,2022-09-15
442b8d45,Jennifer,Jones,34,Filler,2026-03-02
69d9e3e6,William,Johnson,41,Filler,2021-06-18
15830615,James,Brown,20,Filler,2024-03-29
db7b5a70,Robert,Williams,49,Filler,2022-04-24
ec6de71b,Elizabeth,Williams,21,Filler,2023-09-01
8f637106,James,Williams,27,Filler,2024-10-05
27141f24,Linda,Smith,34,Filler,2023-04-19
053f272b,Linda,Smith,20,Filler,2024-08-09
aee623ff,James,Brown,32,Filler,2024-05-04
6f3f639d,Jennifer,Brown,23,Filler,2024-01-28
9d09a75b,James,Brown,23,Filler,2023-03-09
2e7f0b66,John,Johnson,43,Filler,2022-05-24
c17e2491,Elizabeth,Johnson,22,Filler,2022-02-15
972cadfb,Linda,Brown,32,Filler,2021-06-02
a83170f3,William,Johnson,19,Filler,2026-05-08
56694fe5,Linda,Brown,41,Filler,2024-06-26
08f0b8b0,Patricia,Smith,34,Filler,2022-11-16
4923679f,Patricia,Smith,23,Filler,2025-12-15
a0a39772,Patricia,Brown,21,Filler,2023-04-02
bb6ceaa3,Jennifer,Williams,49,Filler,2024-08-27
ab696523,Robert,Jones,25,Filler,2023-09-04
541cf8e4,Elizabeth,Brown,36,Filler,2023-07-17
0ea8f05f,Elizabeth,Brown,32,Filler,2025-11-21
4d48971c,Linda,Smith,45,Filler,2023-02-22
775966a6,Linda,Smith,31,Filler,2025-06-05
cae72858,John,Brown,26,Filler,2025-07-24
6196c0fe,James,Smith,46,Filler,2025-03-20
10c5e3d7,Mary,Jones,22,Filler,2024-07-31
71bb2658,Patricia,Johnson,59,Filler,2021-10-08
bca42819,Patricia,Brown,44,Filler,2025-01-25
09852bdc,Jennifer,Jones,42,Filler,2024-01-08
bfd40309,Linda,Brown,27,Filler,2022-04-17
dc50f7b4,Elizabeth,Jones,58,Filler,2024-04-13
1626de71,William,Jones,43,Filler,2022-04-20
80bbb603,Jennifer,Smith,59,Filler,2021-08-24
3634c7b4,Elizabeth,Smith,57,Filler,2023-12-01
b7965085,Mary,Williams,60,Filler,2024-08-23
957887a7,Linda,Johnson,58,Filler,2026-05-19
3f853ff2,Elizabeth,Smith,28,Filler,2023-03-27
0392b41d,Patricia,Smith,48,Filler,2022-12-15
01becd57,Mary,Smith,20,Filler,2023-10-29
d094ff94,Elizabeth,Williams,31,Filler,2023-09-24
a6010b95,Elizabeth,Jones,33,Filler,2025-08-10
f3ee7465,William,Johnson,49,Filler,2025-01-15
8781924b,Mary,Williams,44,Filler,2024-01-06
3f7e8fd3,Linda,Johnson,55,Filler,2024-01-07
9f5173bd,James,Johnson,54,Filler,2022-01-23
54fbc71f,Linda,Johnson,53,Filler,2025-11-01
d9b98f87,Elizabeth,Brown,20,Filler,2022-07-05
2ad08659,Mary,Smith,52,Filler,2021-09-15
f4f63b40,Elizabeth,Jones,19,Filler,2023-06-01
5382bf43,Robert,Williams,36,Filler,2022-03-02
8a75b1fb,Robert,Smith,19,Filler,2021-10-25
5f7ea816,Michael,Jones,46,Filler,2023-03-17
a4ec80d8,Michael,Jones,58,Filler,2025-07-01
7fddb7ff,Patricia,Johnson,25,Filler,2021-07-28
969fcccf,Jennifer,Jones,49,Filler,2022-03-13
ffc8b192,Jennifer,Jones,38,Filler,2022-12-04
5ac20557,Robert,Brown,22,Filler,2023-02-22
828865c3,Michael,Smith,29,Filler,2022-02-22
61d6e816,John,Smith,37,Filler,2022-08-27
b133330a,William,Smith,52,Filler,2022-04-29
a7dd2418,Mary,Brown,28,Filler,2026-02-18
cf5d57ab,Mary,Williams,24,Filler,2024-09-13
d93ae3db,Patricia,Smith,54,Filler,2022-10-18
1721bcb0,Michael,Brown,26,Filler,2026-02-24
f12f1ec1,Jennifer,Brown,31,Filler,2022-01-11
98f9c2ca,Michael,Jones,28,Filler,2025-04-25
3de78485,Mary,Smith,24,Filler,2023-05-21
1edae414,Robert,Smith,30,Filler,2025-07-05
dc10691c,Mary,Johnson,44,Filler,2021-10-24
a9807ef9,John,Jones,57,Filler,2023-01-04
89379171,Elizabeth,Jones,45,Filler,2023-12-27
24abd5e0,Robert,Smith,20,Filler,2021-08-14
b7985060,Patricia,Williams,29,Filler,2025-09-11
ef435b36,Michael,Williams,45,Filler,2023-06-18
7b52f8e2,Patricia,Williams,54,Filler,2023-09-16
18ab1340,Linda,Johnson,34,Filler,2021-06-10
68caf3a0,Michael,Jones,52,Filler,2022-08-14
fca84e11,William,Brown,57,Filler,2024-12-25
7cd4c256,William,Johnson,29,Filler,2025-07-19
1d431f81,Mary,Smith,32,Filler,2024-07-04
e91939ef,Elizabeth,Jones,45,Filler,2023-04-22
c070be6d,Mary,Jones,18,Filler,2023-06-21
6264ea0b,Robert,Brown,44,Filler,2024-02-03
2977b72e,Patricia,Williams,19,Filler,2025-09-25
1943a8d2,Patricia,Jones,49,Filler,2024-03-14
7a9aca82,William,Williams,56,Filler,2025-11-19
4440bca6,Robert,Brown,58,Filler,2023-02-18
9c337bf5,Jennifer,Smith,53,Filler,2026-04-19
2907c7bd,James,Jones,21,Filler,2025-04-20
1ea7fc7c,Michael,Smith,33,Filler,2024-01-27
0d3ffc56,Robert,Jones,52,Filler,2026-03-03
523e5f76,Jennifer,Johnson,26,Filler,2022-05-07
3df5f891,James,Brown,40,Filler,2025-01-04
38afd702,Jennifer,Johnson,31,Filler,2025-11-23
25d79cf5,Michael,Jones,19,Filler,2023-09-25
e804ca58,Mary,Williams,54,Filler,2022-07-20
7af3d036,Patricia,Brown,30,Filler,2024-07-17
947198f1,Robert,Brown,35,Filler,2025-03-01
fd6478bf,Linda,Smith,57,Filler,2025-10-19
295cf6df,Robert,Smith,35,Filler,2024-12-23
36717e44,James,Williams,59,Filler,2023-12-16
3ff47dc4,Mary,Jones,38,Filler,2023-07-07
905dd3f0,John,Smith,31,Filler,2022-09-01
8ff831fc,Jennifer,Smith,31,Filler,2025-01-11
c9c30f4e,Linda,Smith,30,Filler,2025-06-07
8badfc7f,Patricia,Johnson,37,Filler,2022-01-10
3d3149b9,James,Smith,50,Filler,2022-01-30
234c252f,John,Williams,32,Filler,2023-01-31
54445025,Robert,Williams,31,Filler,2023-04-19
2da09726,Michael,Williams,33,Filler,2024-05-13
3533005d,Michael,Brown,19,Filler,2023-08-02
d06d17ba,William,Brown,26,Filler,2025-12-15
bf515bfc,Patricia,Williams,53,Filler,2024-09-11
ca8cfaf1,James,Smith,25,Filler,2023-09-15
7e7f7eeb,Elizabeth,Jones,41,Filler,2025-04-05
c05375e4,Linda,Smith,41,Filler,2023-06-30
8516b366,James,Johnson,43,Filler,2023-03-08
8b9d875b,John,Jones,31,Filler,2024-01-11
14253881,Patricia,Jones,30,Filler,2022-12-31
f6a85e64,Mary,Smith,22,Filler,2023-01-05
97b21519,William,Williams,30,Filler,2022-07-07
9d2d7559,Mary,Brown,40,Filler,2024-12-11
f30b6179,Linda,Brown,19,Filler,2023-04-23
0f7e26c7,Linda,Smith,26,Filler,2023-03-22
20ba5461,Michael,Brown,56,Filler,2023-04-09
b393ec4d,John,Williams,41,Filler,2024-10-07
a8c9fa85,James,Smith,37,Filler,2022-02-20
eeecc30c,William,Smith,44,Filler,2024-07-25
54efb6a2,Jennifer,Jones,36,Filler,2023-10-05
57f2a1bf,Patricia,Williams,26,Filler,2025-09-06
0ca207c2,Patricia,Smith,59,Filler,2024-07-24
98018793,William,Brown,27,Filler,2025-09-01
3030798d,Mary,Brown,37,Filler,2021-09-05
00e4dda3,Elizabeth,Smith,42,Filler,2023-12-04
c80f393b,Patricia,Smith,47,Filler,2021-06-28
20446aaf,Linda,Johnson,37,Filler,2021-09-16
28d4f85c,Elizabeth,Jones,43,Filler,2021-06-15
7e53e3ea,William,Williams,35,Filler,2025-04-06
5efe3e38,Robert,Jones,37,Filler,2025-01-06
ed7353e7,Jennifer,Brown,35,Filler,2022-11-14
22ce072f,John,Brown,38,Filler,2024-01-03
fdc19c8c,Michael,Smith,57,Filler,2021-07-23
26f2a637,Elizabeth,Brown,37,Filler,2022-09-02
e2f5b3ab,William,Williams,47,Filler,2024-09-06
e5aa8935,Jennifer,Brown,59,Filler,2025-02-09
137a7271,Elizabeth,Jones,33,Filler,2024-09-18
23e7b25d,Michael,Williams,60,Filler,2024-11-20
769f06dc,John,Brown,34,Filler,2024-03-07
ce458827,Elizabeth,Williams,32,Filler,2024-07-22
e7584038,Patricia,Jones,38,Filler,2025-11-13
2ada112e,Robert,Brown,27,Filler,2022-03-27
d8c792dd,Mary,Williams,33,Filler,2023-11-21
9c7c4afc,William,Williams,45,Filler,2023-07-28
35216d63,Patricia,Johnson,21,Filler,2025-12-25
6ffd793b,Linda,Jones,49,Filler,2021-11-08
aae6bbd1,John,Jones,48,Filler,2023-05-18
e723488c,Elizabeth,Johnson,56,Filler,2026-01-19
ef851d2f,Linda,Jones,50,Filler,2024-04-16
051e0b57,James,Johnson,52,Filler,2025-11-09
b9ab92e8,James,Jones,34,Filler,2022-05-23
09b58404,Mary,Jones,44,Filler,2022-08-19
a826d585,William,Brown,49,Filler,2026-01-05
6c1e20dd,James,Jones,58,Filler,2022-09-21
c5784b2c,Robert,Williams,41,Filler,2021-07-09
76cc4e2e,William,Williams,58,Filler,2025-06-21
a3c57a9f,James,Williams,23,Filler,2023-05-03
dec7d662,Robert,Johnson,58,Filler,2023-04-06
1573c36b,John,Smith,18,Filler,2022-02-18
5112f369,William,Johnson,23,Filler,2024-03-17
e4a6e551,Linda,Williams,39,Filler,2025-10-11
8259d17f,John,Brown,40,Filler,2024-02-26
4b1f37f5,William,Smith,50,Filler,2023-11-02
a514dd43,Michael,Smith,37,Filler,2024-07-23
4a5dc0ad,John,Johnson,27,Filler,2024-05-15
63075df5,Linda,Smith,28,Filler,2022-05-19
51559d69,John,Smith,45,Filler,2022-09-02
ef52b8bb,Mary,Williams,42,Filler,2026-02-10
36b18901,Patricia,Smith,34,Filler,2025-05-21
09baa35d,William,Jones,33,Filler,2022-09-19
3a7b707e,Linda,Johnson,36,Filler,2022-09-01
308f538e,John,Jones,53,Filler,2025-01-09
fc2e811b,John,Brown,22,Filler,2022-12-02
d5d7cb93,Robert,Brown,57,Filler,2026-05-18
054f67f1,William,Williams,42,Filler,2024-11-10
e15e387b,Robert,Smith,49,Filler,2021-08-28
bf94efcc,Mary,Smith,28,Filler,2021-08-20
28015814,Linda,Smith,55,Filler,2022-05-17
82b4b6e0,John,Williams,60,Filler,2025-08-12
4ed7921b,William,Brown,25,Filler,2025-01-01
09004d44,Jennifer,Brown,30,Filler,2024-09-15
38dd56be,Elizabeth,Brown,47,Filler,2023-01-25
a2d00a15,Linda,Johnson,57,Filler,2024-11-30
d49eb23d,Michael,Jones,59,Filler,2025-04-16
058532e0,James,Brown,45,Filler,2022-04-25
b9ebdc20,William,Johnson,30,Filler,2022-03-24
d08c6995,Jennifer,Johnson,32,Filler,2022-11-23
818605df,Linda,Jones,39,Filler,2022-05-28
d57808f4,Robert,Williams,59,Filler,2025-08-02
b3991190,William,Brown,42,Filler,2026-05-14
864d95df,William,Jones,40,Filler,2025-12-05
2631e5ba,Michael,Smith,27,Filler,2024-10-31
3a9fb2fd,Robert,Smith,20,Filler,2021-12-12
0840a568,Michael,Jones,22,Filler,2023-07-08
f88050ca,Linda,Johnson,39,Filler,2021-09-10
7a8230aa,William,Jones,36,Filler,2022-03-30
f000db8c,Elizabeth,Brown,59,Filler,2022-11-17
75873012,James,Brown,45,Filler,2023-12-07
3b2221a2,Mary,Jones,52,Filler,2024-09-25
bfab59e8,Michael,Smith,57,Filler,2024-10-03
b8afe275,Linda,Smith,50,Filler,2025-02-16
0cff25d5,Robert,Jones,33,Filler,2022-12-24
51b849fc,William,Brown,40,Filler,2026-02-12
ee66e95b,Jennifer,Smith,34,Filler,2025-03-24
7af3f660,Michael,Jones,50,Filler,2025-10-07
164a0fc6,Elizabeth,Smith,58,Filler,2025-11-13
ad357132,Mary,Smith,51,Filler,2021-11-21
d523126c,Elizabeth,Williams,57,Filler,2021-12-04
36978fe4,John,Jones,45,Filler,2022-10-04
736773e9,Elizabeth,Williams,53,Filler,2024-01-29
605268c0,James,Williams,32,Filler,2021-12-11
0701c1af,Robert,Brown,25,Filler,2025-09-20
8ed14ae3,Elizabeth,Johnson,60,Filler,2025-06-29
da7aa373,Patricia,Johnson,23,Filler,2022-09-22
10fa3d62,James,Johnson,28,Filler,2025-11-03
0921bc0c,Michael,Jones,48,Filler,2023-06-26
1ffb5f4e,Patricia,Williams,49,Filler,2025-03-16
f58ecf95,Patricia,Smith,34,Filler,2025-06-11
cd851d1d,William,Smith,20,Filler,2025-07-28
006d0ddc,William,Smith,26,Filler,2025-01-30
79990abb,John,Johnson,60,Filler,2022-10-23
c1421f20,Mary,Brown,33,Filler,2026-04-11
ecc925fe,Robert,Williams,50,Filler,2024-09-12
bb6c601e,James,Johnson,39,Filler,2024-12-16
84a4fe62,John,Jones,24,Filler,2025-07-18
7a7b5715,James,Johnson,29,Filler,2023-10-30
7583b5c0,Patricia,Johnson,27,Filler,2022-01-29
9e4a60c4,Elizabeth,Johnson,52,Filler,2022-05-27
cb4d211b,James,Jones,18,Filler,2024-05-16
59dc774e,Elizabeth,Williams,33,Filler,2021-12-14
3d4fff3a,Elizabeth,Williams,51,Filler,2026-01-10
ddde4c0b,Mary,Jones,59,Filler,2025-08-21
ff2631c6,Mary,Brown,47,Filler,2025-01-19
8bc4c50b,Patricia,Williams,25,Filler,2022-05-30
3717dd48,Robert,Jones,18,Filler,2026-03-27
8b1eeeed,Linda,Johnson,37,Filler,2024-07-31
cffbfd1c,Linda,Brown,50,Filler,2021-12-10
1b3dbc34,Robert,Brown,59,Filler,2023-05-04
132c4a77,Jennifer,Johnson,30,Filler,2024-04-26
8cac8bda,James,Smith,25,Filler,2021-08-19
1e4d4c84,William,Brown,23,Filler,2023-03-14
ad2db6af,Linda,Jones,57,Filler,2024-04-10
5508ec5a,Linda,Brown,22,Filler,2023-12-26
71cd2120,Robert,Williams,31,Filler,2024-08-16
348f9309,Patricia,Johnson,59,Filler,2024-06-30
977599cf,William,Smith,45,Filler,2025-08-26
bf55cd45,Patricia,Smith,22,Filler,2024-12-20
2b8427cc,Elizabeth,Smith,30,Filler,2025-05-21
0d5c2ec7,William,Jones,59,Filler,2021-09-23
29d6f52c,Michael,Smith,57,Filler,2025-04-06
773ba278,Mary,Williams,40,Filler,2021-08-12
5ce4cdb5,Linda,Smith,25,Filler,2023-09-16
25c7d245,Patricia,Jones,49,Filler,2022-12-26
1b8b57eb,William,Smith,25,Filler,2024-06-04
fb141cdb,Elizabeth,Brown,37,Filler,2022-06-07
e0c4bbd2,Linda,Brown,34,Filler,2024-07-29
4e97dd6b,John,Jones,52,Filler,2025-02-17
5b85cd4c,Michael,Jones,55,Filler,2022-06-25
4363e887,Jennifer,Smith,42,Filler,2021-07-08
4d3670c1,Patricia,Johnson,38,Filler,2025-10-14
8f54fa69,James,Johnson,53,Filler,2025-06-12
76465831,Elizabeth,Brown,50,Filler,2023-04-15
de99e12e,Jennifer,Jones,54,Filler,2026-01-17
1e1020e0,James,Smith,22,Filler,2026-02-20
1e6f7e88,Michael,Smith,60,Filler,2025-02-15
b0038f8c,Michael,Williams,18,Filler,2025-03-31
7a1fbf46,Patricia,Johnson,48,Filler,2023-02-25
82ac6add,William,Jones,47,Filler,2025-12-25
f5dd6b58,John,Smith,19,Filler,2022-06-10
ef39ecd0,Jennifer,Jones,21,Filler,2024-08-22
fe09e83b,Elizabeth,Smith,27,Filler,2025-09-04
600b14b8,Mary,Johnson,45,Filler,2023-05-04
ccda5adc,Patricia,Smith,21,Filler,2024-08-19
ee187d1e,Jennifer,Brown,55,Filler,2024-11-11
06fe1c59,Jennifer,Johnson,53,Filler,2022-11-19
13568e1a,Jennifer,Brown,26,Filler,2024-08-09
6ea4c3bf,Michael,Williams,34,Filler,2026-02-03
5bf474c1,William,Johnson,40,Filler,2025-07-21
94c95b37,Linda,Johnson,45,Filler,2022-03-28
edd81903,Robert,Johnson,35,Filler,2025-12-20
6b32df65,Mary,Jones,59,Filler,2026-05-17
e049905e,Elizabeth,Williams,23,Filler,2025-10-18
11231e62,Elizabeth,Williams,45,Filler,2025-02-09
df914794,Mary,Johnson,40,Filler,2022-11-11
2e69d49d,Elizabeth,Williams,51,Filler,2023-01-30
4e7e43c4,William,Smith,40,Filler,2023-02-22
043d7ddb,Michael,Williams,50,Filler,2026-02-01
92bc1a64,Patricia,Smith,37,Filler,2023-01-25
518ee067,John,Jones,31,Filler,2026-02-13
7316c3e4,Elizabeth,Williams,51,Filler,2025-02-16
749fbd25,Jennifer,Smith,45,Filler,2021-12-28
7391b12b,Robert,Jones,49,Filler,2022-12-29
bed1fe1a,Michael,Smith,41,Filler,2025-03-29
5bba1aab,Jennifer,Brown,50,Filler,2022-02-15
a0737440,Mary,Smith,27,Filler,2022-03-06
0a150ccd,John,Williams,34,Filler,2023-10-15
59ddcd31,Elizabeth,Williams,31,Filler,2024-10-29
c9457c09,Elizabeth,Williams,44,Filler,2023-01-20
ac71bd6e,Elizabeth,Williams,24,Filler,2025-05-02
3cc14dab,William,Jones,57,Filler,2023-02-26
3c0b3095,Jennifer,Brown,27,Filler,2025-06-11
eb125ffd,Michael,Jones,54,Filler,2023-01-25
7116ba50,Mary,Johnson,53,Filler,2025-01-08
614f394b,William,Jones,39,Filler,2025-02-23
d1d95c21,Elizabeth,Williams,46,Filler,2022-10-04
f32f5308,Mary,Jones,54,Filler,2022-08-25
65403988,Patricia,Smith,38,Filler,2024-02-28
c7a5ddb8,James,Johnson,44,Filler,2026-02-15
47aff4f4,James,Brown,34,Filler,2022-05-01
0e7198a6,William,Johnson,25,Filler,2025-10-06
f74017eb,Patricia,Williams,34,Filler,2024-02-28
fbe360df,Linda,Williams,56,Filler,2024-04-15
91533940,Robert,Johnson,38,Filler,2024-10-08
1706d0ef,John,Brown,19,Filler,2022-10-15
c883d89e,Elizabeth,Smith,28,Filler,2025-01-13
f5562b9c,John,Jones,42,Filler,2021-11-23
9148119c,Elizabeth,Jones,27,Filler,2021-10-07
19a48b85,Patricia,Williams,38,Filler,2022-09-03
2058c405,Elizabeth,Smith,31,Filler,2023-08-25
41954c6c,Michael,Williams,31,Filler,2021-12-11
8d81c2cc,Robert,Johnson,45,Filler,2024-10-06
7c19504b,Robert,Johnson,21,Filler,2025-06-21
b733bb4b,John,Smith,44,Filler,2026-01-17
e8503e1e,Patricia,Brown,20,Filler,2025-10-02
3200ea43,Patricia,Williams,34,Filler,2025-12-22
f681a7bc,James,Williams,20,Filler,2024-03-31
096fd881,Robert,Brown,22,Filler,2024-04-11
bf0b0266,Patricia,Smith,53,Filler,2022-07-06
d8ae465a,Mary,Brown,22,Filler,2024-02-13
28d827f5,Jennifer,Williams,60,Filler,2025-12-21
c9530397,Mary,Brown,20,Filler,2021-07-30
1a9e9af7,Patricia,Smith,44,Filler,2022-02-07
83a0e086,Linda,Brown,30,Filler,2024-10-09
0abf7f82,Robert,Brown,29,Filler,2022-11-05
caa86408,Linda,Williams,21,Filler,2024-11-16
1c125fbe,John,Williams,49,Filler,2026-03-04
f511223a,Patricia,Smith,20,Filler,2025-11-21
ef372cc7,Michael,Jones,52,Filler,2022-05-29
0dd954cb,Elizabeth,Johnson,26,Filler,2025-07-12
c2842ff7,James,Smith,25,Filler,2024-10-24
11096367,Linda,Johnson,44,Filler,2021-09-25
197dc31b,Linda,Brown,37,Filler,2021-09-11
bb91928b,Elizabeth,Williams,39,Filler,2026-01-20
8b9c0d68,John,Jones,47,Filler,2025-05-05
6ddc0b85,Patricia,Jones,57,Filler,2021-08-11
2eaae6c3,Patricia,Johnson,19,Filler,2024-09-27
67f32973,William,Jones,42,Filler,2024-08-10
6e8016e5,Linda,Williams,41,Filler,2023-03-25
cc3e63b8,James,Smith,53,Filler,2025-06-14
483d9987,James,Johnson,42,Filler,2023-04-18
b1a121b4,John,Brown,44,Filler,2025-03-26
d83ac453,Mary,Jones,33,Filler,2024-02-19
52eaae7e,Patricia,Jones,51,Filler,2026-04-18
ce2aed07,Jennifer,Jones,50,Filler,2026-02-03
91f940d2,Michael,Jones,52,Filler,2022-03-08
e12fb8b7,James,Brown,19,Filler,2023-12-19
8ade2d2b,Michael,Jones,23,Filler,2021-09-25
dd54bd87,Michael,Williams,42,Filler,2024-03-23
11580a91,William,Williams,32,Filler,2022-12-29
527d8c02,Michael,Williams,35,Filler,2026-04-08
83c60d54,Robert,Williams,41,Filler,2021-06-19
8f855678,Patricia,Johnson,57,Filler,2024-02-12
f7d93f58,Elizabeth,Johnson,31,Filler,2023-09-10
b251afd0,Mary,Brown,29,Filler,2022-12-07
70146ac4,William,Smith,28,Filler,2023-12-07
2b1ccbfe,Elizabeth,Williams,27,Filler,2022-05-11
a175b84c,Linda,Jones,54,Filler,2021-09-17
cc0e6a8d,Robert,Johnson,31,Filler,2021-08-21
58ab7f75,Linda,Smith,29,Filler,2024-09-19
67c83752,Robert,Williams,19,Filler,2025-06-03
e92fbb59,Jennifer,Williams,29,Filler,2023-07-13
d622abf0,Jennifer,Brown,47,Filler,2023-10-20
90b1fc74,William,Johnson,24,Filler,2026-02-16
3058bf7f,Linda,Johnson,56,Filler,2024-12-30
d174fb19,Jennifer,Williams,33,Filler,2024-12-26
c218a540,John,Brown,47,Filler,2023-03-06
c2a0a7ea,James,Smith,32,Filler,2026-03-29
a0186b37,Mary,Smith,51,Filler,2022-06-24
8f4a2395,Linda,Brown,51,Filler,2024-12-25
b1436f14,Linda,Brown,23,Filler,2025-02-22
a3f9aed5,Jennifer,Jones,51,Filler,2023-02-23
916f76c3,Mary,Brown,54,Filler,2021-06-11
74edfa25,Linda,Johnson,24,Filler,2026-05-14
6ed9746c,Elizabeth,Williams,53,Filler,2023-04-15
33cdd7a0,Elizabeth,Smith,43,Filler,2023-03-02
cc27ffb2,James,Williams,47,Filler,2025-10-12
736c60ed,John,Johnson,29,Filler,2022-02-12
3411bd22,Jennifer,Brown,47,Filler,2023-05-06
e4e1240e,Jennifer,Johnson,18,Filler,2023-12-11
406d6fdf,John,Williams,36,Filler,2025-04-06
02aeb0b0,Elizabeth,Smith,38,Filler,2022-09-30
1827e17c,Mary,Brown,32,Filler,2023-03-28
6c7c099c,Jennifer,Brown,20,Filler,2025-10-16
8bad2e1c,Patricia,Smith,50,Filler,2026-03-05
991e3e8b,Mary,Brown,41,Filler,2023-09-23
b7708658,Michael,Smith,42,Filler,2025-08-17
089f808e,Elizabeth,Jones,35,Filler,2025-10-03
753072aa,Elizabeth,Brown,35,Filler,2024-03-25
6d8178ce,Mary,Brown,42,Filler,2024-03-14
416c4510,Patricia,Johnson,54,Filler,2023-05-17
886dd85d,Jennifer,Johnson,50,Filler,2024-03-07
504a1850,William,Smith,22,Filler,2023-08-10
a8319e13,Elizabeth,Jones,50,Filler,2026-03-18
1cac0cdd,James,Smith,58,Filler,2022-05-03
d483bd6d,Robert,Williams,58,Filler,2024-10-05
027c9ad3,Jennifer,Johnson,31,Filler,2026-05-16
0438958c,James,Johnson,60,Filler,2023-08-20
8ad1bac8,Michael,Johnson,23,Filler,2021-06-04
8b9d5f4c,James,Brown,44,Filler,2021-11-13
1c1426bf,James,Johnson,27,Filler,2022-07-11
ef172963,Linda,Johnson,31,Filler,2023-12-28
0706f763,Patricia,Jones,38,Filler,2021-08-30
0aa8943d,Linda,Smith,19,Filler,2024-04-22
3f18981c,Elizabeth,Smith,37,Filler,2025-09-16
6fdf3412,Mary,Johnson,44,Filler,2024-02-05
f65aa5c0,Mary,Smith,50,Filler,2025-10-30
3f13b481,William,Jones,33,Filler,2025-08-15
8d21f3ce,Jennifer,Smith,36,Filler,2026-04-19
3deedae1,James,Johnson,56,Filler,2024-08-06
b2d147d0,Linda,Brown,23,Filler,2024-05-28
cece9756,James,Johnson,60,Filler,2023-12-05
bd539092,Patricia,Johnson,32,Filler,2022-03-15
7ae8bc9b,Mary,Johnson,51,Filler,2024-11-07
f63459b2,Jennifer,Brown,60,Filler,2026-05-08
f64a8020,Robert,Brown,42,Filler,2022-05-25
395458d9,Mary,Johnson,43,Filler,2026-02-17
93261ebf,Patricia,Johnson,30,Filler,2024-06-17
6da400c9,Mary,Johnson,18,Filler,2024-09-12
6a824d57,Mary,Smith,42,Filler,2023-09-18
7145b6da,Patricia,Smith,35,Filler,2022-10-07
75b9ae1b,Michael,Williams,34,Filler,2023-07-04
650aa83e,Robert,Williams,50,Filler,2025-05-30
6ed4e46a,William,Smith,19,Filler,2021-09-24
c7c3888c,Elizabeth,Brown,34,Filler,2021-09-04
951932f5,Linda,Johnson,26,Filler,2026-05-18
469a49ab,Michael,Smith,56,Filler,2025-03-31
f70580fd,John,Jones,27,Filler,2023-11-19
afe1036f,Jennifer,Brown,60,Filler,2024-01-03
9bbd127f,Jennifer,Williams,21,Filler,2023-06-08
e6e476f3,Patricia,Johnson,40,Filler,2023-11-01
23b7128e,William,Williams,27,Filler,2022-07-23
ed4432fe,Michael,Brown,28,Filler,2024-12-30
f1170df9,Robert,Jones,42,Filler,2022-05-14
20661618,Jennifer,Jones,53,Filler,2026-01-09
295d2d73,Michael,Brown,54,Filler,2024-09-03
7a3a289f,John,Brown,52,Filler,2024-11-19
17f4550b,William,Brown,53,Filler,2024-05-24
18976ec5,Elizabeth,Jones,35,Filler,2022-03-03
54da6fec,Patricia,Smith,31,Filler,2024-01-09
a08dd1dc,William,Johnson,54,Filler,2021-09-26
2f9e00b4,Robert,Jones,29,Filler,2024-06-16
9f064562,William,Johnson,56,Filler,2021-09-23
ef77dd0f,James,Smith,57,Filler,2025-11-22
5d3ddccf,Jennifer,Johnson,43,Filler,2025-08-15
e0990e67,Patricia,Smith,34,Filler,2024-06-23
446d6c15,Elizabeth,Johnson,46,Filler,2024-10-28
257ab7a4,William,Johnson,44,Filler,2026-03-15
909fcaf6,Elizabeth,Smith,26,Filler,2023-12-16
86b66197,Jennifer,Smith,53,Filler,2025-12-09
8441eed0,Robert,Brown,19,Filler,2026-02-21
7a6ade16,Linda,Smith,31,Filler,2024-05-16
c1496d17,Jennifer,Jones,24,Filler,2025-05-11
2b8493ee,Elizabeth,Johnson,47,Filler,2025-07-18
42fff322,Elizabeth,Williams,46,Filler,2023-10-27
af06202d,William,Jones,30,Filler,2023-09-25
7c064fc9,Linda,Smith,44,Filler,2025-04-23
849154b6,Michael,Jones,21,Filler,2023-03-28
bf9558a8,Michael,Brown,51,Filler,2025-09-16
6a2fa974,Linda,Brown,31,Filler,2021-10-03
f21b02dc,James,Johnson,35,Filler,2025-11-27
5a9db237,James,Brown,43,Filler,2025-02-22
aca86399,William,Williams,21,Filler,2022-10-20
cde700d6,Patricia,Smith,58,Filler,2022-11-20
a117aac1,Robert,Johnson,30,Filler,2022-03-09
b6d56111,Patricia,Smith,55,Filler,2023-07-15
f31042ef,Jennifer,Williams,37,Filler,2023-02-28
f2c54dae,Robert,Brown,58,Filler,2023-02-01
bea92077,Jennifer,Williams,20,Filler,2022-12-09
1bea412c,William,Brown,30,Filler,2022-07-01
ce32d307,Robert,Smith,51,Filler,2026-01-08
e178081e,Robert,Jones,50,Filler,2025-07-29
5b8601c4,Michael,Johnson,25,Filler,2022-08-04
d97b11be,Robert,Williams,46,Filler,2026-05-22
d70e3a87,Linda,Jones,59,Filler,2025-01-28
9f6b4876,John,Jones,54,Filler,2023-09-14
65d0eb55,John,Brown,31,Filler,2023-11-19
96053641,James,Smith,51,Filler,2024-11-12
e8ee29d6,Michael,Jones,54,Filler,2021-07-01
7089c7bf,John,Williams,30,Filler,2021-05-30
d96640a9,Robert,Jones,37,Filler,2024-11-07
5dca1b57,Patricia,Johnson,59,Filler,2022-12-16
121109c8,William,Smith,58,Filler,2024-08-21
6d0b1c54,Jennifer,Jones,55,Filler,2024-03-30
b415b62f,Patricia,Jones,41,Filler,2026-04-13
983fc1fe,William,Brown,54,Filler,2026-01-17
6ecbeb90,Elizabeth,Smith,48,Filler,2022-05-15
42e7e47a,William,Brown,31,Filler,2024-11-21
75ca9676,Patricia,Smith,30,Filler,2023-01-12
d0425801,Michael,Smith,58,Filler,2026-05-15
c4e1dd61,Jennifer,Johnson,50,Filler,2022-05-07
3557b5ac,Robert,Jones,58,Filler,2023-11-12
c329682f,Patricia,Jones,56,Filler,2024-06-12
2a0761fd,Elizabeth,Jones,25,Filler,2026-05-16
d8583912,John,Smith,37,Filler,2023-04-07
97918fde,James,Brown,39,Filler,2021-07-16
4675944a,Jennifer,Johnson,38,Filler,2025-11-03
e44a7610,Elizabeth,Brown,21,Filler,2022-05-19
f587db95,Jennifer,Brown,32,Filler,2023-09-10
edeb184c,Michael,Johnson,25,Filler,2025-08-15
f53fd421,Patricia,Williams,56,Filler,2024-02-07
efa229a0,Jennifer,Jones,32,Filler,2022-02-19
edbafe45,John,Jones,54,Filler,2024-09-14
827c4e26,James,Johnson,57,Filler,2021-06-21
7744da79,Michael,Williams,54,Filler,2024-02-25
2c0e3fcd,James,Johnson,55,Filler,2022-12-26
372f3379,Jennifer,Johnson,22,Filler,2025-06-04
61dfe1e1,John,Smith,54,Filler,2026-04-04
813248f5,William,Brown,40,Filler,2022-05-01
5c59063e,Robert,Johnson,40,Filler,2024-10-18
9ca2f381,Linda,Brown,29,Filler,2025-12-02
c8eb6c33,Robert,Jones,29,Filler,2024-07-16
c0e856c2,Linda,Smith,43,Filler,2021-06-11
e88fd38e,John,Brown,49,Filler,2022-04-01
7a2c0f6a,William,Jones,34,Filler,2024-05-12
83e89716,William,Williams,33,Filler,2026-01-24
8bc25ddd,Robert,Jones,57,Filler,2023-08-02
e102a57a,Elizabeth,Jones,34,Filler,2026-04-03
561a25d5,James,Johnson,55,Filler,2026-01-02
ab2cc452,Michael,Jones,49,Filler,2024-07-16
7d6fbd75,William,Williams,31,Filler,2024-06-08
9beed852,Robert,Smith,20,Filler,2022-02-18
e6a6e1b9,Robert,Johnson,47,Filler,2025-08-03
5e1f530c,Patricia,Johnson,33,Filler,2022-05-09
a431d534,Linda,Johnson,49,Filler,2024-12-15
3a72b80b,Elizabeth,Jones,47,Filler,2022-04-13
337a48a0,Robert,Jones,41,Filler,2022-04-12
04ec4728,Elizabeth,Jones,29,Filler,2024-11-24
a45968fa,Mary,Jones,56,Filler,2024-02-13
5d69b1dd,Jennifer,Johnson,20,Filler,2023-12-21
1b283f00,James,Brown,40,Filler,2025-02-18
7482996c,Elizabeth,Williams,32,Filler,2022-02-17
c07d5602,Robert,Williams,52,Filler,2026-03-06
be497527,James,Jones,46,Filler,2021-08-08
e823661c,Robert,Brown,54,Filler,2021-07-07
da497b48,Robert,Johnson,37,Filler,2024-09-02
a62ec748,Elizabeth,Williams,28,Filler,2025-11-25
0b26c870,Mary,Johnson,36,Filler,2023-06-29
aef0105f,Patricia,Williams,57,Filler,2021-09-05
8fab251b,Michael,Johnson,44,Filler,2023-04-11
5af23646,Elizabeth,Jones,46,Filler,2024-02-29
a407e04f,Elizabeth,Smith,51,Filler,2022-03-13
b2ce8058,Robert,Smith,26,Filler,2024-03-24
c50f7618,Robert,Johnson,41,Filler,2024-03-11
be5fc7ba,Jennifer,Jones,24,Filler,2025-11-13
591ee314,Mary,Smith,31,Filler,2025-05-26
42ba0dcc,Patricia,Jones,35,Filler,2024-07-21
905c4126,Patricia,Jones,23,Filler,2021-06-29
74552604,Linda,Johnson,56,Filler,2025-10-27
5b71aa7e,Robert,Jones,42,Filler,2026-01-19
4a778b38,Robert,Johnson,57,Filler,2022-05-12
df46c68d,Patricia,Smith,49,Filler,2025-01-17
57ee3845,William,Williams,22,Filler,2026-02-08
0eef04a6,James,Johnson,37,Filler,2023-12-10
ed101ea6,James,Smith,21,Filler,2021-10-08
a1f72e88,Patricia,Jones,52,Filler,2021-11-24
05f648e0,Jennifer,Johnson,51,Filler,2022-12-01
0623be3d,Patricia,Williams,58,Filler,2022-05-24
ab4a4b71,James,Brown,54,Filler,2022-11-10
d6c87947,Mary,Johnson,38,Filler,2022-09-20
a777d54f,Patricia,Jones,28,Filler,2026-02-13
ad70e82d,John,Smith,58,Filler,2021-09-04
2fa2e901,James,Jones,38,Filler,2022-05-09
a61799ff,Elizabeth,Johnson,53,Filler,2025-05-07
68e87e46,Michael,Jones,37,Filler,2022-10-10
7112e9d9,Linda,Johnson,44,Filler,2022-03-20
b30993ff,Michael,Williams,41,Filler,2021-08-11
3327c2cb,John,Brown,52,Filler,2021-08-14
916283c4,Robert,Smith,48,Filler,2025-05-21
1435370e,William,Williams,59,Filler,2022-09-20
eec7e925,Mary,Johnson,27,Filler,2025-09-06
e52c6bfc,Linda,Jones,33,Filler,2024-03-21
a74ef242,Patricia,Smith,26,Filler,2024-01-31
bdc48d22,Patricia,Smith,26,Filler,2024-11-20
9cdc5870,Robert,Williams,28,Filler,2022-07-21
2a90b438,Jennifer,Williams,24,Filler,2025-11-13
0091f7e1,James,Johnson,33,Filler,2022-09-08
ecf47410,Elizabeth,Johnson,20,Filler,2021-07-27
df731d43,William,Jones,27,Filler,2022-04-11
877b0d13,Michael,Brown,32,Filler,2026-02-19
ec0ec5e0,Linda,Brown,46,Filler,2026-05-29
09fe01a1,Mary,Brown,19,Filler,2023-08-13
725c3c84,William,Brown,58,Filler,2021-11-22
ffd24c4f,Jennifer,Smith,32,Filler,2023-05-27
57948dcb,Jennifer,Williams,53,Filler,2023-11-13
ed585a60,Linda,Brown,44,Filler,2025-02-19
c7934c73,James,Jones,22,Filler,2023-11-13
e5888cab,Mary,Williams,37,Filler,2025-12-01
7b978a9f,Linda,Jones,46,Filler,2022-11-30
3e5616b6,Michael,Brown,20,Filler,2023-05-13
0ee381b1,Mary,Brown,26,Filler,2022-04-06
cfd48512,William,Williams,20,Filler,2023-03-24
e8ebaf3e,James,Williams,27,Filler,2025-09-07
2cd6238f,Patricia,Smith,47,Filler,2021-11-08
57a6ca3d,Linda,Williams,35,Filler,2021-11-07
3a357661,Robert,Johnson,23,Filler,2026-05-13
7082cf1a,William,Smith,19,Filler,2023-03-27
5e9a59bd,Linda,Williams,58,Filler,2026-02-17
78a64865,Jennifer,Johnson,48,Filler,2024-06-30
e3b1b654,Jennifer,Johnson,20,Filler,2024-04-25
fe3c3075,Robert,Johnson,44,Filler,2022-05-18
c9163885,William,Smith,32,Filler,2024-09-04
a3920e99,John,Smith,31,Filler,2025-11-25
0c4cb19f,William,Jones,37,Filler,2023-05-15
1bfdd33b,William,Smith,34,Filler,2025-05-27
503b12c2,John,Brown,39,Filler,2026-02-08
e38226e6,Linda,Brown,43,Filler,2023-12-24
8383c92f,Elizabeth,Smith,35,Filler,2024-10-20
e9fe8bea,Mary,Brown,38,Filler,2024-07-15
8ab8e748,Patricia,Brown,30,Filler,2024-11-01
0b7ce388,Patricia,Johnson,24,Filler,2026-02-15
95dfd066,Patricia,Smith,55,Filler,2021-07-12
cb81a3aa,Mary,Smith,24,Filler,2024-03-26
61ad272f,Patricia,Smith,54,Filler,2025-07-18
490b34c7,John,Williams,26,Filler,2026-02-28
2cdb9b31,James,Smith,42,Filler,2025-03-08
0821806a,Mary,Smith,44,Filler,2023-09-07
f3d16368,William,Brown,42,Filler,2025-04-19
9ebb61b9,Michael,Jones,60,Filler,2022-11-23
19963728,Linda,Williams,21,Filler,2025-10-05
5336edb6,James,Williams,20,Filler,2024-04-11
6140072b,John,Johnson,33,Filler,2025-03-03
0fb7e77a,Michael,Brown,48,Filler,2025-03-09
c623e394,James,Johnson,29,Filler,2023-01-17
f52ac8d5,John,Brown,57,Filler,2021-08-06
7441f31f,Patricia,Brown,60,Filler,2026-01-11
f6cc3fa1,William,Williams,58,Filler,2024-12-22
06b20a22,Michael,Jones,55,Filler,2025-05-14
9c50df7d,Linda,Johnson,50,Filler,2024-07-29
70591d74,William,Smith,45,Filler,2022-05-28
9f9f707d,William,Brown,58,Filler,2021-12-10
c89591c4,Mary,Jones,34,Filler,2023-05-08
8709ee12,Mary,Jones,56,Filler,2021-12-04
1870c4bb,John,Jones,49,Filler,2021-08-04
1d400ef7,Elizabeth,Johnson,23,Filler,2022-04-27
dc8c23fd,Patricia,Brown,55,Filler,2023-01-31
a930e644,Elizabeth,Brown,30,Filler,2026-02-17
9aff75f2,William,Johnson,49,Filler,2025-06-29
f7dcaf71,Patricia,Johnson,29,Filler,2025-07-12
ac56547c,James,Johnson,30,Filler,2022-11-17
b4452852,Michael,Smith,34,Filler,2024-05-22
dd99bd82,Elizabeth,Johnson,39,Filler,2022-06-03
1a8cc62e,William,Smith,31,Filler,2025-07-26
5c3801c4,James,Johnson,29,Filler,2025-07-30
3e061004,Michael,Jones,22,Filler,2025-12-23
4d3c86eb,John,Smith,59,Filler,2022-09-06
4e59caf9,Patricia,Johnson,24,Filler,2021-08-08
611147cf,Michael,Brown,51,Filler,2024-02-02
de4e9f87,Michael,Brown,27,Filler,2022-01-15
db84018a,Linda,Williams,34,Filler,2022-11-09
dcc4d999,Jennifer,Johnson,49,Filler,2023-08-18
6c6201c9,Linda,Williams,32,Filler,2022-09-30
1ff5b173,James,Brown,42,Filler,2025-08-03
ace269eb,Mary,Smith,54,Filler,2023-01-23
6ed446bb,Michael,Jones,27,Filler,2026-05-02
5fac4c8c,Robert,Williams,35,Filler,2024-04-30
03d4219f,Robert,Johnson,37,Filler,2023-10-09
e8008ecb,Linda,Brown,48,Filler,2024-05-02
4ae55dbb,Linda,Johnson,36,Filler,2022-05-28
3330947c,Michael,Brown,42,Filler,2024-12-02
37248c41,Jennifer,Johnson,47,Filler,2021-10-11
e93843d8,John,Jones,42,Filler,2023-07-29
9b4e8764,Elizabeth,Jones,50,Filler,2023-09-08
5b9b80ea,Patricia,Johnson,52,Filler,2023-01-06
2e6415f7,Robert,Johnson,38,Filler,2024-12-14
a09d40fd,Jennifer,Brown,30,Filler,2022-03-06
0d1cfe79,Michael,Jones,26,Filler,2023-06-16
99e62796,Patricia,Brown,52,Filler,2021-06-27
81beb34a,John,Smith,39,Filler,2022-07-26
12ac2050,James,Brown,60,Filler,2021-07-10
bf93d196,Linda,Smith,56,Filler,2021-11-22
2d664f83,Jennifer,Jones,42,Filler,2021-11-13
f12ac8e5,Patricia,Smith,57,Filler,2024-10-20
c16f9858,Elizabeth,Smith,47,Filler,2025-03-06
ed7c4b86,William,Jones,26,Filler,2026-01-21
421f0425,Mary,Brown,45,Filler,2024-03-30
27702729,James,Jones,18,Filler,2022-01-13
386afb3a,William,Smith,21,Filler,2023-10-21
653a5607,Patricia,Williams,49,Filler,2023-08-10
96b597d0,Jennifer,Johnson,36,Filler,2021-07-30
187a56a5,James,Johnson,45,Filler,2023-05-19
20eef3a6,Elizabeth,Williams,34,Filler,2022-04-20
667ed11e,Elizabeth,Brown,51,Filler,2022-02-27
0c8bd692,Robert,Johnson,34,Filler,2021-12-20
9bc5f2e2,Elizabeth,Johnson,27,Filler,2026-03-18
64b5685e,William,Johnson,57,Filler,2025-07-28
3edd895e,Elizabeth,Smith,48,Filler,2024-04-24
3133ce7b,Mary,Johnson,30,Filler,2025-08-14
45694951,Mary,Jones,32,Filler,2022-06-22
f3d2cfba,Mary,Smith,38,Filler,2025-02-06
b8f003e3,Elizabeth,Smith,56,Filler,2024-02-02
e30348af,Jennifer,Johnson,44,Filler,2024-07-30
21f79373,John,Williams,28,Filler,2026-04-16
cfc7fabf,Patricia,Brown,22,Filler,2022-01-04
f170daac,Michael,Smith,23,Filler,2023-11-22
1eae214d,Elizabeth,Smith,60,Filler,2023-06-30
e6f54be2,Jennifer,Jones,53,Filler,2024-02-28
2dc0fe08,Linda,Williams,36,Filler,2022-02-07
5f3cc2f0,Mary,Jones,40,Filler,2022-10-12
0146f4b4,John,Jones,42,Filler,2022-04-02
44f86baa,Elizabeth,Jones,36,Filler,2021-11-05
991c2736,Mary,Brown,50,Filler,2023-03-17
041c8300,Patricia,Williams,42,Filler,2021-07-05
550d4f26,Michael,Williams,19,Filler,2025-06-24
26c33b44,Michael,Williams,19,Filler,2024-12-09
0a3942bc,William,Johnson,49,Filler,2025-04-15
ad482f9c,Mary,Williams,41,Filler,2022-11-23
021283b1,William,Brown,32,Filler,2024-01-25
6e17c408,Patricia,Johnson,21,Filler,2023-05-08
42d29370,John,Brown,30,Filler,2025-08-25
d553c919,Robert,Johnson,28,Filler,2023-12-18
96a84878,Jennifer,Jones,25,Filler,2024-11-04
a97167e6,Jennifer,Jones,38,Filler,2023-11-03
4ff36cab,Patricia,Jones,43,Filler,2023-04-22
41552780,James,Brown,37,Filler,2024-03-25
d01ab834,Michael,Brown,23,Filler,2025-04-18
261c28f8,Patricia,Jones,58,Filler,2026-04-05
f3bb6fb2,Patricia,Johnson,25,Filler,2022-10-14
cb2db722,Robert,Brown,29,Filler,2024-05-25
8a6f3500,William,Johnson,30,Filler,2025-07-26
d53e2316,Michael,Johnson,20,Filler,2023-11-19
cdd98979,James,Jones,38,Filler,2025-12-17
59822528,William,Brown,38,Filler,2021-11-07
a9c5fb33,Patricia,Brown,34,Filler,2021-12-17
7a7eabfe,William,Johnson,20,Filler,2026-01-20
8a781b19,John,Smith,55,Filler,2023-04-24
c4b6b685,Robert,Jones,51,Filler,2025-12-17
bad4a7fd,John,Brown,43,Filler,2022-02-12
1b5d4d4f,William,Williams,21,Filler,2023-08-15
558668ac,Mary,Williams,30,Filler,2025-06-11
5acf926f,James,Brown,36,Filler,2024-01-30
7fda3292,Elizabeth,Jones,28,Filler,2022-07-05
3c2b3bcc,William,Williams,49,Filler,2025-09-28
59c999c9,Robert,Smith,43,Filler,2025-01-28
557314be,Patricia,Smith,58,Filler,2026-01-23
80bc9677,Michael,Johnson,26,Filler,2023-09-11
6a524561,James,Brown,25,Filler,2023-08-05
242901f5,Elizabeth,Smith,20,Filler,2022-11-30
81862781,John,Johnson,38,Filler,2025-02-16
7dbd63ac,John,Smith,41,Filler,2026-03-02
9254c328,William,Smith,29,Filler,2024-07-04
87d6e0cb,Jennifer,Johnson,49,Filler,2023-06-05
b7bc2afa,John,Jones,36,Filler,2023-11-21
97b2a50c,John,Johnson,20,Filler,2026-02-17
b31f1a8a,Patricia,Williams,36,Filler,2021-11-19
48470eef,James,Johnson,43,Filler,2025-10-28
06bd4d1e,John,Jones,40,Filler,2022-02-24
394bd6d2,Robert,Williams,43,Filler,2021-10-25
09788315,Jennifer,Brown,51,Filler,2023-07-14
9dba2532,Robert,Williams,34,Filler,2025-05-14
4f61b242,William,Williams,56,Filler,2024-08-30
921e915c,Elizabeth,Smith,57,Filler,2022-02-25
b80740f6,William,Johnson,33,Filler,2022-12-01
ca47f2c2,Elizabeth,Johnson,38,Filler,2023-06-01
87582bc9,Elizabeth,Jones,26,Filler,2023-12-22
98be5257,Elizabeth,Jones,22,Filler,2022-02-14
d22ce65d,Mary,Williams,23,Filler,2024-12-10
91b554f6,John,Johnson,53,Filler,2025-07-09
3d4f96de,Jennifer,Brown,23,Filler,2023-02-17
a55e00de,John,Brown,52,Filler,2023-08-26
c504dcf1,Robert,Brown,39,Filler,2023-06-29
a27f2022,William,Jones,49,Filler,2024-02-19
22fae76d,Elizabeth,Williams,26,Filler,2024-08-23
2a479c41,Linda,Smith,28,Filler,2023-11-24
c97f057b,John,Williams,36,Filler,2023-08-27
9307245a,William,Jones,56,Filler,2023-10-13
bfc6c99f,Michael,Brown,31,Filler,2022-09-22
a4a9e977,Michael,Smith,31,Filler,2025-01-28
b8458e50,William,Smith,53,Filler,2021-09-27
0c1ffd09,Elizabeth,Jones,44,Filler,2022-01-07
dc7595ad,Patricia,Williams,30,Filler,2022-01-28
d8e87e0c,Mary,Jones,28,Filler,2021-11-19
a92e2eee,John,Brown,25,Filler,2023-08-17
82bd3eec,John,Williams,31,Filler,2025-05-21
5d55488d,James,Williams,31,Filler,2025-02-17
528463f9,James,Johnson,58,Filler,2021-12-13
d801fde7,John,Williams,26,Filler,2024-04-12
bda8d745,Michael,Brown,40,Filler,2022-05-27
2b7dac8f,Mary,Brown,27,Filler,2021-08-16
860fbe6a,Robert,Johnson,18,Filler,2024-01-27
dcd93162,William,Jones,18,Filler,2022-11-16
a76ce2f1,Elizabeth,Jones,44,Filler,2022-01-05
85ac7ca5,Robert,Brown,21,Filler,2026-05-02
5f0c9ed2,William,Brown,44,Filler,2022-01-06
f5985059,Linda,Brown,31,Filler,2021-11-28
8c2e66dd,John,Brown,43,Filler,2021-07-09
722997db,Linda,Smith,47,Filler,2024-09-06
f1d7cec7,James,Williams,44,Filler,2023-07-28
db708870,Michael,Johnson,54,Filler,2025-03-04
bfd5f6a8,Mary,Williams,38,Filler,2024-01-26
510c82ba,Jennifer,Smith,20,Filler,2023-02-19
3798320e,Jennifer,Smith,31,Filler,2024-07-30
46b99021,Patricia,Smith,52,Filler,2025-03-25
7e66d8c3,James,Williams,32,Filler,2023-12-16
f2369506,James,Jones,43,Filler,2025-04-04
e4929ca0,William,Brown,41,Filler,2021-11-17
4ae78904,Patricia,Jones,21,Filler,2022-10-12
a57004d7,James,Brown,29,Filler,2023-09-12
6d19cbea,Elizabeth,Johnson,25,Filler,2026-01-05
03d424e6,James,Brown,43,Filler,2026-04-04
0d81c947,Robert,Johnson,50,Filler,2022-06-14
42e8932a,Elizabeth,Johnson,41,Filler,2025-05-11
cc8faa6d,William,Brown,18,Filler,2023-11-20
29cbd069,Mary,Brown,39,Filler,2022-07-26
eac283c3,Jennifer,Williams,55,Filler,2023-07-19
69ce3fca,John,Brown,32,Filler,2021-07-28
513bd912,Patricia,Jones,49,Filler,2023-11-08
8e7da8b6,Linda,Williams,45,Filler,2023-07-20
be4da883,Linda,Jones,55,Filler,2025-04-25
9cc6adc7,Patricia,Jones,46,Filler,2022-10-12
5079f9c3,Jennifer,Williams,46,Filler,2022-04-11
c6015d85,Patricia,Jones,39,Filler,2024-04-14
29ab4194,William,Johnson,56,Filler,2025-12-16
d82f540b,Patricia,Williams,54,Filler,2021-09-23
9a62f6b8,Robert,Brown,32,Filler,2024-07-04
b25b4543,Linda,Brown,26,Filler,2025-03-26
637b5b2b,William,Johnson,42,Filler,2026-03-15
79ca99df,Patricia,Williams,28,Filler,2026-05-16
0750a0b7,Michael,Williams,28,Filler,2023-02-27
800e3257,William,Brown,36,Filler,2022-01-10
0e5ca36e,Michael,Smith,55,Filler,2022-03-15
876a65f0,William,Williams,32,Filler,2022-01-26
222e2439,James,Smith,26,Filler,2024-05-17
1a71c75c,Michael,Brown,25,Filler,2024-03-05
5c8fc576,Michael,Jones,29,Filler,2023-02-18
5518e3b2,Patricia,Smith,42,Filler,2023-08-10
048f833e,Linda,Jones,45,Filler,2024-09-04
f93146c3,William,Brown,59,Filler,2022-04-06
c5c9d80a,Robert,Williams,21,Filler,2023-03-21
1b9ac5ff,Mary,Williams,40,Filler,2023-09-27
ceccb6be,John,Smith,45,Filler,2022-10-08
a3bcd12f,Linda,Brown,31,Filler,2022-11-29
6863b9bd,Robert,Brown,30,Filler,2025-08-07
51c00042,Robert,Johnson,33,Filler,2022-10-30
b029006d,Jennifer,Brown,36,Filler,2025-10-06
25a58f12,Elizabeth,Jones,31,Filler,2025-10-29
c41f1158,James,Brown,45,Filler,2022-08-28
bb11857b,Robert,Johnson,18,Filler,2023-11-15
f50e72fb,Elizabeth,Williams,27,Filler,2026-03-19
48a7ab0b,Mary,Brown,56,Filler,2021-12-15
f673650d,Jennifer,Williams,29,Filler,2021-10-23
99dc4c42,James,Smith,56,Filler,2023-11-15
5aee9281,Linda,Jones,42,Filler,2024-02-05
e5419279,John,Williams,46,Filler,2022-03-12
e843310f,Mary,Smith,18,Filler,2022-11-11
f6bdbe96,James,Smith,58,Filler,2026-04-28
144c33ff,Elizabeth,Williams,24,Filler,2025-07-07
0fb826de,Patricia,Smith,44,Filler,2025-03-31
cf3c533d,Elizabeth,Jones,30,Filler,2023-08-01
8eb8be19,James,Smith,35,Filler,2025-05-06
3e88ce4c,John,Smith,28,Filler,2023-02-04
b608cabe,Mary,Smith,33,Filler,2024-03-09
b06cb15d,Patricia,Smith,34,Filler,2023-01-17
69828270,Elizabeth,Williams,35,Filler,2025-05-11
1cfe0698,William,Brown,19,Filler,2023-01-22
bdb167de,Linda,Williams,22,Filler,2024-06-06
e3548648,Robert,Williams,26,Filler,2025-10-21
db7fb908,Elizabeth,Johnson,21,Filler,2023-12-08
9efb6277,Jennifer,Williams,39,Filler,2025-04-03
0af6c358,Linda,Williams,18,Filler,2023-06-17
739a48be,Robert,Johnson,24,Filler,2021-07-07
08d322ae,Michael,Smith,60,Filler,2026-02-15
b9b163c4,Mary,Smith,26,Filler,2021-06-05
763d1108,Robert,Jones,37,Filler,2022-07-09
349d737a,Jennifer,Brown,38,Filler,2024-02-01
46406a8e,Patricia,Brown,26,Filler,2022-06-24
8ce59432,Linda,Jones,28,Filler,2023-05-01
b551e210,Elizabeth,Smith,30,Filler,2021-10-23
19539ef1,Mary,Smith,43,Filler,2025-02-09
0843c774,Jennifer,Brown,24,Filler,2024-11-26
cbf0b645,Linda,Brown,24,Filler,2022-07-26
f7dbe1e4,Mary,Smith,45,Filler,2025-08-24
37cd5523,Jennifer,Smith,29,Filler,2026-01-14
a52d394d,Elizabeth,Williams,45,Filler,2024-03-13
85c71f0f,James,Brown,54,Filler,2022-05-08
8cb51fb5,Linda,Johnson,47,Filler,2022-06-12
c2e6c0c7,Michael,Jones,34,Filler,2025-06-20
378f2247,James,Brown,28,Filler,2022-02-03
17fd7d8d,William,Johnson,39,Filler,2022-03-16
fd9683b7,James,Johnson,35,Filler,2022-09-05
bd4d3788,Jennifer,Johnson,27,Filler,2025-08-13
33c482b9,Linda,Brown,21,Filler,2024-02-02
cf6f3b71,Jennifer,Jones,49,Filler,2021-09-01
6faf48fa,Robert,Brown,39,Filler,2024-11-30
49f56e43,Elizabeth,Brown,50,Filler,2024-02-20
fc8bd4dd,Mary,Jones,41,Filler,2024-01-29
df4a5033,Jennifer,Brown,22,Filler,2021-09-02
d3ed1b3b,James,Smith,47,Filler,2022-11-03
3f01544a,Mary,Johnson,45,Filler,2023-10-31
4493e409,Linda,Jones,35,Filler,2022-12-28
5a8fb1fa,Elizabeth,Brown,34,Filler,2026-01-31
f6b9cdb5,John,Brown,58,Filler,2025-04-26
c24c66ee,Robert,Jones,18,Filler,2021-08-22
bccc34a7,Linda,Williams,57,Filler,2022-12-22
65b2fdf1,John,Brown,34,Filler,2021-09-27
fc59f52f,Linda,Smith,52,Filler,2023-04-06
c48e0194,Jennifer,Brown,45,Filler,2023-05-06
5fa3099f,James,Jones,20,Filler,2023-08-16
73a73bc9,Patricia,Johnson,42,Filler,2023-08-17
13652ae7,Michael,Williams,53,Filler,2024-04-25
6e23a1ed,James,Johnson,27,Filler,2021-06-13
2cf4dcc9,Mary,Smith,26,Filler,2024-06-27
da11669c,Elizabeth,Jones,55,Filler,2021-10-03
3e3c3617,Elizabeth,Johnson,33,Filler,2022-01-21
b03164cc,James,Brown,19,Filler,2024-08-04
fad419f3,Michael,Johnson,58,Filler,2023-12-05
43a929d3,Elizabeth,Johnson,25,Filler,2022-08-27
f664af97,Linda,Johnson,33,Filler,2023-01-10
e635fb46,Mary,Williams,33,Filler,2021-09-24
13ff0ef2,Mary,Johnson,54,Filler,2025-01-10
bff114ce,Michael,Williams,49,Filler,2025-06-06
eb398a1d,Robert,Smith,33,Filler,2022-08-12
ca958ebd,Patricia,Williams,36,Filler,2023-12-31
b12c37b4,Michael,Smith,50,Filler,2026-01-27
3123531d,Linda,Williams,22,Filler,2025-02-24
efed8a1a,Mary,Brown,33,Filler,2022-01-27
f7f701c2,Mary,Johnson,31,Filler,2021-11-30
8e924600,Elizabeth,Smith,46,Filler,2025-03-07
74473826,Linda,Johnson,27,Filler,2024-03-07
4902fa69,Mary,Johnson,46,Filler,2024-05-21
19f1b6bd,Mary,Johnson,56,Filler,2022-02-04
61fe42ad,William,Brown,40,Filler,2023-11-23
7d735b78,William,Smith,29,Filler,2022-07-28
3ddf2270,James,Brown,50,Filler,2022-07-26
ba38fa01,William,Brown,26,Filler,2023-02-20
07b9a5e7,John,Smith,26,Filler,2025-03-05
63902a1b,Jennifer,Brown,57,Filler,2024-02-08
a5784d4a,John,Johnson,18,Filler,2024-12-21
ca062cdf,Robert,Smith,52,Filler,2023-11-04
5804ada1,Michael,Williams,41,Filler,2024-04-26
d884d373,William,Brown,44,Filler,2023-02-19
415ae06e,Elizabeth,Johnson,24,Filler,2021-10-02
54e624dd,Michael,Jones,54,Filler,2022-12-07
808da043,Jennifer,Johnson,29,Filler,2022-05-05
ae0aeb86,William,Smith,19,Filler,2024-04-07
d50d8c94,Mary,Williams,58,Filler,2024-03-05
1959757b,Jennifer,Brown,54,Filler,2021-12-14
49cc5e6f,John,Williams,53,Filler,2025-06-29
798a00f6,Patricia,Smith,45,Filler,2024-08-13
8f7306b3,John,Johnson,21,Filler,2022-08-05
158d4457,John,Smith,29,Filler,2025-02-07
497b0ccb,James,Johnson,39,Filler,2023-05-10
dd801056,William,Brown,49,Filler,2021-06-08
cf6ed287,Jennifer,Smith,23,Filler,2024-02-27
c54fa201,Elizabeth,Brown,33,Filler,2025-04-29
4d2810da,Patricia,Jones,30,Filler,2025-01-18
95067bb2,Elizabeth,Smith,19,Filler,2024-03-15
db0964ee,James,Brown,23,Filler,2023-10-08
e55b7c32,Jennifer,Williams,54,Filler,2025-02-15
078c2b65,Elizabeth,Jones,31,Filler,2022-06-14
eced95c7,Patricia,Jones,22,Filler,2025-01-24
bd21a8ae,William,Brown,38,Filler,2021-09-16
cc021554,John,Jones,58,Filler,2021-10-30
3daa9c1c,Patricia,Jones,36,Filler,2021-08-30
d4822b9c,Linda,Brown,37,Filler,2021-06-08
ba71a4f3,Elizabeth,Jones,37,Filler,2024-12-30
00fcc92e,Michael,Jones,45,Filler,2023-10-08
d05fcae8,Jennifer,Jones,36,Filler,2021-12-30
cf2f732d,Patricia,Jones,22,Filler,2021-07-24
fa8d0f29,James,Johnson,22,Filler,2025-06-01
6a613bee,Elizabeth,Johnson,60,Filler,2023-12-04
971ac5d5,James,Williams,35,Filler,2025-03-21
1c4ba2f9,John,Williams,60,Filler,2026-03-08
56392b69,Mary,Johnson,25,Filler,2026-01-09
8a0b45e4,John,Williams,20,Filler,2022-02-11
cb229d4b,Jennifer,Williams,22,Filler,2026-01-31
55e778e8,Michael,Jones,53,Filler,2024-09-30
12ea2cef,Michael,Williams,37,Filler,2021-09-21
190dbf06,Robert,Smith,32,Filler,2025-10-30
3c4a27c4,John,Smith,19,Filler,2021-10-24
423cd13f,Elizabeth,Johnson,35,Filler,2025-11-25
92df0092,Robert,Johnson,36,Filler,2021-08-10
2bd158db,Linda,Williams,35,Filler,2025-08-19
117c123d,Elizabeth,Williams,38,Filler,2023-10-04
0f7ce5fc,Jennifer,Johnson,19,Filler,2024-04-29
226b3c12,James,Johnson,33,Filler,2023-08-01
4d26fc0c,Michael,Williams,57,Filler,2023-06-08
4b95f565,Mary,Smith,49,Filler,2024-06-08
fabf120e,Michael,Smith,18,Filler,2022-11-29
95e6a056,Patricia,Smith,38,Filler,2021-07-19
08c32e94,William,Johnson,25,Filler,2023-07-01
66e03e4e,Robert,Williams,19,Filler,2021-12-27
f400dda7,William,Jones,22,Filler,2023-06-23
4c8910af,James,Johnson,21,Filler,2021-08-08
338f197c,James,Johnson,40,Filler,2024-10-23
c8602714,Patricia,Brown,33,Filler,2022-09-12
ec96beec,Michael,Smith,46,Filler,2023-12-17
f6decd28,John,Williams,49,Filler,2022-04-19
f0c20614,Linda,Johnson,56,Filler,2023-03-06
02030277,Mary,Smith,51,Filler,2025-01-12
7d8ffc26,John,Jones,33,Filler,2026-05-08
b0712f9c,Linda,Brown,55,Filler,2022-07-02
9bd3d859,Mary,Johnson,59,Filler,2021-09-12
55bd032e,Patricia,Smith,40,Filler,2024-12-06
070f0ce4,William,Johnson,20,Filler,2022-11-29
d0b5d50b,Robert,Johnson,27,Filler,2025-10-27
5edec128,Linda,Smith,45,Filler,2025-01-21
e529d5eb,William,Smith,53,Filler,2021-09-06
f2c9a091,Linda,Jones,52,Filler,2024-03-31
16647e93,William,Williams,39,Filler,2023-01-02
c3c371ab,Jennifer,Smith,29,Filler,2023-01-03
555be002,Patricia,Johnson,20,Filler,2022-06-16
4de971b5,Patricia,Williams,27,Filler,2025-11-13
77218a00,Jennifer,Williams,30,Filler,2024-09-29
da41bf56,Linda,Johnson,34,Filler,2026-01-09
e133a8a1,Robert,Smith,54,Filler,2026-03-06
927825a6,Michael,Johnson,59,Filler,2025-06-12
05072e7a,Robert,Williams,23,Filler,2021-07-26
04525e38,Mary,Williams,39,Filler,2026-04-06
c73c0b6f,John,Johnson,55,Filler,2024-05-27
a8c2aad2,William,Johnson,35,Filler,2023-07-23
34751b55,Michael,Williams,50,Filler,2022-06-29
11c5f51b,Robert,Williams,58,Filler,2023-09-19
515d36c9,Elizabeth,Brown,48,Filler,2022-08-23
825cd3d3,Elizabeth,Brown,43,Filler,2026-01-24
17e675df,Mary,Jones,29,Filler,2023-07-12
f00c8438,Patricia,Smith,57,Filler,2025-11-18
0f63054e,Jennifer,Smith,20,Filler,2024-02-03
9d80a97f,Robert,Smith,56,Filler,2021-06-16
012f8e6b,Linda,Brown,36,Filler,2025-07-14
4f75daf3,Patricia,Johnson,35,Filler,2024-10-04
e6629cea,Patricia,Williams,53,Filler,2021-12-21
45d0bb7a,Linda,Smith,49,Filler,2024-09-07
67b581e5,John,Smith,36,Filler,2022-07-26
b6498235,Robert,Smith,22,Filler,2025-12-17
99584119,Mary,Jones,50,Filler,2025-11-13
77f12eeb,William,Smith,25,Filler,2024-07-15
54573762,Robert,Williams,19,Filler,2025-10-01
85967f8e,William,Brown,43,Filler,2021-06-21
faa3e8c9,Jennifer,Williams,53,Filler,2025-03-24
6dba7dc1,William,Brown,54,Filler,2025-12-06
83b91e28,Elizabeth,Smith,53,Filler,2022-05-05
64aeda93,Michael,Jones,32,Filler,2022-10-26
c6af746a,Michael,Smith,31,Filler,2023-08-18
e6045086,Patricia,Williams,57,Filler,2023-01-19
eedc6de4,Mary,Jones,58,Filler,2023-02-21
2685bf7c,Patricia,Jones,39,Filler,2024-02-19
2cfd1905,Elizabeth,Smith,24,Filler,2024-12-02
ccf7cee0,Linda,Brown,44,Filler,2024-03-31
54e9591a,John,Jones,50,Filler,2025-11-11
1a391b7d,Michael,Williams,43,Filler,2022-07-13
539d7990,Elizabeth,Brown,24,Filler,2024-10-14
efc515ad,John,Smith,28,Filler,2025-06-24
96d95074,John,Brown,51,Filler,2021-09-10
b3190b1d,John,Jones,28,Filler,2025-07-08
9fe7a121,Jennifer,Brown,42,Filler,2022-12-18
0b584389,Elizabeth,Brown,42,Filler,2026-02-19
b66c74d5,Patricia,Brown,25,Filler,2025-07-13
0490f723,Robert,Williams,46,Filler,2026-03-22
62a76b38,Elizabeth,Brown,31,Filler,2022-06-08
16f8dc95,Linda,Brown,32,Filler,2024-03-06
fcd81633,Robert,Smith,48,Filler,2026-02-16
9445b8b2,Robert,Brown,44,Filler,2025-12-31
a1ddc6c5,John,Jones,60,Filler,2021-12-19
291c3d2e,Linda,Brown,39,Filler,2023-05-29
c599b601,Jennifer,Williams,39,Filler,2025-10-08
a9692e3b,Mary,Brown,43,Filler,2021-12-19
8ac0cc27,Mary,Jones,48,Filler,2023-04-20
78b87904,Patricia,Johnson,55,Filler,2023-10-24
4588d1c7,Robert,Williams,42,Filler,2022-11-18
a565029a,Robert,Smith,55,Filler,2022-03-29
bf9de090,John,Smith,19,Filler,2021-10-29
c207c334,William,Williams,44,Filler,2024-06-24
882f72d8,Robert,Brown,21,Filler,2026-02-24
a110a23a,William,Brown,55,Filler,2022-03-30
34030c75,James,Williams,48,Filler,2026-05-16
71d3219c,Michael,Jones,31,Filler,2022-08-11
faf9b951,Patricia,Jones,54,Filler,2024-06-11
1ba466b6,Elizabeth,Smith,41,Filler,2021-09-22
0db3e543,Linda,Jones,48,Filler,2025-10-10
c3860e87,John,Williams,43,Filler,2024-09-21
3028fdfc,Robert,Johnson,37,Filler,2022-06-18
5b3dc7bb,Jennifer,Jones,56,Filler,2024-04-20
8b8acc9f,Mary,Jones,48,Filler,2025-10-08
0ce13960,John,Jones,23,Filler,2024-04-15
3c7b566d,Elizabeth,Smith,37,Filler,2022-02-28
4b8d5760,John,Smith,26,Filler,2023-04-19
bc81817a,Robert,Johnson,20,Filler,2023-10-22
8d5df7a8,Elizabeth,Williams,43,Filler,2026-01-23
255b8fdc,John,Brown,48,Filler,2023-09-23
72006b4a,Michael,Smith,21,Filler,2025-02-12
944d5939,Patricia,Brown,42,Filler,2023-10-18
2fcba640,Patricia,Brown,34,Filler,2024-05-08
9b6dc461,Jennifer,Jones,60,Filler,2023-10-01
aa917984,Jennifer,Brown,33,Filler,2026-03-21
d8920432,Mary,Johnson,20,Filler,2024-10-29
15aa3462,Jennifer,Jones,50,Filler,2025-10-13
5f283818,Patricia,Brown,59,Filler,2026-04-21
efee0850,Mary,Johnson,20,Filler,2022-10-20
9efb635b,Patricia,Jones,50,Filler,2022-07-16
1736eee5,Michael,Williams,21,Filler,2026-04-15
afed82ed,Robert,Brown,58,Filler,2022-02-27
5cbc6491,William,Williams,42,Filler,2023-07-06
8b6bdded,Robert,Johnson,52,Filler,2024-06-13
184634bd,William,Williams,46,Filler,2022-02-19
4aeb854c,Linda,Johnson,52,Filler,2022-10-08
d590327e,Robert,Johnson,57,Filler,2024-09-28
8d1d53fc,William,Johnson,29,Filler,2022-02-26
8f01309d,Michael,Johnson,18,Filler,2022-02-01
4c1e5a44,John,Williams,47,Filler,2023-07-17
c742f4cc,Robert,Smith,19,Filler,2025-10-31
c904a699,Patricia,Johnson,29,Filler,2022-12-20
b8202e99,Elizabeth,Williams,24,Filler,2022-12-12
7faf2ba2,Linda,Brown,23,Filler,2026-04-14
029a0370,Patricia,Smith,43,Filler,2024-07-25
b0975d67,Patricia,Smith,38,Filler,2025-07-23
ec4650ef,James,Johnson,28,Filler,2023-01-27
ebc6108a,Robert,Williams,31,Filler,2023-10-10
4f60b159,Jennifer,Jones,57,Filler,2025-05-19
8dce0469,William,Williams,31,Filler,2025-05-10
2d87f857,Linda,Jones,44,Filler,2025-05-03
1bba6bbc,James,Brown,24,Filler,2024-12-28
f4c113e2,Michael,Williams,22,Filler,2023-05-22
81860603,William,Jones,34,Filler,2026-03-02
f0f47ee9,Robert,Jones,44,Filler,2023-02-09
c888e6bc,Linda,Williams,34,Filler,2025-03-26
40a3ee5c,William,Williams,59,Filler,2023-04-26
d7a19e4f,James,Johnson,50,Filler,2023-02-13
d1698a7a,Mary,Johnson,32,Filler,2023-06-03
9d4b2f81,Jennifer,Jones,35,Filler,2021-07-16
a220e232,Elizabeth,Johnson,19,Filler,2023-10-09
b3aaadaa,Mary,Jones,38,Filler,2025-07-17
31a9324e,Robert,Smith,21,Filler,2021-11-14
8d1efef1,Patricia,Smith,27,Filler,2026-05-14
6907449c,John,Brown,21,Filler,2022-10-11
4a5c197d,Robert,Jones,54,Filler,2021-10-26
2cfb0283,James,Smith,51,Filler,2023-04-12
9807db68,Robert,Jones,23,Filler,2022-07-25
9e331579,Linda,Williams,47,Filler,2024-05-22
e9e86b4c,James,Brown,55,Filler,2022-06-19
76d07efd,Robert,Smith,44,Filler,2025-01-08
6e56ebe7,Elizabeth,Brown,52,Filler,2022-08-29
b9133af8,Patricia,Williams,51,Filler,2021-10-07
de5427bc,Michael,Williams,20,Filler,2021-11-01
27630599,Patricia,Smith,38,Filler,2023-05-05
5fcbcfe2,Linda,Johnson,39,Filler,2025-07-25
d8f683b7,William,Smith,36,Filler,2023-02-05
eba4327a,John,Brown,22,Filler,2024-03-24
248da560,Linda,Johnson,41,Filler,2025-11-02
fb7759c7,Michael,Smith,21,Filler,2024-08-20
c0bd35ae,Jennifer,Jones,23,Filler,2021-06-15
8e57e35a,Mary,Jones,27,Filler,2025-07-04
8d9f2248,Robert,Jones,43,Filler,2021-05-31
316657a2,Linda,Jones,57,Filler,2021-08-23
c2e2ec56,James,Jones,55,Filler,2023-12-15
3250119a,Jennifer,Jones,24,Filler,2022-02-21
b4063487,William,Brown,22,Filler,2022-07-12
720573ce,Patricia,Brown,20,Filler,2021-05-31
c1ef3413,Elizabeth,Johnson,43,Filler,2022-04-17
1f73627e,William,Johnson,19,Filler,2024-08-08
3a2f5d08,William,Smith,19,Filler,2024-03-24
f1fd19aa,Robert,Jones,56,Filler,2024-09-23
ac802169,John,Smith,25,Filler,2023-07-08
88db531d,William,Williams,25,Filler,2023-10-01
2d771fdb,Patricia,Jones,52,Filler,2022-02-04
d0b5a120,Linda,Williams,57,Filler,2025-06-25
54e5c3d9,Mary,Jones,28,Filler,2021-09-16
6c1def1c,Mary,Smith,42,Filler,2023-07-03
4cbe0c1c,Michael,Johnson,36,Filler,2023-02-19
5935fd12,Mary,Brown,37,Filler,2023-06-05
853e83a3,Elizabeth,Johnson,26,Filler,2024-10-10
8b5a786b,Mary,Williams,33,Filler,2024-08-12
82fa6b7f,Michael,Smith,29,Filler,2025-11-10
62c44f05,James,Brown,53,Filler,2022-04-19
134cf15e,Michael,Johnson,43,Filler,2024-11-24
363f1f26,Robert,Smith,54,Filler,2023-09-19
fa9b77d7,Elizabeth,Smith,53,Filler,2023-10-09
322de6c0,Robert,Jones,58,Filler,2021-12-07
9d454bf4,Jennifer,Smith,50,Filler,2025-01-12
ab210b8d,Linda,Jones,27,Filler,2025-01-17
08c6f229,William,Smith,46,Filler,2022-08-20
0f33ef3b,John,Williams,22,Filler,2025-03-26
3639a2a6,William,Smith,43,Filler,2022-09-21
9299af2c,Michael,Johnson,24,Filler,2022-03-03
9dba2942,Michael,Williams,50,Filler,2024-02-24
0115f674,Michael,Smith,43,Filler,2022-05-17
d7d7d9bc,Linda,Williams,36,Filler,2024-10-29
af054349,Michael,Williams,34,Filler,2025-08-08
b7b62bcb,Michael,Johnson,52,Filler,2023-06-01
b139ba44,Jennifer,Brown,22,Filler,2025-11-12
33b7e7cc,Robert,Jones,59,Filler,2025-02-07
9b3a1c59,John,Williams,20,Filler,2024-05-14
8213a34e,Linda,Williams,47,Filler,2024-11-21
552178b7,Linda,Johnson,45,Filler,2023-02-24
0b789672,Michael,Jones,22,Filler,2021-11-24
63574b51,Linda,Williams,38,Filler,2023-01-06
0b43a232,Mary,Smith,39,Filler,2021-08-05
fd43f1f5,John,Johnson,36,Filler,2025-09-20
4c13a3df,James,Brown,48,Filler,2022-04-10
d3234569,Elizabeth,Brown,44,Filler,2022-01-09
ba4dc853,Linda,Brown,40,Filler,2026-04-27
be576dc4,Jennifer,Jones,28,Filler,2022-07-05
f4d6198d,John,Johnson,27,Filler,2024-09-20
a43588c7,Michael,Smith,30,Filler,2021-12-10
1147aa04,Jennifer,Smith,57,Filler,2023-10-03
6fa05241,Linda,Williams,21,Filler,2021-06-05
a0ce6751,Elizabeth,Williams,57,Filler,2023-06-02
b6494b35,John,Jones,53,Filler,2022-12-09
081a3b9f,James,Johnson,45,Filler,2022-01-08
a28da84a,William,Johnson,34,Filler,2025-02-19
ee83c923,James,Smith,18,Filler,2025-06-03
4ef58505,Jennifer,Johnson,19,Filler,2025-04-08
795bf142,Mary,Smith,42,Filler,2024-01-26
a6d634cf,Jennifer,Jones,23,Filler,2023-05-03
1706a7b2,Robert,Williams,30,Filler,2023-10-09
e7239567,Patricia,Brown,33,Filler,2026-02-20
48a2839e,Elizabeth,Johnson,36,Filler,2024-07-09
03b0f629,Patricia,Johnson,36,Filler,2026-05-27
b66c617d,Elizabeth,Jones,35,Filler,2026-03-23
b8c131ab,James,Johnson,48,Filler,2021-10-16
589174c9,Patricia,Jones,27,Filler,2023-12-13
620b080c,Elizabeth,Smith,60,Filler,2024-12-03
4bb55b25,Elizabeth,Johnson,40,Filler,2025-09-25
f40a7e5a,John,Williams,30,Filler,2021-11-26
4ce60043,Jennifer,Brown,39,Filler,2024-05-31
254912fe,James,Brown,49,Filler,2024-10-13
ffe9203c,Robert,Jones,33,Filler,2023-03-08
82430e37,Michael,Smith,55,Filler,2022-11-02
4659316e,Linda,Jones,44,Filler,2024-09-30
36801d91,Mary,Jones,30,Filler,2023-08-30
10e96475,James,Jones,18,Filler,2023-04-05
04de5b1a,John,Brown,48,Filler,2021-08-07
1d72a989,Jennifer,Brown,50,Filler,2025-05-25
7840ba9a,Mary,Smith,39,Filler,2024-11-17
18d938d6,Jennifer,Jones,41,Filler,2021-09-11
bb14edef,Linda,Williams,35,Filler,2026-02-15
aa276d4e,Jennifer,Jones,58,Filler,2023-09-29
461ffde8,John,Brown,23,Filler,2025-11-24
195c76f6,Robert,Brown,23,Filler,2025-08-07
b646a226,William,Williams,44,Filler,2023-02-05
707c05ef,Mary,Jones,60,Filler,2022-10-26
e42d0d07,Robert,Brown,31,Filler,2021-10-14
359fd13f,Linda,Smith,25,Filler,2025-10-09
acb5149b,William,Williams,35,Filler,2023-06-26
5d479e45,Jennifer,Johnson,55,Filler,2023-08-21
69cf51e7,Elizabeth,Brown,19,Filler,2024-02-03
f6bb3d8d,William,Smith,53,Filler,2023-11-11
a5a3f175,Patricia,Johnson,30,Filler,2023-07-02
eef83ae2,John,Jones,20,Filler,2024-04-23
8ec48de1,Linda,Brown,26,Filler,2022-01-16
5fb5504a,Robert,Smith,43,Filler,2026-03-15
277f9fa2,William,Williams,27,Filler,2024-01-10
94ceb881,Jennifer,Smith,26,Filler,2025-06-16
544f7278,James,Smith,39,Filler,2024-11-29
4562467d,John,Brown,47,Filler,2022-01-17
1a200497,Elizabeth,Jones,47,Filler,2025-03-29
691f81e0,Linda,Johnson,24,Filler,2022-12-22
78ab6b76,William,Johnson,45,Filler,2026-05-16
fbf260cc,Michael,Johnson,44,Filler,2022-03-25
97f5eb20,Jennifer,Brown,46,Filler,2026-01-26
e9ba2553,Patricia,Williams,18,Filler,2023-08-29
0e9f9114,William,Williams,35,Filler,2023-08-28
4d7aaafb,William,Williams,58,Filler,2025-05-26
6b507339,Patricia,Williams,37,Filler,2022-05-18
7d659965,James,Williams,48,Filler,2025-09-10
fafe5078,Jennifer,Brown,48,Filler,2025-11-27
4f1f278e,John,Johnson,35,Filler,2024-11-14
b58876cf,Patricia,Williams,46,Filler,2025-03-18
a4ad02ac,Elizabeth,Williams,49,Filler,2023-03-18
f6f7c466,Patricia,Brown,49,Filler,2021-08-27
ee39c25b,Mary,Williams,39,Filler,2023-10-08
d3099453,James,Brown,27,Filler,2024-07-23
685e1cf4,Patricia,Williams,47,Filler,2021-12-12
8b97307d,Michael,Smith,50,Filler,2024-02-06
91546a22,Robert,Williams,20,Filler,2024-11-25
36459c7f,John,Jones,36,Filler,2025-03-26
d212619e,Michael,Johnson,60,Filler,2025-01-18
8b1d0510,William,Jones,54,Filler,2025-12-01
9e57ca1d,Patricia,Brown,46,Filler,2026-02-15
8278c8cf,Mary,Brown,37,Filler,2026-05-08
45879eda,Mary,Johnson,59,Filler,2025-01-07
631f04cf,Mary,Brown,53,Filler,2025-06-13
1457abb7,James,Smith,47,Filler,2025-11-30
92f4e966,Linda,Jones,25,Filler,2023-07-14
30be30e1,Mary,Smith,51,Filler,2022-12-08
0a945ae4,Linda,Williams,31,Filler,2024-11-24
0932b69e,James,Brown,34,Filler,2026-03-10
b4a1a9d2,James,Brown,37,Filler,2022-08-04
3475b840,John,Williams,23,Filler,2021-05-30
387e82f0,Linda,Smith,56,Filler,2024-09-26
a171df20,James,Smith,52,Filler,2023-06-14
c1317172,John,Jones,53,Filler,2026-02-06
106dba9b,Jennifer,Williams,57,Filler,2023-06-23
a017a181,John,Jones,55,Filler,2021-08-21
e485190a,Elizabeth,Smith,33,Filler,2021-06-10
b46244b1,James,Smith,33,Filler,2021-06-08
3966363a,John,Williams,55,Filler,2025-07-06
ca3611b5,Michael,Jones,22,Filler,2025-07-06
9cbabec3,Mary,Brown,35,Filler,2021-08-06
f48e4a04,John,Jones,60,Filler,2022-11-27
49d23b9f,Elizabeth,Williams,27,Filler,2025-02-07
e4de5dd3,James,Smith,20,Filler,2023-08-01
a722175d,Linda,Jones,59,Filler,2025-03-16
36ad946c,John,Johnson,54,Filler,2022-07-09
7a1e9f83,John,Brown,49,Filler,2022-12-22
aba84a30,John,Jones,48,Filler,2022-11-15
810296c9,Linda,Williams,45,Filler,2021-06-02
0af0b471,Jennifer,Smith,43,Filler,2023-09-24
ad671fc0,Jennifer,Williams,50,Filler,2023-01-03
4c667ca6,James,Jones,55,Filler,2024-02-03
a6a210fc,John,Williams,18,Filler,2022-01-05
62211da4,Patricia,Johnson,48,Filler,2025-04-23
2d1fe014,James,Williams,22,Filler,2023-03-21
258efb3f,Jennifer,Jones,47,Filler,2022-07-29
e42e78f6,Michael,Johnson,38,Filler,2023-09-07
cbbdca75,Mary,Williams,21,Filler,2024-01-26
fd08a897,Mary,Jones,24,Filler,2022-11-20
43f09622,Jennifer,Williams,38,Filler,2022-11-20
a5020f73,John,Williams,23,Filler,2024-02-02
ba7f5286,Linda,Johnson,38,Filler,2025-05-10
25a6c09e,Patricia,Smith,52,Filler,2024-02-26
d6d7c263,Michael,Jones,28,Filler,2023-05-14
82ad8eec,Patricia,Brown,21,Filler,2025-07-29
3c601b4f,Patricia,Brown,49,Filler,2025-10-07
f5f3f19c,Elizabeth,Smith,52,Filler,2023-02-28
ee0cd995,Michael,Jones,34,Filler,2021-08-10
e4ef45b9,Linda,Johnson,18,Filler,2021-12-23
fb8c403f,John,Williams,58,Filler,2024-01-01
21def6a0,Michael,Smith,22,Filler,2024-12-10
a1b0b49c,Michael,Jones,52,Filler,2025-08-01
83678dfa,Mary,Brown,33,Filler,2025-06-21
0fe45e69,Elizabeth,Williams,47,Filler,2022-03-14
c1a8158f,Jennifer,Williams,59,Filler,2023-03-07
cb0a7650,John,Smith,51,Filler,2021-11-11
289b2ee8,James,Smith,56,Filler,2021-06-12
5593f491,Mary,Smith,56,Filler,2022-04-14
f8ce95d0,Jennifer,Brown,21,Filler,2024-07-01
a058ce4b,Mary,Smith,53,Filler,2022-04-21
138357ad,William,Williams,56,Filler,2026-01-27
04f68632,William,Smith,54,Filler,2025-08-08
fc9d8499,James,Smith,27,Filler,2024-04-17
ea38c2bb,James,Brown,36,Filler,2023-11-26
885507b8,Linda,Jones,54,Filler,2021-12-16
c12a0ae6,Michael,Johnson,22,Filler,2023-03-05
53a29ceb,Jennifer,Johnson,36,Filler,2024-11-23
4ce3b57b,William,Brown,53,Filler,2024-01-11
83b94ee5,James,Johnson,42,Filler,2024-12-20
f959ac10,Jennifer,Smith,26,Filler,2025-10-15
768db140,Mary,Johnson,60,Filler,2025-05-13
885daec3,Mary,Johnson,59,Filler,2025-11-07
b728af61,James,Jones,36,Filler,2024-05-02
103cc0ed,Jennifer,Johnson,60,Filler,2026-03-15
dc67ba40,James,Brown,50,Filler,2025-09-17
53488c66,Patricia,Johnson,37,Filler,2021-11-20
270e486b,James,Williams,57,Filler,2025-08-25
81118237,Robert,Jones,43,Filler,2021-08-24
5fd54b66,Robert,Brown,23,Filler,2023-07-20
7ad74f6b,Jennifer,Brown,37,Filler,2021-12-14
692a6da5,Linda,Jones,19,Filler,2024-10-26
042219b5,Robert,Jones,41,Filler,2025-12-20
1ecac9ee,Mary,Smith,31,Filler,2022-04-18
d5d09b16,Jennifer,Johnson,40,Filler,2023-09-04
2c67f40e,Elizabeth,Johnson,33,Filler,2023-04-10
722ab719,Patricia,Brown,39,Filler,2025-11-30
519ccb46,John,Johnson,56,Filler,2022-03-18
3eccf570,Robert,Jones,46,Filler,2025-02-16
5ccac3e9,James,Smith,32,Filler,2023-07-25
cf2c652f,Robert,Jones,53,Filler,2022-05-12
4e8d5202,Robert,Brown,46,Filler,2025-11-18
c7ab25a4,William,Williams,53,Filler,2022-11-04
ca352f73,Linda,Brown,48,Filler,2022-05-07
837bbf88,Patricia,Jones,24,Filler,2023-04-28
29e16a8c,Michael,Jones,56,Filler,2023-09-03
98c57a97,James,Jones,52,Filler,2023-05-09
53266d60,William,Johnson,46,Filler,2024-06-28
7fe8e163,Mary,Johnson,20,Filler,2025-06-06
8213c208,Linda,Jones,19,Filler,2026-04-20
0fc073d3,Jennifer,Brown,29,Filler,2023-08-23
26ac6091,Mary,Smith,25,Filler,2024-06-06
d3edcc46,Patricia,Brown,26,Filler,2021-09-10
8e16c053,William,Brown,52,Filler,2024-12-30
d40919f1,John,Williams,46,Filler,2021-12-06
d8f08994,James,Williams,52,Filler,2021-10-16
f11caf49,Linda,Williams,52,Filler,2021-11-19
9b57cc5e,Jennifer,Brown,22,Filler,2023-02-16
3f4e8bc0,Mary,Williams,50,Filler,2023-09-14
a6000bbe,Michael,Brown,39,Filler,2023-07-25
68bb48b0,John,Williams,42,Filler,2026-04-19
7ac87734,Elizabeth,Smith,34,Filler,2025-06-06
2b1d8623,William,Johnson,56,Filler,2026-04-13
c5faaddf,William,Williams,36,Filler,2022-12-21
c77fe799,James,Smith,21,Filler,2025-09-13
78b388e5,Patricia,Williams,51,Filler,2024-09-20
930b943f,Elizabeth,Jones,53,Filler,2025-04-23
226e3c06,John,Jones,46,Filler,2025-07-21
402dc846,William,Smith,53,Filler,2021-12-03
09d3ee02,William,Jones,37,Filler,2025-08-25
e50f4825,Elizabeth,Williams,20,Filler,2023-10-16
64373173,Patricia,Smith,28,Filler,2024-05-02
d2216b67,Patricia,Johnson,42,Filler,2024-09-26
dbd5ff99,Jennifer,Johnson,27,Filler,2022-06-08
57ac066a,Michael,Brown,46,Filler,2025-12-30
f6e165d7,Patricia,Smith,41,Filler,2023-11-01
e568bf8f,Jennifer,Smith,44,Filler,2023-09-04
0c466441,William,Johnson,41,Filler,2025-08-24
2673dde7,Robert,Brown,55,Filler,2022-09-18
0cd6be3a,John,Jones,55,Filler,2026-02-20
3da3cb85,William,Brown,37,Filler,2022-03-04
9b35365f,Linda,Johnson,44,Filler,2022-12-21
d339f9f4,Robert,Smith,21,Filler,2022-05-13
71775cc5,Jennifer,Williams,54,Filler,2024-07-22
b56c15d1,Jennifer,Brown,29,Filler,2025-01-28
6f157d08,William,Williams,32,Filler,2022-09-23
01e60d69,William,Jones,34,Filler,2023-06-18
bc76bfb4,Michael,Williams,56,Filler,2021-08-02
ba705c28,James,Williams,38,Filler,2023-11-23
42c1dbb2,Patricia,Jones,50,Filler,2022-11-24
97a55e93,Robert,Smith,27,Filler,2022-09-24
95ad72e9,Patricia,Johnson,58,Filler,2021-08-10
e3cc04c4,Patricia,Smith,20,Filler,2025-01-30
69806003,William,Brown,38,Filler,2021-11-21
6c0c6341,Jennifer,Brown,55,Filler,2025-04-17
83417e31,Patricia,Brown,33,Filler,2026-04-26
0bdad84c,Michael,Johnson,56,Filler,2025-12-02
d558916d,Patricia,Jones,27,Filler,2022-05-17
16766d6e,John,Brown,19,Filler,2024-04-16
6f4ac161,Jennifer,Smith,41,Filler,2025-02-08
defc9558,Jennifer,Jones,39,Filler,2022-07-03
b9444c8a,Mary,Smith,31,Filler,2023-12-19
3fbb82e8,Patricia,Smith,18,Filler,2023-06-03
7a280fce,Robert,Williams,48,Filler,2025-09-16
0505275d,Elizabeth,Smith,18,Filler,2025-06-26
625c153b,Patricia,Williams,55,Filler,2023-12-06
74fdee14,Jennifer,Smith,45,Filler,2026-04-23
a9a1d2c7,James,Jones,58,Filler,2025-11-13
34d6e5ef,Jennifer,Smith,56,Filler,2024-05-30
50b3f25f,James,Jones,54,Filler,2021-09-11
81bea098,William,Johnson,41,Filler,2022-12-20
8f8279c8,Jennifer,Smith,26,Filler,2026-03-11
cb29f940,William,Brown,47,Filler,2023-05-31
3eff0cb3,Linda,Jones,52,Filler,2023-04-16
472dac83,Patricia,Williams,59,Filler,2025-03-10
51d5c0c0,Jennifer,Johnson,50,Filler,2021-12-06
88d3c354,Elizabeth,Smith,31,Filler,2022-09-30
c6e42a43,Michael,Smith,36,Filler,2022-02-24
770cd791,William,Smith,46,Filler,2021-08-20
3423d8b2,John,Brown,41,Filler,2025-05-20
82a138eb,Robert,Brown,39,Filler,2025-11-08
2a0482a1,Robert,Williams,58,Filler,2025-10-11
c4f40632,John,Williams,49,Filler,2024-07-09
7ea5702c,Elizabeth,Williams,22,Filler,2022-08-01
d9951390,James,Smith,40,Filler,2022-10-24
484dab0d,Mary,Johnson,43,Filler,2022-05-22
ef936412,Linda,Jones,58,Filler,2025-02-21
8a90c4a4,Patricia,Smith,45,Filler,2026-03-20
fc01603c,Elizabeth,Johnson,58,Filler,2022-08-03
1e1f6855,Robert,Brown,27,Filler,2021-09-18
1e2f1014,William,Williams,45,Filler,2023-02-06
795ae4a1,Elizabeth,Smith,52,Filler,2025-01-30
eceb7eed,Robert,Smith,53,Filler,2022-03-30
1f27b8cc,Mary,Brown,50,Filler,2021-11-20
6dca1b76,Linda,Jones,55,Filler,2023-09-16
93c28eeb,Michael,Johnson,49,Filler,2026-05-20
2a8d9163,Robert,Smith,41,Filler,2024-08-18
3b070b41,James,Jones,58,Filler,2025-09-07
3da0865f,Jennifer,Johnson,41,Filler,2022-04-22
0950835a,James,Williams,49,Filler,2022-08-16
170e03c7,Patricia,Jones,51,Filler,2025-02-11
a012a54c,James,Brown,57,Filler,2025-01-30
d65a4e4d,Patricia,Johnson,52,Filler,2025-08-20
bfa3313d,Robert,Johnson,58,Filler,2022-06-30
a7fbda6b,Robert,Brown,33,Filler,2025-04-17
d76e3cf1,James,Williams,58,Filler,2025-09-08
2e378b34,William,Johnson,40,Filler,2022-09-09
424f9f0f,Linda,Johnson,35,Filler,2024-04-08
ee590483,Robert,Smith,57,Filler,2023-04-24
930eff14,Linda,Williams,49,Filler,2022-12-17
18b286a7,James,Johnson,30,Filler,2022-01-10
f3dea34f,Linda,Brown,39,Filler,2025-12-05
a71dfd2d,James,Brown,54,Filler,2024-06-03
480ff89f,Elizabeth,Williams,39,Filler,2022-12-06
03b2c0ec,William,Smith,60,Filler,2026-05-11
c6cd9053,James,Williams,22,Filler,2022-12-14
739d7f43,Mary,Smith,33,Filler,2023-09-13
63a6a6db,Elizabeth,Smith,52,Filler,2023-04-09
8bdb4e9a,Linda,Brown,60,Filler,2025-09-09
b47dc2c4,Mary,Jones,20,Filler,2024-07-16
7ad171af,William,Williams,22,Filler,2023-01-31
0a0947ea,Linda,Smith,22,Filler,2023-07-04
1942e4c2,Michael,Brown,27,Filler,2025-03-21
a76a4ceb,James,Jones,48,Filler,2023-11-05
60b7e20f,James,Williams,38,Filler,2022-01-16
cef5312a,Elizabeth,Smith,41,Filler,2024-06-22
dc74b9ae,James,Brown,34,Filler,2022-01-10
d8f3a0d8,Jennifer,Brown,44,Filler,2021-12-23
70c91c47,Michael,Jones,39,Filler,2025-11-26
21a5b10b,John,Jones,21,Filler,2021-07-14
dda0cc95,Jennifer,Smith,23,Filler,2022-12-04
9c48af33,John,Williams,20,Filler,2025-07-22
a18160d5,Mary,Brown,34,Filler,2022-12-01
9c2d53c0,Jennifer,Jones,36,Filler,2023-05-19
b7061f5a,Patricia,Brown,33,Filler,2022-08-09
e095c4eb,James,Brown,55,Filler,2024-12-21
189215f4,William,Smith,20,Filler,2021-06-17
4c86598f,Michael,Williams,54,Filler,2025-04-20
787c3052,Patricia,Jones,31,Filler,2024-03-19
8d13c67e,James,Brown,31,Filler,2025-05-25
ba3126b8,Patricia,Jones,40,Filler,2024-05-09
faff314c,Linda,Jones,53,Filler,2023-06-17
ef587104,Robert,Johnson,24,Filler,2023-09-18
37beb562,Robert,Johnson,37,Filler,2024-11-22
5f8df3d5,Mary,Smith,37,Filler,2022-05-11
9adc9e85,William,Jones,38,Filler,2022-12-12
47183f38,Robert,Smith,41,Filler,2021-09-08
62868f21,Robert,Jones,21,Filler,2023-01-09
e612e368,John,Smith,54,Filler,2022-08-15
6f28aea8,Linda,Johnson,41,Filler,2023-12-30
9b5c4dce,Mary,Williams,44,Filler,2023-06-02
ad2d17fc,Linda,Brown,32,Filler,2022-10-04
1bb15e21,Linda,Williams,56,Filler,2022-08-20
8430cb28,Elizabeth,Johnson,41,Filler,2021-11-17
c54f3f4d,James,Jones,42,Filler,2025-05-17
41e617bf,Michael,Smith,44,Filler,2021-06-30
f8886a68,Linda,Williams,24,Filler,2023-03-31
55b287f8,Linda,Brown,25,Filler,2024-06-24
76a95d41,Robert,Jones,56,Filler,2024-07-01
a3318fe7,Elizabeth,Brown,24,Filler,2024-08-01
7e66ec35,Elizabeth,Williams,35,Filler,2021-06-12
cb971b24,Patricia,Williams,58,Filler,2021-08-27
1737d717,James,Williams,43,Filler,2022-09-15
17fd7124,James,Jones,41,Filler,2025-12-01
4b45c650,Elizabeth,Brown,21,Filler,2021-10-15
51de9707,William,Johnson,35,Filler,2023-07-18
843842cb,Mary,Johnson,52,Filler,2025-01-09
445390c7,Elizabeth,Smith,20,Filler,2025-10-15
ac0c1d6f,John,Brown,52,Filler,2025-03-28
37143d26,Michael,Smith,32,Filler,2026-02-06
a59c222a,Elizabeth,Jones,40,Filler,2026-05-19
c181de46,Michael,Jones,27,Filler,2024-11-19
da8b43f8,Elizabeth,Johnson,29,Filler,2024-04-15
e77b258a,Elizabeth,Jones,58,Filler,2024-04-15
e6db4a87,Michael,Johnson,32,Filler,2024-11-05
58d41599,Linda,Williams,52,Filler,2024-09-17
5b279a63,Elizabeth,Williams,47,Filler,2021-07-05
da7fc921,Jennifer,Jones,32,Filler,2026-02-20
4fdcae94,Patricia,Smith,24,Filler,2022-04-09
6484950b,John,Williams,33,Filler,2023-05-25
9054fec1,Patricia,Smith,46,Filler,2023-04-07
05ea1339,Robert,Smith,25,Filler,2026-01-01
98448aca,John,Brown,49,Filler,2024-02-17
b3e29636,Patricia,Williams,37,Filler,2021-10-23
101b4bba,Jennifer,Brown,48,Filler,2023-03-15
f3432d69,Jennifer,Williams,20,Filler,2024-06-12
f6093765,Robert,Smith,18,Filler,2025-09-23
a838975e,Robert,Johnson,29,Filler,2021-06-02
93ed049b,Mary,Brown,59,Filler,2021-08-24
d8fcf0d2,Robert,Johnson,50,Filler,2024-09-20
f47d8f08,John,Williams,18,Filler,2025-05-12
24e40998,Elizabeth,Brown,48,Filler,2025-12-15
cf591e3a,Michael,Williams,19,Filler,2025-12-26
ea597947,Patricia,Jones,30,Filler,2025-11-19
9c9ca923,Elizabeth,Johnson,19,Filler,2023-07-27
15d0ec5f,Linda,Jones,32,Filler,2025-12-08
ecce8eef,John,Jones,51,Filler,2024-09-20
166e79f2,Patricia,Johnson,28,Filler,2024-12-05
d70f1051,Jennifer,Brown,50,Filler,2022-03-17
d15f425d,William,Brown,30,Filler,2022-08-29
6cc2be4c,William,Brown,21,Filler,2023-01-23
09114db0,Mary,Brown,29,Filler,2024-03-16
b5ded90a,Jennifer,Smith,22,Filler,2022-04-26
3cbee2ff,James,Jones,35,Filler,2022-08-19
a9f6221d,Elizabeth,Brown,27,Filler,2025-11-29
1512da99,Michael,Johnson,38,Filler,2026-04-26
643df6cb,James,Smith,31,Filler,2021-06-21
331a8bdd,Linda,Brown,23,Filler,2022-05-07
97d05526,William,Johnson,52,Filler,2025-07-31
8969f368,James,Williams,40,Filler,2021-06-24
384488e1,Jennifer,Brown,56,Filler,2023-02-28
b033e60e,Patricia,Williams,39,Filler,2025-08-07
ff848355,Elizabeth,Jones,50,Filler,2025-01-05
941761b2,John,Jones,44,Filler,2024-12-28
7f021ccd,Mary,Williams,38,Filler,2025-06-02
631da45b,Michael,Brown,22,Filler,2025-03-11
9cc731ca,James,Johnson,25,Filler,2025-06-17
96d23de0,Michael,Williams,53,Filler,2021-07-03
7b205c37,Patricia,Jones,28,Filler,2021-09-10
e850bda5,Michael,Smith,60,Filler,2022-02-04
ee49332e,Robert,Brown,51,Filler,2021-12-04
c7831206,Linda,Jones,36,Filler,2024-12-30
d922e915,Elizabeth,Jones,18,Filler,2023-05-04
13f5e585,Robert,Smith,52,Filler,2025-01-14
24a5c997,Patricia,Williams,59,Filler,2025-01-23
50acb64f,Elizabeth,Johnson,58,Filler,2024-03-05
b6ad5b29,James,Johnson,37,Filler,2022-07-15
900c3e9b,Mary,Jones,20,Filler,2022-11-24
b6fb7683,Linda,Williams,45,Filler,2023-04-09
4344adaa,Jennifer,Brown,55,Filler,2025-04-25
88cb401c,Jennifer,Williams,20,Filler,2025-04-24
75d33bf0,Robert,Brown,55,Filler,2026-01-26
9349a673,James,Williams,55,Filler,2021-12-02
f1d6e403,John,Jones,48,Filler,2023-07-07
76c50893,Michael,Johnson,57,Filler,2025-01-04
4ce8a224,Mary,Johnson,18,Filler,2022-11-01
8c23f013,Jennifer,Williams,38,Filler,2022-01-14
74a95228,Mary,Brown,26,Filler,2024-12-01
140189f4,James,Brown,19,Filler,2026-01-02
18227bcc,Elizabeth,Williams,23,Filler,2023-02-28
d96d11ee,Elizabeth,Smith,23,Filler,2021-11-05
3f79cbf6,John,Smith,34,Filler,2021-09-18
ff8d144e,Robert,Johnson,45,Filler,2022-05-03
490232d4,William,Smith,55,Filler,2023-01-15
1362a605,John,Williams,47,Filler,2026-01-09
e4b9fc4c,Michael,Jones,29,Filler,2023-05-08
e10a8147,John,Johnson,29,Filler,2025-12-07
f8d8c770,William,Jones,26,Filler,2023-02-08
9b0728c8,William,Jones,55,Filler,2025-08-05
fed1d2d4,James,Johnson,54,Filler,2024-11-15
74d4fc2e,John,Williams,34,Filler,2023-11-22
151ef2d1,Elizabeth,Brown,38,Filler,2025-01-09
33ca1f28,Patricia,Brown,60,Filler,2025-12-02
56220bda,Jennifer,Williams,41,Filler,2021-10-23
ce8d8468,Robert,Brown,30,Filler,2024-12-03
98fd3ba4,James,Johnson,48,Filler,2025-04-16
f95a6d72,Jennifer,Brown,44,Filler,2022-04-03
aa1e08ae,Mary,Brown,55,Filler,2023-05-15
eb4a3858,Michael,Smith,22,Filler,2021-11-18
e6829072,Mary,Brown,45,Filler,2021-11-27
187f6ad3,William,Brown,38,Filler,2026-02-16
3c9ebb5a,James,Jones,18,Filler,2023-12-20
96a8b8be,Jennifer,Jones,41,Filler,2023-03-01
76286969,William,Johnson,29,Filler,2021-11-24
9ae22169,John,Williams,54,Filler,2023-08-17
f11e0b79,James,Williams,34,Filler,2024-11-14
1279709d,Elizabeth,Jones,33,Filler,2022-09-20
fefb7d56,Jennifer,Smith,29,Filler,2025-03-03
39e5becf,William,Johnson,52,Filler,2022-03-27
92aca238,Mary,Brown,29,Filler,2024-06-06
75d49821,Jennifer,Smith,20,Filler,2021-07-24
a6ecb55f,Patricia,Jones,30,Filler,2025-07-28
4eb94bb2,Patricia,Williams,43,Filler,2025-04-13
9dace4db,Elizabeth,Brown,52,Filler,2021-11-13
d41000ea,William,Smith,39,Filler,2024-05-01
2fdbe8d7,James,Williams,33,Filler,2024-01-20
1ee8f2b6,Robert,Johnson,23,Filler,2025-05-12
ab1cd1c5,Robert,Williams,19,Filler,2023-10-02
900d6182,Mary,Jones,25,Filler,2022-12-02
ca7ca422,Elizabeth,Williams,47,Filler,2025-03-06
85771ab7,Jennifer,Jones,20,Filler,2023-09-05
0aad08a4,Robert,Jones,46,Filler,2022-12-11
de3833ad,Robert,Johnson,32,Filler,2024-09-07
3cdc7891,Robert,Smith,34,Filler,2022-07-28
0a675076,Linda,Jones,23,Filler,2024-03-21
9f92e1f3,William,Williams,52,Filler,2024-08-08
59736824,Mary,Brown,24,Filler,2025-05-31
aef78ce5,Linda,Johnson,20,Filler,2022-04-06
aefbb5ca,Mary,Jones,52,Filler,2021-07-25
a1b6f57a,James,Johnson,27,Filler,2022-06-18
7eec2bb7,Mary,Johnson,39,Filler,2022-04-24
edd31aca,Patricia,Williams,50,Filler,2022-06-08
86427932,Linda,Williams,49,Filler,2023-01-05
f40db4b7,Mary,Williams,50,Filler,2026-05-04
2f4eac47,Mary,Williams,31,Filler,2022-12-29
a0314f8c,Linda,Brown,29,Filler,2024-03-20
a52b0287,Linda,Williams,45,Filler,2023-06-13
0b991f7a,Elizabeth,Jones,31,Filler,2022-05-23
a435c943,Elizabeth,Johnson,37,Filler,2022-01-28
7c7a8084,Elizabeth,Johnson,32,Filler,2023-01-28
529e6bb1,Robert,Johnson,54,Filler,2023-03-29
455b9037,John,Smith,44,Filler,2025-02-21
411c01ff,Patricia,Johnson,22,Filler,2025-02-12
b2e2eed9,Linda,Smith,24,Filler,2023-09-16
ff5dcac1,James,Williams,28,Filler,2023-05-04
ecb81394,James,Brown,40,Filler,2024-03-02
8de8bf2c,John,Smith,60,Filler,2021-09-16
eb7d065f,Mary,Williams,47,Filler,2024-07-21
8962f42d,Linda,Brown,51,Filler,2022-11-23
99474af6,Jennifer,Jones,43,Filler,2021-07-13
5f25466b,Mary,Smith,35,Filler,2023-03-12
6c34cff6,Robert,Williams,54,Filler,2024-08-13
ae4f3464,Linda,Jones,26,Filler,2023-11-02
22aeef90,Jennifer,Brown,43,Filler,2021-05-31
d8756af3,Mary,Johnson,36,Filler,2025-01-01
3d4f28c9,James,Williams,28,Filler,2023-11-14
0fbc28bd,Elizabeth,Williams,28,Filler,2021-12-20
de9257ca,Robert,Johnson,32,Filler,2025-11-28
9155f8d2,Michael,Jones,41,Filler,2025-11-29
0f7f6969,James,Johnson,52,Filler,2025-12-10
46c50ba8,Elizabeth,Smith,54,Filler,2023-05-21
b5106fdd,Robert,Johnson,39,Filler,2026-01-08
89351b6d,Mary,Jones,34,Filler,2021-07-21
37b6ef4c,William,Williams,33,Filler,2022-12-17
5bccff15,Robert,Smith,21,Filler,2025-05-27
4c332709,James,Brown,18,Filler,2022-04-20
d0fa9f7d,Elizabeth,Brown,28,Filler,2024-04-27
ce7e7c43,Patricia,Jones,52,Filler,2024-02-22
4d47c8a8,William,Johnson,30,Filler,2025-10-09
0b8c3c85,Mary,Johnson,58,Filler,2023-01-29
38b1a752,Elizabeth,Smith,20,Filler,2023-02-09
0b0e5ebb,James,Jones,27,Filler,2023-05-26
2b6c0895,John,Smith,21,Filler,2021-12-16
a956c04e,Elizabeth,Jones,45,Filler,2024-02-20
92eb29be,William,Smith,42,Filler,2025-10-11
db5465f1,Michael,Williams,51,Filler,2021-11-29
18eca733,John,Smith,19,Filler,2025-11-17
bbbf1df8,James,Jones,48,Filler,2023-12-23
c4f73006,Elizabeth,Smith,56,Filler,2023-04-17
d3f8d709,James,Smith,38,Filler,2025-03-04
1eab19d7,Robert,Johnson,45,Filler,2021-06-26
74b4c153,Robert,Smith,20,Filler,2023-06-11
91c8d523,Elizabeth,Johnson,30,Filler,2025-10-24
57bdb1a3,Mary,Jones,42,Filler,2025-10-26
ca68fc7a,Jennifer,Johnson,38,Filler,2025-10-30
985f6943,Patricia,Jones,51,Filler,2022-05-07
ef21f892,John,Jones,50,Filler,2023-10-19
461effe1,Robert,Smith,37,Filler,2022-03-08
8f851f57,Jennifer,Smith,32,Filler,2021-11-29
b052903a,Elizabeth,Smith,47,Filler,2021-07-07
776e452d,Michael,Jones,41,Filler,2025-05-29
88d11d69,Elizabeth,Jones,52,Filler,2025-06-19
ace1ded4,Linda,Smith,31,Filler,2026-04-20
35e3f2a2,William,Brown,43,Filler,2022-06-01
261b3c9f,Mary,Brown,46,Filler,2022-10-20
4ce32c66,Jennifer,Brown,24,Filler,2025-09-28
88661af1,Linda,Smith,22,Filler,2021-06-20
778a0e32,John,Jones,58,Filler,2024-04-27
673609f6,Robert,Johnson,53,Filler,2026-02-08
8c19ba74,Robert,Williams,49,Filler,2024-06-15
a6d29cc5,Elizabeth,Jones,52,Filler,2021-10-16
7a6b53f2,Patricia,Johnson,37,Filler,2022-01-08
e5dd9341,Jennifer,Williams,21,Filler,2025-05-12
dd612b11,John,Johnson,20,Filler,2022-09-28
73be988b,Elizabeth,Brown,43,Filler,2023-04-13
c9e52efd,John,Johnson,53,Filler,2023-12-16
6e2ef5bd,Michael,Johnson,53,Filler,2022-11-08
a81db4fe,Mary,Johnson,55,Filler,2025-11-21
aba53880,Mary,Williams,18,Filler,2025-04-27
fb12b871,William,Brown,58,Filler,2026-02-13
0231169b,Linda,Jones,24,Filler,2025-11-13
f2caac03,Jennifer,Smith,23,Filler,2025-11-24
ba45da0f,Mary,Williams,24,Filler,2024-04-02
384d4c46,Linda,Jones,52,Filler,2023-09-08
0bd317fb,Linda,Smith,31,Filler,2023-07-01
521c0b51,Robert,Williams,32,Filler,2024-01-22
5c6bc0cf,Michael,Williams,59,Filler,2025-06-09
ff3a32dd,Robert,Smith,27,Filler,2026-01-11
4370630f,Robert,Johnson,31,Filler,2023-03-19
2d52795e,Elizabeth,Smith,20,Filler,2025-07-07
28b6a324,William,Smith,42,Filler,2021-07-27
e92aa251,William,Johnson,36,Filler,2021-08-26
c48bc03f,Mary,Johnson,27,Filler,2024-08-14
f8c01970,Linda,Smith,58,Filler,2024-05-09
bbed9f23,Mary,Johnson,25,Filler,2024-08-27
dd09c693,Mary,Johnson,33,Filler,2024-10-15
4b473c9a,William,Smith,55,Filler,2024-03-05
3228fe9a,James,Johnson,21,Filler,2023-09-10
1e05668d,Patricia,Jones,51,Filler,2023-09-03
1aced685,Elizabeth,Smith,22,Filler,2021-12-30
cb163b87,Linda,Williams,28,Filler,2023-11-27
4f0f39e9,John,Jones,52,Filler,2025-01-24
15adcdd0,John,Jones,41,Filler,2025-07-31
ea5eaf11,Linda,Williams,47,Filler,2021-12-26
7b7785d3,Robert,Brown,35,Filler,2024-02-14
e0d130ae,John,Johnson,20,Filler,2022-05-05
f2fd3286,Linda,Johnson,39,Filler,2022-02-13
9f52aa35,Jennifer,Johnson,23,Filler,2025-07-20
cc3077d9,James,Brown,36,Filler,2023-02-18
e65aaa92,Michael,Smith,19,Filler,2022-06-23
9ffd7848,Michael,Williams,39,Filler,2022-09-10
0a9a5df5,James,Smith,21,Filler,2024-03-02
016187a3,Linda,Jones,54,Filler,2025-01-29
1d98fb24,William,Smith,26,Filler,2022-07-20
1f31f3cf,Michael,Brown,48,Filler,2022-01-27
66137f5f,James,Smith,42,Filler,2023-11-20
c71953b4,Linda,Brown,33,Filler,2025-12-26
61fbbdfd,Patricia,Jones,39,Filler,2021-08-30
d1ed7967,William,Brown,27,Filler,2022-03-29
b73f8645,Jennifer,Williams,48,Filler,2022-04-30
fde236c1,Linda,Williams,39,Filler,2022-02-28
98d01669,Michael,Smith,47,Filler,2022-01-12
99740fbb,Jennifer,Jones,38,Filler,2022-03-20
f9d68895,Michael,Jones,48,Filler,2026-01-04
d22758ae,Patricia,Williams,23,Filler,2022-07-29
150d62ee,Patricia,Jones,47,Filler,2024-05-23
2b6f3a2f,James,Smith,43,Filler,2023-03-16
08d43247,Patricia,Johnson,42,Filler,2024-10-27
2165a1fc,Linda,Smith,58,Filler,2025-03-19
b9a72568,James,Jones,33,Filler,2026-05-29
8b86f95e,John,Johnson,56,Filler,2024-01-21
693e4116,Elizabeth,Williams,27,Filler,2022-11-01
53a9cd4d,James,Jones,57,Filler,2022-01-31
cc945ca3,James,Jones,52,Filler,2024-06-04
81caafac,Mary,Smith,48,Filler,2021-11-15
32095f0c,William,Williams,23,Filler,2021-08-05
ad21e1ba,Linda,Johnson,37,Filler,2024-01-24
ae7d90f6,Patricia,Williams,24,Filler,2025-03-02
16572d98,Patricia,Williams,28,Filler,2022-11-13
5b31bd7a,John,Johnson,55,Filler,2022-02-27
1a9f7d3f,Linda,Jones,39,Filler,2025-04-14
497e9c0e,Michael,Williams,21,Filler,2022-12-30
25bb25c8,James,Williams,28,Filler,2025-09-13
a7de484f,Jennifer,Jones,56,Filler,2026-04-16
2750e781,Linda,Jones,29,Filler,2023-10-02
a028836f,John,Jones,55,Filler,2024-06-13
f09c3a94,Michael,Brown,40,Filler,2023-03-03
1c1af390,Linda,Williams,20,Filler,2024-12-05
7fecad95,Mary,Smith,30,Filler,2023-02-03
c47e8389,Michael,Brown,28,Filler,2025-10-07
ebf0c565,Michael,Jones,35,Filler,2025-11-30
f8ff33c6,Robert,Smith,44,Filler,2025-01-09
499fd672,Linda,Williams,56,Filler,2023-01-22
c6d83e50,Mary,Johnson,23,Filler,2023-10-29
df939309,Patricia,Smith,40,Filler,2023-09-20
d1f9463b,Elizabeth,Smith,37,Filler,2022-10-10
0552025e,John,Johnson,19,Filler,2025-08-08
91d6e478,Jennifer,Smith,51,Filler,2024-12-19
323f9e27,Robert,Smith,25,Filler,2024-06-19
ca3b394a,Linda,Brown,25,Filler,2022-06-21
db863b4f,Jennifer,Smith,48,Filler,2024-08-14
177f9282,John,Smith,44,Filler,2023-02-15
3ae2a3b9,James,Williams,46,Filler,2021-06-26
1b5db0ea,Michael,Smith,31,Filler,2023-12-24
f5cba8d8,Jennifer,Smith,59,Filler,2023-07-09
5f971069,Michael,Smith,32,Filler,2025-09-01
01f677ff,James,Johnson,30,Filler,2025-02-12
4a34f682,Jennifer,Jones,39,Filler,2024-02-02
77ab2eb4,Patricia,Smith,21,Filler,2023-11-05
f08fa3ce,William,Johnson,28,Filler,2022-05-26
1b5b7a24,William,Williams,34,Filler,2022-07-06
5d3d2a30,John,Jones,20,Filler,2025-04-02
284ef884,William,Brown,40,Filler,2022-05-19
6cef87bf,Michael,Johnson,32,Filler,2026-01-19
6af04603,William,Johnson,44,Filler,2024-03-20
4390df9f,William,Brown,38,Filler,2023-05-19
d29bc9df,John,Johnson,21,Filler,2022-10-21
6814358a,William,Jones,37,Filler,2023-08-14
cd3db5a3,John,Johnson,44,Filler,2025-01-27
182bec2b,Mary,Johnson,54,Filler,2022-01-05
b9994032,Patricia,Jones,55,Filler,2023-03-25
13f671f5,John,Jones,24,Filler,2021-06-21
c607b737,Mary,Jones,24,Filler,2025-06-29
7cd667ca,Mary,Smith,28,Filler,2026-05-27
94312a00,James,Smith,55,Filler,2024-11-07
8db2417c,Elizabeth,Williams,31,Filler,2026-02-17
e4087fcb,Mary,Johnson,56,Filler,2025-01-25
f9a5ffe4,Mary,Brown,26,Filler,2023-12-10
233ccf0a,Patricia,Jones,25,Filler,2025-07-05
fa1f2f17,Linda,Smith,32,Filler,2023-03-23
52867259,Robert,Williams,18,Filler,2022-07-03
d8df029b,John,Brown,34,Filler,2022-03-09
a77e2092,Mary,Johnson,40,Filler,2025-01-29
74f98c0f,Michael,Williams,25,Filler,2026-03-04
85ffa5c8,Michael,Johnson,21,Filler,2023-02-13
4d83cd24,Mary,Williams,39,Filler,2024-12-22
0ba7db15,Linda,Brown,45,Filler,2026-04-14
6477edcf,Elizabeth,Williams,57,Filler,2021-07-27
3da658f9,James,Johnson,35,Filler,2024-09-16
cbc6a507,Michael,Jones,56,Filler,2024-08-09
d58f1f43,Robert,Williams,23,Filler,2022-09-08
86e158b8,Patricia,Jones,47,Filler,2024-06-14
a521a6c5,Patricia,Jones,36,Filler,2026-01-05
e0e67328,Mary,Jones,20,Filler,2021-08-28
9e97216d,James,Brown,59,Filler,2025-07-22
68115c26,Elizabeth,Brown,51,Filler,2025-12-19
089143b2,Linda,Williams,41,Filler,2022-03-15
ede6e34e,Linda,Jones,30,Filler,2025-05-27
74acda13,Robert,Jones,26,Filler,2025-01-24
424af6eb,John,Jones,59,Filler,2023-08-03
9cfe5c28,William,Johnson,55,Filler,2026-01-24
8bf8e665,Michael,Johnson,34,Filler,2022-06-06
c8e04b0c,William,Williams,21,Filler,2021-12-31
0f21bac6,Jennifer,Jones,34,Filler,2023-03-15
973dad4d,Linda,Jones,58,Filler,2022-06-28
8b14f0d4,Elizabeth,Williams,47,Filler,2024-06-12
21e07017,John,Smith,36,Filler,2023-12-04
a0708068,Linda,Smith,60,Filler,2024-08-04
1e1a7df7,Elizabeth,Johnson,21,Filler,2024-02-01
dd28bd3b,Mary,Jones,30,Filler,2021-08-28
a8ed5535,Linda,Johnson,34,Filler,2021-10-06
79aaebec,Robert,Brown,26,Filler,2022-03-03
ce2cd331,Robert,Smith,40,Filler,2023-09-07
26c69087,William,Jones,40,Filler,2026-05-17
77787d26,Linda,Smith,18,Filler,2026-02-22
d2b77379,James,Brown,47,Filler,2023-01-13
2b062797,Michael,Williams,49,Filler,2024-07-09
82ad0a9b,Robert,Jones,36,Filler,2021-07-03
2de5e91b,Patricia,Smith,25,Filler,2023-09-08
8903b6f8,Elizabeth,Jones,32,Filler,2024-03-16
758f7f69,John,Brown,38,Filler,2022-03-10
99c417ae,Robert,Smith,37,Filler,2022-10-02
80eac7ca,Linda,Williams,47,Filler,2023-09-01
110b9278,Mary,Johnson,22,Filler,2021-08-06
2873e15b,Linda,Jones,45,Filler,2021-07-04
957fbe83,John,Johnson,24,Filler,2024-03-20
51bbf662,Michael,Smith,49,Filler,2026-01-14
e9081f4e,William,Williams,29,Filler,2023-04-24
95db602d,Mary,Brown,56,Filler,2022-12-03
43065c73,John,Jones,40,Filler,2021-06-06
a7e8a12c,Robert,Smith,34,Filler,2023-05-10
20673113,Mary,Brown,28,Filler,2023-04-30
bfbb2cd7,William,Brown,44,Filler,2022-01-01
95328642,Patricia,Jones,31,Filler,2025-09-27
70acf72b,John,Smith,58,Filler,2026-01-02
01933498,Michael,Williams,44,Filler,2022-12-24
388657ef,Elizabeth,Smith,57,Filler,2021-07-31
e6df563c,Jennifer,Jones,43,Filler,2022-12-12
7e62cc41,Patricia,Williams,29,Filler,2023-09-18
c2a57a83,Linda,Williams,32,Filler,2022-04-12
d5d89ff1,Jennifer,Smith,55,Filler,2022-12-13
adfd8bbc,Jennifer,Smith,53,Filler,2024-10-09
97a5797e,James,Jones,20,Filler,2026-03-06
43725697,Patricia,Johnson,40,Filler,2024-07-16
80cdb125,John,Smith,54,Filler,2025-05-04
7780a298,Mary,Williams,30,Filler,2025-08-01
38d2816a,Patricia,Williams,49,Filler,2025-07-21
239fb632,John,Johnson,29,Filler,2024-04-09
8fba963e,Mary,Smith,51,Filler,2025-12-15
bdd86d4f,Jennifer,Brown,60,Filler,2024-05-05
725c74c8,James,Johnson,34,Filler,2025-02-22
e75c4ee1,Michael,Smith,60,Filler,2022-02-25
51d23e13,Michael,Brown,29,Filler,2024-07-16
20bd93ac,John,Brown,31,Filler,2023-11-02
0f263987,Michael,Williams,38,Filler,2023-11-09
662f73b4,Patricia,Brown,21,Filler,2022-11-15
68b70f9e,John,Brown,55,Filler,2022-01-25
f2578eec,William,Smith,50,Filler,2025-10-09
998a9d47,Linda,Smith,51,Filler,2025-04-04
1226ce21,Jennifer,Jones,51,Filler,2025-07-22
9d0692b5,Patricia,Smith,43,Filler,2022-03-19
2892d07c,Elizabeth,Jones,22,Filler,2025-12-30
9f08c032,Robert,Johnson,26,Filler,2023-01-24
6a1c1597,William,Johnson,50,Filler,2021-07-14
adc82e52,Mary,Smith,22,Filler,2026-05-15
235569bb,Robert,Brown,39,Filler,2024-11-06
f524697e,Linda,Johnson,53,Filler,2023-11-23
8d26e2b7,Robert,Brown,58,Filler,2025-04-05
297a9962,Elizabeth,Williams,33,Filler,2023-06-27
88f56233,Linda,Johnson,20,Filler,2024-04-18
fe6cf3e1,Robert,Brown,30,Filler,2022-07-12
a1e1dc89,Elizabeth,Williams,21,Filler,2024-12-27
31259d17,James,Jones,53,Filler,2025-02-06
972b42cf,Mary,Brown,22,Filler,2021-06-17
9ef270f4,Patricia,Williams,33,Filler,2025-11-02
f78e8b4c,James,Williams,27,Filler,2022-12-14
49c5e61a,Jennifer,Williams,41,Filler,2023-03-15
cbf010bc,Elizabeth,Jones,45,Filler,2021-06-28
1df2d34c,Mary,Johnson,18,Filler,2021-08-01
61fa4232,Robert,Williams,28,Filler,2024-11-19
afaabcbc,Patricia,Jones,47,Filler,2024-12-02
95d7bd49,Patricia,Brown,24,Filler,2022-09-21
57741250,Patricia,Brown,48,Filler,2025-09-14
2d947c6e,Robert,Brown,39,Filler,2024-04-10
3dc10242,Jennifer,Smith,59,Filler,2025-05-17
297ffc77,Mary,Williams,53,Filler,2021-09-09
47ed3f98,Michael,Johnson,51,Filler,2025-09-21
d8cc1075,William,Smith,26,Filler,2024-07-02
059e900f,Elizabeth,Smith,57,Filler,2025-07-11
4d6edf9b,John,Jones,40,Filler,2023-06-24
facbd7a0,James,Johnson,54,Filler,2025-11-15
703fdebc,Elizabeth,Brown,39,Filler,2026-05-16
2c682675,Robert,Johnson,48,Filler,2025-07-27
8dd7b2a4,Robert,Johnson,48,Filler,2026-01-26
38aca757,William,Jones,54,Filler,2024-07-04
bb0e410f,Elizabeth,Jones,30,Filler,2024-02-10
0f1aa5ca,Patricia,Jones,27,Filler,2021-05-31
95e5539b,Robert,Williams,60,Filler,2025-10-28
34db6382,William,Jones,48,Filler,2025-09-23
fa99700e,Robert,Jones,60,Filler,2024-10-14
347efdec,Michael,Williams,33,Filler,2024-04-17
7ed6972e,Robert,Jones,34,Filler,2025-05-05
7fc282dd,Jennifer,Johnson,46,Filler,2024-08-16
8286dd29,William,Johnson,22,Filler,2023-06-02
e59bae0d,John,Brown,33,Filler,2024-06-29
ba9ec650,James,Brown,20,Filler,2025-02-02
7978092b,Jennifer,Brown,39,Filler,2022-06-20
72de351f,Jennifer,Johnson,40,Filler,2023-01-26
d57934da,James,Jones,41,Filler,2022-10-17
d5e51acb,Mary,Williams,22,Filler,2024-07-17
24dec352,Mary,Brown,29,Filler,2022-10-08
7632e0c4,Michael,Smith,23,Filler,2023-06-02
aa8c8153,Robert,Williams,23,Filler,2026-02-27
4cfd4139,Mary,Johnson,34,Filler,2024-05-16
89831b01,Linda,Johnson,24,Filler,2025-05-13
77d912cd,Michael,Williams,42,Filler,2024-08-23
8597bbf3,John,Jones,25,Filler,2026-01-21
fe9d2521,Patricia,Smith,25,Filler,2023-11-04
5e9b6914,Robert,Jones,27,Filler,2024-04-19
459a153f,Elizabeth,Johnson,38,Filler,2025-03-06
1ed6a381,Linda,Jones,53,Filler,2021-12-11
0dc5945e,Robert,Smith,42,Filler,2021-08-15
0cf34483,Elizabeth,Brown,41,Filler,2026-05-07
4fc97882,Jennifer,Jones,49,Filler,2025-04-15
eb0de66d,Robert,Smith,43,Filler,2022-07-18
56e3337b,William,Jones,52,Filler,2021-07-08
ec4795e3,Jennifer,Jones,33,Filler,2025-08-31
6879aa82,Robert,Jones,28,Filler,2022-02-23
a2cf85fd,Robert,Williams,49,Filler,2024-02-07
7b2b8195,Elizabeth,Williams,25,Filler,2025-10-04
5f6b2012,Robert,Brown,43,Filler,2023-12-08
d1cdace3,Patricia,Smith,50,Filler,2023-07-09
233eba32,Robert,Smith,37,Filler,2023-05-31
85f2d744,Patricia,Brown,43,Filler,2022-10-27
7b611a36,James,Jones,60,Filler,2021-11-17
ea9eb3d7,Patricia,Johnson,24,Filler,2021-11-21
fa3f7936,Patricia,Jones,55,Filler,2024-03-06
8269df1a,William,Jones,42,Filler,2022-12-24
6e42b4ca,Elizabeth,Johnson,48,Filler,2025-08-15
45d03b52,Mary,Williams,47,Filler,2022-06-02
6fd00771,Patricia,Johnson,30,Filler,2021-09-18
a61ad0e4,Mary,Jones,45,Filler,2025-05-10
8c36da05,Elizabeth,Brown,52,Filler,2025-05-15
aee790e5,Robert,Jones,34,Filler,2023-09-11
1b1d6a44,Jennifer,Brown,24,Filler,2021-11-25
318fba5e,Robert,Williams,38,Filler,2024-12-10
9459b562,John,Smith,40,Filler,2021-11-16
118c704b,Mary,Jones,50,Filler,2023-05-05
ccffaf43,Mary,Smith,47,Filler,2024-05-11
7278b7fb,Linda,Johnson,40,Filler,2026-03-04
e37af7c2,Jennifer,Williams,51,Filler,2022-10-22
1be08d92,Mary,Brown,39,Filler,2023-10-26
2da768d2,William,Smith,41,Filler,2025-03-15
a6057749,William,Smith,47,Filler,2026-05-28
b0b4107d,Linda,Smith,59,Filler,2021-10-25
9444b704,Mary,Smith,52,Filler,2024-10-17
243faca9,James,Williams,53,Filler,2025-04-23
721ed3b1,Mary,Williams,25,Filler,2021-09-03
625e4c78,Mary,Jones,46,Filler,2022-10-15
af9a90b2,Robert,Smith,41,Filler,2021-11-27
fa60fb2b,Michael,Brown,33,Filler,2024-07-03
e15991d4,James,Brown,51,Filler,2024-02-11
d294d697,Michael,Johnson,39,Filler,2023-05-21
271c9ddd,William,Jones,46,Filler,2026-02-02
732b8ec9,Michael,Brown,29,Filler,2022-12-29
118f9c93,Patricia,Jones,32,Filler,2021-06-26
ea64902f,Linda,Jones,42,Filler,2021-07-19
f5f4eb1f,Robert,Williams,35,Filler,2023-02-11
6ec2e19d,Elizabeth,Jones,19,Filler,2022-11-20
46c0036a,Jennifer,Smith,25,Filler,2024-03-31
d41ca548,Mary,Brown,35,Filler,2025-03-18
6b1e1c57,Patricia,Williams,48,Filler,2021-09-05
91f5ee53,Elizabeth,Williams,48,Filler,2022-08-16
56bdb932,William,Smith,39,Filler,2024-03-07
7fc70624,Patricia,Johnson,33,Filler,2023-09-21
bc3624c0,Jennifer,Jones,37,Filler,2022-11-17
5a0e7076,Robert,Smith,40,Filler,2022-10-28
544af9dd,Linda,Smith,42,Filler,2025-09-02
b6bda448,Michael,Johnson,55,Filler,2021-08-22
f4396b14,Mary,Williams,31,Filler,2021-10-03
9dfadf1e,Robert,Brown,58,Filler,2021-06-02
96cb1d68,Jennifer,Smith,57,Filler,2024-11-30
f31b32c8,Mary,Johnson,18,Filler,2021-08-14
55b3baa5,Patricia,Smith,28,Filler,2022-07-06
d9321aee,Jennifer,Brown,55,Filler,2023-10-01
d894a4bd,Jennifer,Brown,46,Filler,2022-09-09
27990b7e,Elizabeth,Brown,53,Filler,2025-02-04
889eb9f0,James,Johnson,19,Filler,2022-03-02
9370535a,John,Brown,45,Filler,2026-02-26
065b2059,Michael,Jones,28,Filler,2024-03-29
3e9e34ac,William,Williams,33,Filler,2026-05-21
0631124c,James,Johnson,41,Filler,2022-07-13
809659db,John,Smith,45,Filler,2025-07-10
cc0f0dda,William,Brown,28,Filler,2023-03-09
fd77474d,Linda,Brown,29,Filler,2021-07-05
efd61684,Linda,Johnson,51,Filler,2025-03-14
c374f2bc,Elizabeth,Smith,29,Filler,2026-03-04
671c3fda,Elizabeth,Smith,46,Filler,2024-11-25
99ec42e9,James,Johnson,33,Filler,2026-02-13
91bce98b,James,Jones,20,Filler,2024-10-23
96ee5930,Linda,Jones,42,Filler,2024-12-06
85758e35,Elizabeth,Brown,44,Filler,2023-03-23
24907bc6,Mary,Jones,50,Filler,2024-11-12
10c59ad4,Robert,Smith,35,Filler,2022-04-15
606f4683,Mary,Smith,38,Filler,2024-10-15
7f2aa48f,Elizabeth,Brown,51,Filler,2023-09-09
97840f74,Robert,Johnson,54,Filler,2024-07-06
fda3502d,Linda,Jones,41,Filler,2024-02-04
60cbbf04,Robert,Williams,41,Filler,2021-08-21
c7ffd33c,James,Smith,43,Filler,2024-08-14
be2b3f6a,James,Smith,33,Filler,2022-05-04
87d22c8e,William,Johnson,36,Filler,2026-03-06
9af0730e,Jennifer,Johnson,58,Filler,2023-04-25
8e8214c0,James,Williams,50,Filler,2025-09-19
d52677ca,Michael,Williams,34,Filler,2023-01-20
58b7b2c6,Linda,Jones,56,Filler,2025-04-08
946cc089,William,Williams,60,Filler,2022-11-24
72bc8be3,Linda,Smith,45,Filler,2023-05-23
b6b1df70,Linda,Jones,47,Filler,2022-11-07
6b19ff26,Michael,Jones,32,Filler,2025-06-27
f630dd02,Robert,Brown,18,Filler,2023-09-03
36ceadf9,Jennifer,Brown,49,Filler,2025-11-29
3486f123,Jennifer,Williams,46,Filler,2023-09-13
65e13452,Linda,Smith,39,Filler,2024-07-08
5921cf1d,John,Johnson,26,Filler,2025-08-25
9b823748,Michael,Smith,59,Filler,2023-08-04
21cbbc93,William,Williams,40,Filler,2026-01-07
ddb916d7,Linda,Johnson,18,Filler,2026-02-28
ba03f77c,Elizabeth,Williams,18,Filler,2022-12-06
4f75b9ad,Linda,Johnson,47,Filler,2021-05-30
52e6b361,Michael,Smith,55,Filler,2022-01-17
20a020b0,Mary,Williams,18,Filler,2021-09-23
dfe8e658,Patricia,Williams,53,Filler,2023-11-07
341b6233,Michael,Jones,52,Filler,2024-06-23
c4e52790,Patricia,Jones,54,Filler,2025-03-21
9da25e7c,William,Johnson,31,Filler,2025-06-13
747b8f4b,Elizabeth,Jones,20,Filler,2022-01-14
a83a0a09,Michael,Brown,41,Filler,2022-05-24
f0274f93,Linda,Williams,26,Filler,2023-08-14
5c2739d8,Linda,Johnson,23,Filler,2022-12-08
f9c4e132,William,Brown,23,Filler,2026-03-10
6733e3cd,James,Johnson,54,Filler,2022-09-05
585d9def,Jennifer,Smith,19,Filler,2024-02-15
898c0f60,James,Johnson,29,Filler,2024-06-25
95b67362,William,Williams,54,Filler,2022-10-31
00c142cf,William,Williams,46,Filler,2022-10-22
b7447b5a,William,Williams,57,Filler,2024-04-17
a328ecc9,Patricia,Williams,39,Filler,2021-10-25
e591ee45,Elizabeth,Smith,51,Filler,2026-02-17
ecc3ffae,Linda,Johnson,25,Filler,2021-08-13
9494fecf,Jennifer,Smith,54,Filler,2024-11-04
195ad54a,Robert,Smith,30,Filler,2024-01-30
5d78ab83,Elizabeth,Williams,31,Filler,2023-10-04
72438691,Patricia,Smith,27,Filler,2021-11-19
66e542d6,John,Johnson,37,Filler,2024-01-14
a09b44ef,Mary,Johnson,46,Filler,2023-01-28
5d1a5dc5,Jennifer,Jones,56,Filler,2023-01-03
a000306a,Linda,Williams,30,Filler,2023-09-26
3ec51e69,Linda,Smith,18,Filler,2025-07-11
e6d299d7,Linda,Jones,45,Filler,2022-05-16
e670bdd1,Michael,Johnson,32,Filler,2022-06-17
50ba9c7b,Mary,Smith,56,Filler,2022-01-21
7f3295d5,Linda,Johnson,25,Filler,2024-05-04
d7a81976,James,Jones,39,Filler,2021-09-22
75caf042,John,Smith,39,Filler,2022-10-05
cdc5811f,Patricia,Jones,40,Filler,2025-01-19
80656281,Robert,Brown,59,Filler,2025-04-17
043b83da,John,Williams,45,Filler,2024-09-06
2cdae574,John,Williams,38,Filler,2024-01-17
dc79b057,Michael,Johnson,57,Filler,2021-10-13
c346cf2d,Linda,Jones,56,Filler,2025-06-03
e8651dfd,Elizabeth,Johnson,36,Filler,2022-07-31
afd5cdd0,Mary,Brown,30,Filler,2022-10-24
d8bb7c98,Robert,Johnson,47,Filler,2025-05-28
5d551be4,Elizabeth,Smith,48,Filler,2023-08-19
0783e3ad,Mary,Brown,54,Filler,2025-03-01
a8d903b7,Robert,Jones,52,Filler,2023-01-08
43de1535,William,Jones,45,Filler,2025-09-08
3d14406a,Patricia,Brown,32,Filler,2026-03-11
803dcf5d,Elizabeth,Smith,54,Filler,2024-09-15
f89c4063,Patricia,Williams,35,Filler,2022-02-21
73bd0f71,Linda,Jones,39,Filler,2023-05-08
49e9ea92,Jennifer,Smith,57,Filler,2022-04-05
badf37fb,William,Johnson,30,Filler,2021-06-14
5fabb76c,Robert,Williams,38,Filler,2024-10-08
04714353,Elizabeth,Williams,20,Filler,2022-02-09
a3ed2f61,Elizabeth,Johnson,37,Filler,2025-11-17
d83d3485,Mary,Brown,57,Filler,2024-05-24
9caecf1e,Michael,Williams,22,Filler,2024-10-20
831f0949,Patricia,Johnson,45,Filler,2025-03-25
70ef1e9e,Robert,Williams,45,Filler,2026-01-05
336330af,Mary,Brown,28,Filler,2025-12-23
b20166d8,John,Brown,35,Filler,2022-11-11
bf8b5a43,Linda,Johnson,41,Filler,2023-12-19
b8cf705c,Jennifer,Jones,36,Filler,2023-05-13
5568fbeb,Linda,Smith,57,Filler,2025-05-10
5a24ab5c,Jennifer,Williams,21,Filler,2023-11-01
f5f35d3b,Mary,Johnson,26,Filler,2025-08-03
fca17456,John,Brown,47,Filler,2025-07-28
0e3ad855,Michael,Brown,24,Filler,2022-08-01
1417f1a6,Mary,Johnson,39,Filler,2021-12-31
0c19b47c,Linda,Johnson,42,Filler,2026-01-16
1c6469af,Linda,Johnson,27,Filler,2025-11-22
72361e80,Robert,Williams,35,Filler,2022-04-01
87d2d68f,John,Johnson,49,Filler,2023-04-16
d1654f60,Michael,Johnson,33,Filler,2024-03-18
d5870b05,Robert,Williams,52,Filler,2021-06-03
ff09e3b5,James,Johnson,35,Filler,2022-09-30
60b848a7,Michael,Williams,48,Filler,2024-04-06
a2cfa472,Mary,Jones,48,Filler,2022-07-13
00ddd6c0,John,Brown,59,Filler,2021-11-14
a27fbff1,Mary,Smith,58,Filler,2025-10-16
c70cf3cc,James,Brown,57,Filler,2025-12-01
e3f0750a,James,Johnson,40,Filler,2023-12-31
c464d969,John,Smith,39,Filler,2026-05-04
06ecafc1,Michael,Williams,27,Filler,2022-09-01
24ea1f06,James,Smith,21,Filler,2025-10-03
d2dcf90e,Mary,Williams,45,Filler,2025-06-15
14bc6170,Elizabeth,Williams,23,Filler,2022-12-21
8fdde38e,Patricia,Smith,18,Filler,2024-12-06
7707bc29,William,Williams,30,Filler,2023-03-10
24a167fb,William,Smith,31,Filler,2023-01-03
17c3c869,Robert,Johnson,28,Filler,2022-12-06
c183aefa,Linda,Brown,51,Filler,2022-09-11
e0fe78d6,John,Brown,53,Filler,2025-08-25
a4cf034f,Mary,Brown,48,Filler,2021-09-13
0a5575c8,James,Jones,59,Filler,2025-07-23
b94686a6,John,Jones,54,Filler,2024-07-15
97b0ab3b,Jennifer,Brown,22,Filler,2024-11-28
67f659e7,Mary,Brown,37,Filler,2023-12-03
cf60eba1,Elizabeth,Brown,41,Filler,2026-05-04
aab2e037,Michael,Johnson,29,Filler,2025-07-14
713de7d3,Linda,Smith,38,Filler,2024-04-01
959a3f40,William,Johnson,21,Filler,2022-07-08
10397367,Michael,Brown,56,Filler,2025-01-25
057220ec,William,Brown,18,Filler,2024-11-10
e3e3caa6,Robert,Brown,36,Filler,2025-12-07
dfa5d39c,Robert,Smith,47,Filler,2025-02-01
6c3682fd,Mary,Johnson,45,Filler,2025-07-03
b742823a,Jennifer,Jones,33,Filler,2022-02-20
235b9f25,James,Johnson,20,Filler,2023-05-30
97490da3,Patricia,Smith,60,Filler,2025-01-11
5439065f,William,Smith,47,Filler,2025-01-24
272547b5,Elizabeth,Jones,59,Filler,2021-07-14
8ed28a80,William,Jones,42,Filler,2021-10-17
f7b3ac98,Elizabeth,Jones,24,Filler,2021-10-24
863f7016,Robert,Williams,48,Filler,2025-05-01
ac80d2b5,Patricia,Johnson,45,Filler,2021-12-05
39036b2c,Linda,Williams,50,Filler,2025-07-24
44c0cd13,William,Brown,31,Filler,2022-12-23
3f237051,James,Brown,59,Filler,2022-11-07
e7a0960c,Linda,Williams,58,Filler,2021-08-10
78065d18,Elizabeth,Johnson,31,Filler,2024-11-01
1100bc3c,John,Smith,48,Filler,2022-01-12
b926659b,John,Smith,18,Filler,2022-12-15
bcad6d8f,William,Smith,36,Filler,2022-07-20
071667e3,Linda,Brown,20,Filler,2023-12-05
0e422703,Jennifer,Brown,18,Filler,2025-05-21
4ddfb7ab,John,Johnson,51,Filler,2021-06-23
c2df438d,James,Brown,40,Filler,2025-10-08
a94cb417,Mary,Jones,41,Filler,2022-03-10
1df4110f,Michael,Jones,31,Filler,2023-10-13
2d84fc3c,Jennifer,Johnson,25,Filler,2023-08-29
f144838c,Elizabeth,Williams,48,Filler,2026-05-23
08650ee6,Mary,Smith,25,Filler,2023-01-09
337e7d93,Linda,Smith,26,Filler,2026-01-28
004f4928,James,Johnson,56,Filler,2025-04-13
d91b3a36,Linda,Jones,51,Filler,2023-09-19
8ee0fdc7,Mary,Jones,22,Filler,2026-03-08
43adc4bb,Mary,Johnson,56,Filler,2024-04-23
a07f647d,Michael,Smith,55,Filler,2025-03-24
4414b8df,Michael,Jones,33,Filler,2024-03-02
425d9be0,Elizabeth,Johnson,19,Filler,2022-10-12
762d37e3,John,Johnson,54,Filler,2023-03-19
a1c8d2f9,Robert,Jones,29,Filler,2026-04-12
3ef0a5c3,James,Brown,41,Filler,2025-07-29
3a50d811,Robert,Smith,38,Filler,2023-07-25
260ace0a,William,Williams,26,Filler,2024-08-16
09f5297d,Mary,Smith,55,Filler,2025-04-04
7b78e7eb,Linda,Williams,25,Filler,2025-11-19
ab8a2c56,Jennifer,Johnson,27,Filler,2021-08-06
5b8a4a6f,Jennifer,Johnson,23,Filler,2025-04-27
064c6cd9,James,Williams,55,Filler,2023-10-09
2b307141,William,Jones,48,Filler,2023-04-12
1c74e314,William,Brown,44,Filler,2025-03-04
eca02295,Patricia,Smith,59,Filler,2024-02-12
c585b9e0,Elizabeth,Williams,58,Filler,2024-04-11
35bb61b1,Michael,Jones,27,Filler,2022-08-29
27f14752,Michael,Brown,23,Filler,2026-04-30
74cb0c97,Jennifer,Brown,49,Filler,2023-07-04
68e9e5f0,William,Johnson,53,Filler,2021-09-20
f4b61292,William,Brown,23,Filler,2024-12-15
4e5bbd6a,Patricia,Williams,43,Filler,2022-07-21
df052ca9,Patricia,Williams,44,Filler,2025-11-28
7528f995,Mary,Williams,41,Filler,2025-12-21
4c99d9c8,Elizabeth,Brown,32,Filler,2025-04-06
efe0ba63,Michael,Johnson,55,Filler,2022-10-03
40b25255,Linda,Williams,26,Filler,2024-04-29
fab2f232,Robert,Williams,55,Filler,2022-03-17
cb861449,Linda,Smith,52,Filler,2022-06-18
c360a4e3,Michael,Williams,22,Filler,2024-05-31
77bc7043,Michael,Brown,19,Filler,2023-03-25
5cd28e59,Linda,Jones,60,Filler,2026-04-15
f171c5e5,Linda,Jones,45,Filler,2024-10-05
3cfb68a4,Mary,Brown,27,Filler,2021-09-08
2898d2f2,Patricia,Brown,27,Filler,2025-10-27
806757d2,Mary,Williams,28,Filler,2024-06-23
25ce8263,John,Johnson,42,Filler,2023-09-23
b2d9d4fa,Michael,Smith,43,Filler,2022-06-04
eda4ccf6,Patricia,Johnson,29,Filler,2021-09-20
e44b24f9,John,Johnson,32,Filler,2025-06-14
eb1651bb,John,Smith,57,Filler,2024-02-11
409eca9a,Elizabeth,Smith,42,Filler,2024-01-10
f45d1ab1,Elizabeth,Jones,28,Filler,2023-12-03
e3cbe138,Mary,Johnson,34,Filler,2021-06-07
b898558d,Michael,Williams,56,Filler,2025-06-29
e7d281a6,William,Jones,56,Filler,2026-03-05
117ae1d9,Linda,Brown,28,Filler,2021-06-12
2215c80c,Patricia,Smith,36,Filler,2022-05-29
63a7b391,Patricia,Williams,32,Filler,2026-01-27
7257aa30,James,Johnson,51,Filler,2023-12-25
687ee041,Mary,Brown,21,Filler,2022-08-10
18162cad,Michael,Johnson,47,Filler,2026-03-21
47010e84,Jennifer,Smith,45,Filler,2023-05-24
460f4f0b,Robert,Williams,28,Filler,2025-06-26
6f881257,Michael,Brown,21,Filler,2024-05-12
10241c86,Patricia,Johnson,48,Filler,2023-03-02
7b812327,Patricia,Brown,28,Filler,2025-03-18
fa814d4c,Robert,Brown,44,Filler,2021-06-10
f43c3624,Patricia,Jones,31,Filler,2024-03-11
0eb8330d,John,Brown,40,Filler,2022-10-25
c217efc6,Jennifer,Williams,30,Filler,2023-10-03
e024e9f9,Linda,Brown,26,Filler,2025-07-13
16fd968c,William,Johnson,60,Filler,2022-11-02
9164dbd9,William,Williams,30,Filler,2021-12-05
c36e605c,William,Brown,33,Filler,2026-05-07
53f1c692,Jennifer,Brown,60,Filler,2026-04-30
5c55cbc0,Michael,Jones,29,Filler,2021-09-09
d867b55f,Elizabeth,Brown,54,Filler,2025-01-24
08c7564b,James,Smith,34,Filler,2021-11-13
ccbde4d1,Jennifer,Williams,60,Filler,2023-07-27
f083a605,William,Brown,42,Filler,2024-10-27
6302cfc0,James,Brown,44,Filler,2025-11-22
dda747f4,Jennifer,Johnson,39,Filler,2025-11-22
bc200295,William,Brown,58,Filler,2025-04-12
2ce52615,William,Johnson,47,Filler,2024-06-16
3d895b81,Mary,Williams,32,Filler,2022-10-09
2e0cb3a3,Michael,Jones,47,Filler,2022-05-07
17b3b7d9,Patricia,Jones,38,Filler,2024-08-22
9006d7f0,Patricia,Smith,52,Filler,2021-09-19
e6558196,John,Jones,48,Filler,2025-08-12
5a71b6e1,James,Jones,19,Filler,2022-01-11
70df0101,James,Williams,49,Filler,2022-09-18
965a9f57,William,Johnson,55,Filler,2025-03-29
1010c746,Elizabeth,Williams,60,Filler,2021-07-14
46850dde,Mary,Jones,56,Filler,2024-05-31
46c15bb9,Jennifer,Williams,34,Filler,2023-01-27
4d3fdd00,Linda,Johnson,39,Filler,2023-10-02
6df5a94f,Jennifer,Smith,39,Filler,2024-10-09
7e836041,William,Smith,27,Filler,2023-12-17
d07895fe,Robert,Johnson,22,Filler,2024-11-07
0cb21c62,Mary,Jones,28,Filler,2025-07-03
38aaf4d4,James,Smith,32,Filler,2022-02-12
47286a9b,James,Johnson,41,Filler,2025-02-14
c8e85cec,Michael,Brown,23,Filler,2021-12-09
aa25d722,Patricia,Brown,50,Filler,2026-01-10
d684d502,William,Smith,35,Filler,2021-09-12
73c18068,James,Johnson,35,Filler,2023-09-01
326a17af,Michael,Smith,34,Filler,2021-07-28
66a0bb97,Robert,Brown,32,Filler,2025-11-07
bd6ed00b,Elizabeth,Johnson,43,Filler,2023-09-26
5be7428f,James,Smith,38,Filler,2023-08-08
556df008,Jennifer,Williams,40,Filler,2026-02-04
7d77d0ea,Linda,Williams,47,Filler,2024-10-04
b96988b5,Michael,Williams,27,Filler,2024-05-10
9b4bd876,Linda,Williams,43,Filler,2023-11-17
d01ef20b,Elizabeth,Brown,22,Filler,2021-11-12
6b45755a,Patricia,Williams,22,Filler,2024-06-29
f02068d5,Mary,Jones,53,Filler,2025-04-17
d8e75e2d,Robert,Smith,28,Filler,2026-02-15
9dd4767c,Michael,Smith,39,Filler,2026-04-03
efb2d6e5,Linda,Smith,31,Filler,2022-01-04
6502bcad,John,Smith,25,Filler,2025-07-10
bfc745b6,John,Jones,33,Filler,2021-07-02
31545abc,James,Johnson,55,Filler,2025-07-01
1925fabc,Jennifer,Jones,31,Filler,2022-08-20
f1a33466,Jennifer,Brown,33,Filler,2023-04-15
dfb19f4e,James,Johnson,53,Filler,2023-06-15
332158b5,James,Brown,60,Filler,2021-10-29
3b17f158,William,Johnson,45,Filler,2025-10-20
c78626cd,William,Williams,44,Filler,2024-12-06
ce9034a1,Patricia,Williams,41,Filler,2026-03-23
61617143,Jennifer,Smith,57,Filler,2022-07-29
