employee_id,trip_id,boxes_in_trip,date
bc125e02,cfa3941f,3,2026-05-01
bc125e02,39888a32,3,2026-05-01
bc125e02,15ee4ad4,3,2026-05-01
bc125e02,47aff023,3,2026-05-01
bc125e02,68690ad9,3,2026-05-02
bc125e02,f8a3a1f3,3,2026-05-02
bc125e02,de9a8b1a,3,2026-05-02
bc125e02,594496e7,3,2026-05-02
bc125e02,fc5b39f1,3,2026-05-02
bc125e02,0e83fea5,3,2026-05-02
bc125e02,23f94bb1,3,2026-05-02
bc125e02,c1c945f2,3,2026-05-03
bc125e02,f594f37a,3,2026-05-03
bc125e02,d38c748a,3,2026-05-03
bc125e02,33d147e7,3,2026-05-03
bc125e02,6fdc592e,3,2026-05-04
bc125e02,4106065a,3,2026-05-04
bc125e02,6878557a,3,2026-05-04
bc125e02,45249d1f,3,2026-05-04
bc125e02,b8f06099,14,2026-05-05
bc125e02,a65131ac,16,2026-05-05
bc125e02,bffbefdd,17,2026-05-05
bc125e02,4736b1f3,19,2026-05-05
bc125e02,16ab951d,17,2026-05-05
bc125e02,37912ed4,14,2026-05-06
bc125e02,a9286418,17,2026-05-06
bc125e02,bb5d5c78,15,2026-05-06
bc125e02,8b15125d,14,2026-05-06
bc125e02,be806098,3,2026-05-07
bc125e02,0ab96db5,3,2026-05-07
bc125e02,1bb7c3b3,3,2026-05-07
bc125e02,2a78fd8e,36,2026-05-08
bc125e02,b31798e4,39,2026-05-08
bc125e02,b033f8d8,36,2026-05-08
bc125e02,a2a28d50,37,2026-05-08
bc125e02,028fcf80,3,2026-05-09
bc125e02,6f354438,3,2026-05-09
bc125e02,ed59d146,3,2026-05-09
bc125e02,4331dcf3,3,2026-05-09
bc125e02,d636fd58,3,2026-05-09
bc125e02,613271f8,15,2026-05-10
bc125e02,957a0f56,17,2026-05-10
bc125e02,62327fbd,17,2026-05-10
bc125e02,d165cdd8,16,2026-05-10
bc125e02,9fb9db80,13,2026-05-10
bc125e02,388102fe,16,2026-05-10
bc125e02,e6fec990,28,2026-05-11
bc125e02,cbc65dd6,29,2026-05-11
bc125e02,9a8f695a,31,2026-05-11
bc125e02,bad07199,30,2026-05-11
bc125e02,f190ae85,30,2026-05-11
bc125e02,718c6f4b,3,2026-05-12
bc125e02,4fcc3bf4,3,2026-05-12
bc125e02,bb2685d3,3,2026-05-12
bc125e02,a0c0c9b8,3,2026-05-12
bc125e02,b6840189,3,2026-05-12
bc125e02,fba17563,3,2026-05-13
bc125e02,e36f5bba,3,2026-05-13
bc125e02,77106dc4,3,2026-05-13
bc125e02,b803a339,3,2026-05-14
bc125e02,2a89ddde,3,2026-05-14
bc125e02,80e392a4,3,2026-05-14
bc125e02,8a9c797c,3,2026-05-14
bc125e02,36295d4c,3,2026-05-14
bc125e02,a7c6aff0,17,2026-05-15
bc125e02,1b349c3b,18,2026-05-15
bc125e02,140a92cf,18,2026-05-15
bc125e02,4b01f631,19,2026-05-15
bc125e02,f09b2b51,18,2026-05-15
bc125e02,40e4d549,3,2026-05-16
bc125e02,f18ec82a,3,2026-05-16
bc125e02,e238a5fd,3,2026-05-16
bc125e02,1fdd1c30,3,2026-05-16
bc125e02,8d8e38d0,3,2026-05-16
bc125e02,02bcfdd6,64,2026-05-17
bc125e02,9e611e95,64,2026-05-17
bc125e02,5e596207,64,2026-05-17
bc125e02,eb42f3de,64,2026-05-17
bc125e02,5d70557e,21,2026-05-18
bc125e02,2e0b43f4,23,2026-05-18
bc125e02,2a2d60cd,19,2026-05-18
bc125e02,9443f218,20,2026-05-18
bc125e02,c84492a2,22,2026-05-18
bc125e02,532552ff,20,2026-05-18
bc125e02,e2a3cbe6,33,2026-05-19
bc125e02,58241479,32,2026-05-19
bc125e02,d5ffab31,34,2026-05-19
bc125e02,1c18e674,35,2026-05-19
bc125e02,e2f6f40d,31,2026-05-19
bc125e02,2179be73,33,2026-05-19
bc125e02,ccea30cd,30,2026-05-20
bc125e02,9fa2228c,27,2026-05-20
bc125e02,3e4de8d8,32,2026-05-20
bc125e02,978e9b69,3,2026-05-21
bc125e02,db3ffffd,3,2026-05-21
bc125e02,c0dee132,3,2026-05-21
bc125e02,67e62110,3,2026-05-21
bc125e02,b44a7a29,3,2026-05-21
bc125e02,253107a3,3,2026-05-22
bc125e02,d9e3128b,3,2026-05-22
bc125e02,eeca2d6d,3,2026-05-22
bc125e02,c519492f,3,2026-05-22
bc125e02,4e019407,3,2026-05-22
bc125e02,828b1446,50,2026-05-23
bc125e02,d0d01819,49,2026-05-23
bc125e02,1977813d,53,2026-05-23
bc125e02,1fc5e558,53,2026-05-23
bc125e02,0857532a,16,2026-05-24
bc125e02,f7073209,18,2026-05-24
bc125e02,369d8313,18,2026-05-24
bc125e02,a6b49066,26,2026-05-25
bc125e02,8d1f825a,29,2026-05-25
bc125e02,56f80832,24,2026-05-25
bc125e02,7c6d1cf0,25,2026-05-25
bc125e02,8bfc3fdf,17,2026-05-26
bc125e02,dfe48aff,15,2026-05-26
bc125e02,fefab5e0,18,2026-05-26
bc125e02,e2a27fe1,59,2026-05-27
bc125e02,48310a18,61,2026-05-27
bc125e02,7661fcc0,58,2026-05-27
bc125e02,142eb297,59,2026-05-27
bc125e02,8ab3844e,23,2026-05-28
bc125e02,3711cb1e,23,2026-05-28
bc125e02,5a7997c4,20,2026-05-28
bc125e02,1777a436,21,2026-05-28
bc125e02,4cdfa3eb,21,2026-05-28
bc125e02,114d16af,6,2026-05-29
bc125e02,7e4b3324,8,2026-05-29
bc125e02,4934c7e0,60,2026-05-30
bc125e02,6e660064,60,2026-05-30
bc125e02,8b5fe394,58,2026-05-30
bc125e02,a24d4d68,60,2026-05-30
bc125e02,e22f0ae9,61,2026-05-30
bc125e02,1e6e32cc,3,2026-05-31
bc125e02,668d7e73,3,2026-05-31
bc125e02,2ce121f1,4,2026-05-31
bc125e02,69189082,3,2026-05-31
83a70ba7,d1912a34,14,2026-05-01
83a70ba7,4c03bcef,13,2026-05-01
83a70ba7,f7200bfa,15,2026-05-01
83a70ba7,e3cf49ac,16,2026-05-01
83a70ba7,5b7f00c1,3,2026-05-02
83a70ba7,ddf89cbd,3,2026-05-02
83a70ba7,0a801c60,3,2026-05-02
83a70ba7,5e5036bb,3,2026-05-02
83a70ba7,ba9fe561,3,2026-05-02
83a70ba7,8e295cd8,21,2026-05-03
83a70ba7,bd46820f,20,2026-05-03
83a70ba7,fdfd2489,19,2026-05-03
83a70ba7,bad122b4,21,2026-05-03
83a70ba7,5820c8b4,20,2026-05-03
83a70ba7,fde7d827,22,2026-05-03
83a70ba7,4748d0c4,22,2026-05-04
83a70ba7,e2090f17,23,2026-05-04
83a70ba7,10e556e4,23,2026-05-04
83a70ba7,036bd265,24,2026-05-04
83a70ba7,677080d2,23,2026-05-04
83a70ba7,7fed2fcb,15,2026-05-05
83a70ba7,cdeca88a,8,2026-05-05
83a70ba7,c4dc24a3,11,2026-05-05
83a70ba7,1c4b17fa,20,2026-05-06
83a70ba7,cf1598c7,19,2026-05-06
83a70ba7,dda5ffec,20,2026-05-06
83a70ba7,6dbc6395,22,2026-05-06
83a70ba7,66327010,21,2026-05-06
83a70ba7,bfa6a638,16,2026-05-06
83a70ba7,e1dadf94,7,2026-05-07
83a70ba7,72359803,11,2026-05-07
83a70ba7,033036d2,8,2026-05-07
83a70ba7,d313aa96,10,2026-05-07
83a70ba7,3e0eff1a,8,2026-05-07
83a70ba7,239442fb,20,2026-05-08
83a70ba7,41c14fd6,19,2026-05-08
83a70ba7,c4d276f5,23,2026-05-09
83a70ba7,10625bf8,21,2026-05-09
83a70ba7,c608ef0a,22,2026-05-09
83a70ba7,5cb4b3fb,25,2026-05-09
83a70ba7,b5fbb931,23,2026-05-09
83a70ba7,bd91eba5,19,2026-05-10
83a70ba7,b04fb9ee,20,2026-05-10
83a70ba7,556efc71,19,2026-05-10
83a70ba7,242ea199,23,2026-05-10
83a70ba7,175d954f,17,2026-05-11
83a70ba7,9f166a5c,18,2026-05-11
83a70ba7,7c8a14e2,18,2026-05-11
83a70ba7,269ad464,15,2026-05-11
83a70ba7,48106622,19,2026-05-12
83a70ba7,32b44fd6,17,2026-05-12
83a70ba7,51f60ab5,20,2026-05-12
83a70ba7,c4029253,20,2026-05-12
83a70ba7,8824a05b,20,2026-05-12
83a70ba7,7ba3c082,18,2026-05-12
83a70ba7,8ba17303,20,2026-05-12
83a70ba7,07ffdf52,3,2026-05-13
83a70ba7,90deb7b4,3,2026-05-13
83a70ba7,8299dd0a,3,2026-05-13
83a70ba7,267ef867,3,2026-05-13
83a70ba7,5c854080,3,2026-05-13
83a70ba7,79c43520,22,2026-05-14
83a70ba7,3ed2778e,22,2026-05-14
83a70ba7,567b0921,19,2026-05-14
83a70ba7,cad2d5b5,23,2026-05-14
83a70ba7,4f30ebf9,24,2026-05-14
83a70ba7,d971b326,3,2026-05-15
83a70ba7,3efd934d,3,2026-05-15
83a70ba7,2cbf902b,3,2026-05-15
83a70ba7,2ca8718d,3,2026-05-15
83a70ba7,24661bcb,25,2026-05-16
83a70ba7,be663ed8,24,2026-05-16
83a70ba7,6a3baaa6,26,2026-05-16
83a70ba7,5e9298a5,23,2026-05-16
83a70ba7,deabb168,30,2026-05-17
83a70ba7,13ebde35,28,2026-05-17
83a70ba7,5f8bbd00,31,2026-05-17
83a70ba7,db5bb8d0,30,2026-05-17
83a70ba7,fd097a51,3,2026-05-18
83a70ba7,930552f6,3,2026-05-18
83a70ba7,ee56c7b7,3,2026-05-18
83a70ba7,515acb3c,3,2026-05-18
83a70ba7,1d41245b,3,2026-05-19
83a70ba7,866a9baa,3,2026-05-19
83a70ba7,3fd16015,3,2026-05-19
83a70ba7,c20782d8,3,2026-05-19
83a70ba7,27977f78,3,2026-05-19
83a70ba7,e052c878,29,2026-05-20
83a70ba7,2af52167,26,2026-05-20
83a70ba7,ea8c44f3,27,2026-05-20
83a70ba7,ec518825,15,2026-05-21
83a70ba7,b7e1d3a3,15,2026-05-21
83a70ba7,ae5b428e,15,2026-05-21
83a70ba7,4ee6df66,18,2026-05-21
83a70ba7,2fd15f30,12,2026-05-21
83a70ba7,2135ace8,22,2026-05-22
83a70ba7,27315d92,20,2026-05-22
83a70ba7,f14eb043,22,2026-05-22
83a70ba7,58cdb0f4,23,2026-05-22
83a70ba7,8b47c6da,23,2026-05-22
83a70ba7,33ccab00,3,2026-05-23
83a70ba7,7f5476f5,3,2026-05-23
83a70ba7,4d5b9663,3,2026-05-23
83a70ba7,3cea0f9c,3,2026-05-23
83a70ba7,3fbf5d07,33,2026-05-24
83a70ba7,644925a3,30,2026-05-24
83a70ba7,2226c015,33,2026-05-24
83a70ba7,7a8f408e,33,2026-05-24
83a70ba7,da7ba9e1,3,2026-05-25
83a70ba7,3cd499db,3,2026-05-25
83a70ba7,249752cc,3,2026-05-25
83a70ba7,cbba249d,3,2026-05-25
83a70ba7,9b3b2e41,3,2026-05-25
83a70ba7,61e6348f,3,2026-05-25
83a70ba7,62976bc0,3,2026-05-26
83a70ba7,b14bd2ef,3,2026-05-26
83a70ba7,b8267410,3,2026-05-26
83a70ba7,02a14006,3,2026-05-26
83a70ba7,1b1035c9,3,2026-05-27
83a70ba7,c3fc6e32,3,2026-05-27
83a70ba7,3a9714d4,3,2026-05-27
83a70ba7,4002f702,3,2026-05-27
83a70ba7,768dd78d,32,2026-05-28
83a70ba7,eeb1c01e,33,2026-05-28
83a70ba7,1dd66b72,3,2026-05-29
83a70ba7,db7d3802,3,2026-05-29
83a70ba7,cf1919cd,3,2026-05-29
83a70ba7,16e18b7c,3,2026-05-29
83a70ba7,9df83da5,3,2026-05-29
83a70ba7,4606df52,3,2026-05-30
83a70ba7,a7a14bac,3,2026-05-30
83a70ba7,42f79073,3,2026-05-30
83a70ba7,694993f0,3,2026-05-30
83a70ba7,f5de7982,3,2026-05-30
83a70ba7,61d99537,3,2026-05-30
83a70ba7,23566965,3,2026-05-31
83a70ba7,760fad21,3,2026-05-31
83a70ba7,140ca8eb,3,2026-05-31
83a70ba7,5cb25578,3,2026-05-31
172d71c3,98c6cfae,62,2026-05-01
172d71c3,a93ac154,59,2026-05-01
172d71c3,c5026166,60,2026-05-01
172d71c3,fe2a6c7e,60,2026-05-02
172d71c3,33be6410,61,2026-05-02
172d71c3,8c546959,23,2026-05-03
172d71c3,a2f72ad4,23,2026-05-03
172d71c3,d96223c7,25,2026-05-03
172d71c3,0fbf4ad1,23,2026-05-03
172d71c3,cfa10b8d,3,2026-05-04
172d71c3,9eeef133,3,2026-05-04
172d71c3,407ad4e1,20,2026-05-05
172d71c3,ba64afce,23,2026-05-05
172d71c3,cfa6c663,22,2026-05-05
172d71c3,bea283df,3,2026-05-06
172d71c3,6205c2e0,3,2026-05-06
172d71c3,53ec4249,3,2026-05-06
172d71c3,f9bb1e96,3,2026-05-07
172d71c3,f8b52353,36,2026-05-08
172d71c3,f09cb410,3,2026-05-09
172d71c3,36cb8a02,4,2026-05-10
172d71c3,07fdd1fa,4,2026-05-10
172d71c3,b1600211,4,2026-05-10
172d71c3,a83ecb9b,9,2026-05-11
172d71c3,11e63ecc,6,2026-05-11
172d71c3,dcda7f07,37,2026-05-12
172d71c3,3d75476f,38,2026-05-12
172d71c3,85ba7c12,29,2026-05-13
172d71c3,3ae24819,27,2026-05-13
172d71c3,9df582bc,31,2026-05-13
172d71c3,393e19e5,19,2026-05-14
172d71c3,04ec325a,3,2026-05-15
172d71c3,518041f1,3,2026-05-15
172d71c3,b394106a,34,2026-05-16
172d71c3,68994c67,29,2026-05-16
172d71c3,e5bdd797,29,2026-05-16
172d71c3,3880a102,30,2026-05-16
172d71c3,ead203d6,38,2026-05-17
172d71c3,ff4134bb,33,2026-05-18
172d71c3,d1cf6482,34,2026-05-18
172d71c3,e9b2adc9,3,2026-05-19
172d71c3,530b1c05,3,2026-05-19
172d71c3,aa029ac1,3,2026-05-19
172d71c3,92d39724,27,2026-05-20
172d71c3,204ba0d1,26,2026-05-20
172d71c3,c86dc05c,26,2026-05-20
172d71c3,e6f17ce7,49,2026-05-21
172d71c3,7c1dde03,45,2026-05-21
172d71c3,a24acdda,47,2026-05-21
172d71c3,bbb1d86f,48,2026-05-21
172d71c3,1a6d9d62,13,2026-05-22
172d71c3,b9264dfa,10,2026-05-22
172d71c3,4c8d6fbc,12,2026-05-22
172d71c3,8b2d64ba,19,2026-05-23
172d71c3,23aeb637,20,2026-05-23
172d71c3,fb2bcd47,24,2026-05-24
172d71c3,cace784f,27,2026-05-24
172d71c3,fdb4d4c5,26,2026-05-24
172d71c3,1a664a58,20,2026-05-25
172d71c3,62590cba,20,2026-05-25
172d71c3,ff1da46c,11,2026-05-26
172d71c3,c0dc6410,14,2026-05-26
172d71c3,d80e10f9,11,2026-05-26
172d71c3,528f4d13,21,2026-05-27
172d71c3,688c1b61,22,2026-05-27
172d71c3,8bcc71e2,22,2026-05-27
172d71c3,1af644cc,23,2026-05-27
172d71c3,69fecd11,3,2026-05-28
172d71c3,3c9e0c5b,3,2026-05-28
172d71c3,2ba5bd00,3,2026-05-29
172d71c3,e61dedf5,3,2026-05-29
172d71c3,1cd77d18,53,2026-05-30
172d71c3,d7bce16b,54,2026-05-30
172d71c3,3eda6f52,12,2026-05-31
172d71c3,25cdcc0a,8,2026-05-31
1134c24f,3b8de8ec,3,2026-05-01
1134c24f,4b0f4a5e,3,2026-05-01
1134c24f,409a013d,3,2026-05-01
1134c24f,7e3d0fff,3,2026-05-01
1134c24f,796dac7b,3,2026-05-01
1134c24f,cb68ca6f,3,2026-05-01
1134c24f,77f231ea,3,2026-05-01
1134c24f,a8913880,3,2026-05-01
1134c24f,1039b575,3,2026-05-01
1134c24f,34fd4471,23,2026-05-02
1134c24f,5832bebc,22,2026-05-02
1134c24f,ced5c57b,22,2026-05-02
1134c24f,e2ec6589,23,2026-05-02
1134c24f,827084e3,20,2026-05-02
1134c24f,7e70da31,22,2026-05-02
1134c24f,4161d98b,22,2026-05-02
1134c24f,0e20f17f,21,2026-05-02
1134c24f,c87f355b,7,2026-05-03
1134c24f,a7732a0a,13,2026-05-03
1134c24f,7574acb0,11,2026-05-03
1134c24f,db4e754f,13,2026-05-03
1134c24f,543adda4,12,2026-05-03
1134c24f,fd9695a2,11,2026-05-03
1134c24f,c87b33f5,11,2026-05-03
1134c24f,87a973d3,12,2026-05-03
1134c24f,e2243151,11,2026-05-03
1134c24f,84217c6b,3,2026-05-04
1134c24f,02565bf1,4,2026-05-04
1134c24f,200f5a31,9,2026-05-04
1134c24f,31eea900,6,2026-05-04
1134c24f,c90bc9d2,3,2026-05-04
1134c24f,b65b2947,5,2026-05-04
1134c24f,dd0bbbb0,7,2026-05-04
1134c24f,b585981f,6,2026-05-04
1134c24f,8838e81c,3,2026-05-05
1134c24f,241b1284,3,2026-05-05
1134c24f,8faef403,3,2026-05-05
1134c24f,e518d365,3,2026-05-05
1134c24f,f69e9226,3,2026-05-05
1134c24f,8c4066c3,3,2026-05-05
1134c24f,1bd4ab6f,3,2026-05-05
1134c24f,0c786ed8,3,2026-05-05
1134c24f,7fb14ee6,3,2026-05-05
1134c24f,debf42ae,22,2026-05-06
1134c24f,64d00c0c,24,2026-05-06
1134c24f,0ed22a1b,23,2026-05-06
1134c24f,8a17441d,24,2026-05-06
1134c24f,77362ed5,23,2026-05-06
1134c24f,39fd75c0,23,2026-05-06
1134c24f,ddeed87f,25,2026-05-06
1134c24f,86a13478,25,2026-05-06
1134c24f,803f5982,6,2026-05-07
1134c24f,2bbb1ed9,4,2026-05-07
1134c24f,4d78b808,6,2026-05-07
1134c24f,910b9a29,6,2026-05-07
1134c24f,59480fe2,6,2026-05-07
1134c24f,c1b7c8d6,4,2026-05-07
1134c24f,904d93a7,6,2026-05-07
1134c24f,926ff52b,7,2026-05-07
1134c24f,8ffcce9e,21,2026-05-08
1134c24f,2c138ff2,21,2026-05-08
1134c24f,d5da6911,21,2026-05-08
1134c24f,74ee478f,25,2026-05-08
1134c24f,d636e3a5,20,2026-05-08
1134c24f,ab2730fe,21,2026-05-08
1134c24f,8baeae34,20,2026-05-08
1134c24f,7546312a,22,2026-05-08
1134c24f,0e39092e,3,2026-05-09
1134c24f,333940ac,5,2026-05-09
1134c24f,dd073298,3,2026-05-09
1134c24f,3cc83ad0,3,2026-05-09
1134c24f,848f7585,5,2026-05-09
1134c24f,d1a4258e,3,2026-05-09
1134c24f,1631cfa7,4,2026-05-09
1134c24f,257de3a1,22,2026-05-10
1134c24f,c5d60ac4,21,2026-05-10
1134c24f,e76671fb,23,2026-05-10
1134c24f,025418f9,21,2026-05-10
1134c24f,a761780f,22,2026-05-10
1134c24f,c7d4f15b,22,2026-05-10
1134c24f,9c81e374,18,2026-05-10
1134c24f,49648d86,24,2026-05-10
1134c24f,7b2dbc0e,19,2026-05-10
1134c24f,8916fa4d,7,2026-05-11
1134c24f,d78142b6,5,2026-05-11
1134c24f,23ace335,7,2026-05-11
1134c24f,dae4bf0a,8,2026-05-11
1134c24f,8d051ac4,8,2026-05-11
1134c24f,9c099dd2,5,2026-05-11
1134c24f,3e1094f2,20,2026-05-12
1134c24f,d0a6facb,20,2026-05-12
1134c24f,efee22cd,17,2026-05-12
1134c24f,116e66b0,20,2026-05-12
1134c24f,fd7f2675,17,2026-05-12
1134c24f,53e4d922,18,2026-05-12
1134c24f,581884b5,16,2026-05-13
1134c24f,98d5f6b7,21,2026-05-13
1134c24f,e5683ad7,20,2026-05-13
1134c24f,e4f11c07,18,2026-05-13
1134c24f,fd032c39,20,2026-05-13
1134c24f,135a3620,19,2026-05-13
1134c24f,115aaf3a,16,2026-05-14
1134c24f,d0b51649,15,2026-05-14
1134c24f,43867de6,13,2026-05-14
1134c24f,1022055b,15,2026-05-14
1134c24f,7bc32468,12,2026-05-14
1134c24f,02c03363,14,2026-05-14
1134c24f,fffa5fb9,15,2026-05-14
1134c24f,278f070b,15,2026-05-14
1134c24f,0f2dd724,31,2026-05-15
1134c24f,74731f85,29,2026-05-15
1134c24f,0304fd13,27,2026-05-15
1134c24f,fe3d176d,27,2026-05-15
1134c24f,ef4edbeb,29,2026-05-15
1134c24f,a5e29bc2,26,2026-05-15
1134c24f,df1312ab,3,2026-05-16
1134c24f,20e20eda,3,2026-05-16
1134c24f,8e4d353d,3,2026-05-16
1134c24f,01506fc0,3,2026-05-16
1134c24f,f306df4e,3,2026-05-16
1134c24f,07f0f466,3,2026-05-16
1134c24f,5cdf3d00,5,2026-05-17
1134c24f,8fa4aa57,3,2026-05-17
1134c24f,f52c6b28,3,2026-05-17
1134c24f,0860a908,3,2026-05-17
1134c24f,6026084f,3,2026-05-17
1134c24f,29dab462,3,2026-05-17
1134c24f,ed34d0b7,3,2026-05-17
1134c24f,3e1428ab,3,2026-05-17
1134c24f,0889a48b,3,2026-05-18
1134c24f,5c70d570,3,2026-05-18
1134c24f,8a4467f7,3,2026-05-18
1134c24f,e13ee5e9,3,2026-05-18
1134c24f,f5c58c1e,3,2026-05-18
1134c24f,9bd2d2c3,3,2026-05-18
1134c24f,9dac31b7,3,2026-05-19
1134c24f,ab3e55a4,3,2026-05-19
1134c24f,a098fafa,3,2026-05-19
1134c24f,5cd0f388,3,2026-05-19
1134c24f,c71f5a84,3,2026-05-19
1134c24f,425b0f4f,3,2026-05-19
1134c24f,4aa9887d,3,2026-05-19
1134c24f,7c1cc4d4,3,2026-05-19
1134c24f,767017f3,3,2026-05-19
1134c24f,50f53e37,12,2026-05-20
1134c24f,a75c1328,10,2026-05-20
1134c24f,3abc5711,11,2026-05-20
1134c24f,e7b433e3,12,2026-05-20
1134c24f,d2dbfc45,9,2026-05-20
1134c24f,536e1b82,11,2026-05-20
1134c24f,ab67f79d,8,2026-05-20
1134c24f,d9e66e84,14,2026-05-21
1134c24f,ce301105,12,2026-05-21
1134c24f,6ae008b0,11,2026-05-21
1134c24f,959f0984,13,2026-05-21
1134c24f,a81590cc,12,2026-05-21
1134c24f,13a8911e,3,2026-05-22
1134c24f,0d712d96,3,2026-05-22
1134c24f,c2025d48,3,2026-05-22
1134c24f,b23a98c4,3,2026-05-22
1134c24f,59ba578a,3,2026-05-22
1134c24f,c898cb45,3,2026-05-22
1134c24f,fcab4426,3,2026-05-22
1134c24f,442e1a2f,3,2026-05-22
1134c24f,97bcb618,3,2026-05-22
1134c24f,14202ee7,3,2026-05-23
1134c24f,c072ae8d,3,2026-05-23
1134c24f,83c07eff,3,2026-05-23
1134c24f,f4b8bedc,3,2026-05-23
1134c24f,6ca28b7a,3,2026-05-23
1134c24f,8c6770df,3,2026-05-23
1134c24f,1ab6284b,3,2026-05-23
1134c24f,90e394bd,3,2026-05-23
1134c24f,0f842ba1,8,2026-05-24
1134c24f,77b551b4,10,2026-05-24
1134c24f,b0239af8,10,2026-05-24
1134c24f,7dfcfadf,11,2026-05-24
1134c24f,8f03f971,10,2026-05-24
1134c24f,8635b0b8,13,2026-05-24
1134c24f,70c64070,11,2026-05-24
1134c24f,af16ddea,11,2026-05-24
1134c24f,c953d89d,5,2026-05-25
1134c24f,e839907f,5,2026-05-25
1134c24f,1f27543c,4,2026-05-25
1134c24f,79fc5502,5,2026-05-25
1134c24f,ca6805a3,3,2026-05-25
1134c24f,f28cd070,3,2026-05-25
1134c24f,95b4196e,3,2026-05-25
1134c24f,9461989c,5,2026-05-25
1134c24f,17b4a358,3,2026-05-26
1134c24f,cc4d7523,3,2026-05-26
1134c24f,c55b5fab,3,2026-05-26
1134c24f,8c58e1a7,3,2026-05-26
1134c24f,80af165c,3,2026-05-26
1134c24f,7f9ba7e4,3,2026-05-26
1134c24f,5cc53cdf,8,2026-05-27
1134c24f,58467612,9,2026-05-27
1134c24f,6e5975f5,10,2026-05-27
1134c24f,5efb9ac9,9,2026-05-27
1134c24f,bf054be7,7,2026-05-27
1134c24f,510d62fd,11,2026-05-27
1134c24f,4adfc05a,3,2026-05-28
1134c24f,d37fa14c,3,2026-05-28
1134c24f,57c0c44b,3,2026-05-28
1134c24f,dcabb0be,3,2026-05-28
1134c24f,7e325090,3,2026-05-28
1134c24f,a8b511d9,3,2026-05-28
1134c24f,0954c990,3,2026-05-28
1134c24f,96e61a00,6,2026-05-29
1134c24f,982ff6f6,5,2026-05-29
1134c24f,e75e4ca9,3,2026-05-29
1134c24f,6f34f57a,5,2026-05-29
1134c24f,253c8597,6,2026-05-29
1134c24f,49a225ec,4,2026-05-29
1134c24f,d7d830f7,4,2026-05-29
1134c24f,6303f284,8,2026-05-29
1134c24f,d3af01c3,10,2026-05-30
1134c24f,e812add4,7,2026-05-30
1134c24f,eb8d3717,10,2026-05-30
1134c24f,aa76e040,10,2026-05-30
1134c24f,f5768208,7,2026-05-30
1134c24f,c15077c1,8,2026-05-30
1134c24f,3a7fa288,3,2026-05-31
1134c24f,53eb3f4c,3,2026-05-31
1134c24f,e45b9741,3,2026-05-31
1134c24f,23fb91a1,3,2026-05-31
1134c24f,dfba3b25,3,2026-05-31
1134c24f,6d9029c8,3,2026-05-31
1134c24f,e4f531a7,3,2026-05-31
e0406e21,f9f8e1a5,11,2026-05-01
e0406e21,b38e196d,11,2026-05-01
e0406e21,49738cba,11,2026-05-01
e0406e21,ffa89a15,9,2026-05-01
e0406e21,8fd65e8e,22,2026-05-02
e0406e21,9b5fab0e,22,2026-05-02
e0406e21,3c50b591,23,2026-05-02
e0406e21,820bf908,25,2026-05-02
e0406e21,3432f0fb,16,2026-05-03
e0406e21,fae950e1,18,2026-05-03
e0406e21,4326a48b,17,2026-05-03
e0406e21,27300c8b,17,2026-05-03
e0406e21,746761ad,18,2026-05-04
e0406e21,56c05cbf,18,2026-05-04
e0406e21,a5889553,17,2026-05-04
e0406e21,b87fce1d,16,2026-05-04
e0406e21,bd8e8833,3,2026-05-05
e0406e21,3ce794b3,3,2026-05-05
e0406e21,9c9c6942,3,2026-05-05
e0406e21,785c08d5,3,2026-05-05
e0406e21,508d8e72,3,2026-05-05
e0406e21,a5ebd184,4,2026-05-06
e0406e21,33213d90,3,2026-05-06
e0406e21,91da3494,3,2026-05-06
e0406e21,5a4b7783,3,2026-05-06
e0406e21,72045eff,3,2026-05-06
e0406e21,a2a3e4e9,47,2026-05-07
e0406e21,8ac66df4,45,2026-05-07
e0406e21,32e7f2b2,43,2026-05-08
e0406e21,6e65532c,43,2026-05-08
e0406e21,86468eea,43,2026-05-08
e0406e21,bc46d38e,42,2026-05-08
e0406e21,f55f7e72,43,2026-05-08
e0406e21,5775c905,41,2026-05-08
e0406e21,5361d98b,12,2026-05-09
e0406e21,5393af18,12,2026-05-09
e0406e21,3cd3c0f9,13,2026-05-09
e0406e21,acdbd615,12,2026-05-09
e0406e21,f1b21b46,11,2026-05-09
e0406e21,4021d83e,4,2026-05-10
e0406e21,105a745d,3,2026-05-10
e0406e21,1b0a9b73,4,2026-05-10
e0406e21,6c67b12a,3,2026-05-10
e0406e21,f5b203e7,6,2026-05-10
e0406e21,8759bf8f,3,2026-05-11
e0406e21,f218ab99,3,2026-05-11
e0406e21,3ea40405,3,2026-05-11
e0406e21,256417c1,3,2026-05-11
e0406e21,b55f6726,3,2026-05-11
e0406e21,a7d94f4e,3,2026-05-11
e0406e21,a65b40bb,37,2026-05-12
e0406e21,05c0f210,37,2026-05-12
e0406e21,0d89f8db,3,2026-05-13
e0406e21,cceb74b4,3,2026-05-13
e0406e21,bea79076,3,2026-05-13
e0406e21,aa223743,3,2026-05-13
e0406e21,dbb31b0f,3,2026-05-13
e0406e21,1c8fd1de,15,2026-05-14
e0406e21,add09d27,18,2026-05-14
e0406e21,fb1445ad,17,2026-05-14
e0406e21,e61ac92b,18,2026-05-14
e0406e21,71d9a79a,15,2026-05-14
e0406e21,1d6f7771,3,2026-05-15
e0406e21,b3df1dd3,3,2026-05-15
e0406e21,6b733d18,3,2026-05-15
e0406e21,1c4df40c,3,2026-05-15
e0406e21,ad72fc86,52,2026-05-16
e0406e21,3f67422c,53,2026-05-16
e0406e21,45e0d419,51,2026-05-16
e0406e21,68e7aa99,3,2026-05-17
e0406e21,b4bd5f9d,3,2026-05-17
e0406e21,cfa44cb0,3,2026-05-17
e0406e21,8c3730fb,3,2026-05-17
e0406e21,08f5e0b9,36,2026-05-18
e0406e21,376e19ac,21,2026-05-19
e0406e21,022e2e50,22,2026-05-19
e0406e21,bd5ad100,21,2026-05-19
e0406e21,22e09a53,24,2026-05-19
e0406e21,ef2c7bd7,48,2026-05-20
e0406e21,3c73a103,49,2026-05-20
e0406e21,f4decd44,48,2026-05-20
e0406e21,c631caa7,48,2026-05-20
e0406e21,780a43b0,50,2026-05-20
e0406e21,4e3edf94,52,2026-05-20
e0406e21,25526220,12,2026-05-21
e0406e21,6b7e2d44,11,2026-05-21
e0406e21,ebae155a,15,2026-05-21
e0406e21,19810d0e,12,2026-05-21
e0406e21,e5ac6f94,11,2026-05-21
e0406e21,bd507d82,20,2026-05-22
e0406e21,cbff64cf,18,2026-05-22
e0406e21,5259a004,17,2026-05-22
e0406e21,b54730e3,21,2026-05-22
e0406e21,380b7173,7,2026-05-23
e0406e21,fb302e6b,6,2026-05-23
e0406e21,275360f1,6,2026-05-23
e0406e21,64cfb765,3,2026-05-24
e0406e21,f041980b,3,2026-05-24
e0406e21,19f7cccf,3,2026-05-24
e0406e21,c9211a0a,22,2026-05-25
e0406e21,3c418d4d,22,2026-05-25
e0406e21,50bd1967,23,2026-05-25
e0406e21,ec0a1586,29,2026-05-25
e0406e21,d734ec0c,21,2026-05-25
e0406e21,36c06c37,60,2026-05-26
e0406e21,e79e99da,59,2026-05-26
e0406e21,67a55ed7,61,2026-05-26
e0406e21,32869e86,60,2026-05-26
e0406e21,2a4e9e57,58,2026-05-26
e0406e21,7c8d41a7,3,2026-05-27
e0406e21,fdcba286,3,2026-05-27
e0406e21,fe9a968e,3,2026-05-27
e0406e21,ef0fa159,3,2026-05-27
e0406e21,f53f570d,3,2026-05-27
e0406e21,be9008e8,10,2026-05-28
e0406e21,b05b2c6e,13,2026-05-28
e0406e21,5079706e,11,2026-05-28
e0406e21,bca5a1b1,9,2026-05-28
e0406e21,b186998b,10,2026-05-28
e0406e21,ac8d3237,11,2026-05-28
e0406e21,95baed05,19,2026-05-29
e0406e21,c42ba777,20,2026-05-29
e0406e21,d1f374f2,21,2026-05-29
e0406e21,5373dfbc,20,2026-05-29
e0406e21,804b1672,3,2026-05-30
e0406e21,4ac9b2f9,3,2026-05-30
e0406e21,58a44cb8,3,2026-05-30
e0406e21,32db7f00,3,2026-05-30
e0406e21,7a0a2ec8,3,2026-05-31
e0406e21,0ca8e489,3,2026-05-31
e0406e21,78b80d2e,3,2026-05-31
e0406e21,795f22d2,3,2026-05-31
e0406e21,3656336b,3,2026-05-31
e0406e21,3bb4bd0e,3,2026-05-31
6e1734c7,8a15068f,3,2026-05-01
6e1734c7,966945f0,3,2026-05-01
6e1734c7,7926455a,3,2026-05-01
6e1734c7,f6b3ecfc,3,2026-05-01
6e1734c7,d2ec5340,3,2026-05-01
6e1734c7,a587b9b6,3,2026-05-01
6e1734c7,a8343a33,3,2026-05-01
6e1734c7,d5b4767d,3,2026-05-01
6e1734c7,a5f8be45,3,2026-05-01
6e1734c7,0fc17160,3,2026-05-01
6e1734c7,2adec769,11,2026-05-02
6e1734c7,8d0d5bbd,7,2026-05-02
6e1734c7,8f876102,13,2026-05-02
6e1734c7,65728c16,13,2026-05-02
6e1734c7,0d633a11,12,2026-05-02
6e1734c7,d7b8682a,12,2026-05-02
6e1734c7,45f4cef8,15,2026-05-02
6e1734c7,e87b43c5,13,2026-05-02
6e1734c7,d3b7eedb,3,2026-05-03
6e1734c7,feececa0,3,2026-05-03
6e1734c7,743a0b56,3,2026-05-03
6e1734c7,5977218e,3,2026-05-03
6e1734c7,80fe3fc6,3,2026-05-03
6e1734c7,dc168336,3,2026-05-03
6e1734c7,5797f6e6,3,2026-05-03
6e1734c7,90be115f,3,2026-05-03
6e1734c7,b7164358,11,2026-05-04
6e1734c7,e5a109a8,14,2026-05-04
6e1734c7,d4a5dc96,11,2026-05-04
6e1734c7,9fb49a17,13,2026-05-04
6e1734c7,f3a734a1,10,2026-05-04
6e1734c7,4647cc38,11,2026-05-04
6e1734c7,4162e956,12,2026-05-04
6e1734c7,9d358d75,3,2026-05-05
6e1734c7,46d6ff37,3,2026-05-05
6e1734c7,1b835ad2,3,2026-05-05
6e1734c7,a521d5b1,3,2026-05-05
6e1734c7,48256b17,3,2026-05-05
6e1734c7,6cf8afa8,3,2026-05-05
6e1734c7,c5004203,3,2026-05-05
6e1734c7,b6c7e19c,3,2026-05-05
6e1734c7,910f0f7d,3,2026-05-05
6e1734c7,e448b002,3,2026-05-05
6e1734c7,5131dba1,20,2026-05-06
6e1734c7,0782201b,17,2026-05-06
6e1734c7,305790e3,18,2026-05-06
6e1734c7,3fe5df0a,19,2026-05-06
6e1734c7,313b05e5,18,2026-05-06
6e1734c7,2fb09d98,17,2026-05-06
6e1734c7,d571fe00,19,2026-05-06
6e1734c7,b854dd37,19,2026-05-06
6e1734c7,67a49c46,20,2026-05-06
6e1734c7,da919de9,13,2026-05-07
6e1734c7,435e5b5f,13,2026-05-07
6e1734c7,d1c86d10,14,2026-05-07
6e1734c7,e62dd5e1,16,2026-05-07
6e1734c7,1743eee3,14,2026-05-07
6e1734c7,5c7d05a1,3,2026-05-08
6e1734c7,f9654f16,3,2026-05-08
6e1734c7,68db685e,3,2026-05-08
6e1734c7,d46f460a,3,2026-05-08
6e1734c7,beee38b1,3,2026-05-08
6e1734c7,2871e4b8,3,2026-05-08
6e1734c7,9f780ffd,3,2026-05-08
6e1734c7,355d013e,34,2026-05-09
6e1734c7,0aaf14e9,35,2026-05-09
6e1734c7,e5f83b42,36,2026-05-09
6e1734c7,aedc9f69,33,2026-05-09
6e1734c7,964e027a,34,2026-05-09
6e1734c7,d6942545,35,2026-05-09
6e1734c7,33d9e298,35,2026-05-09
6e1734c7,cac976cd,35,2026-05-09
6e1734c7,3204acbd,3,2026-05-10
6e1734c7,cc49f5c5,3,2026-05-10
6e1734c7,05b92f33,3,2026-05-10
6e1734c7,2203930b,3,2026-05-10
6e1734c7,31a4357b,3,2026-05-10
6e1734c7,ac922da6,3,2026-05-10
6e1734c7,a184bf13,3,2026-05-10
6e1734c7,d59eef24,3,2026-05-10
6e1734c7,588c4149,22,2026-05-11
6e1734c7,e7a0b272,22,2026-05-11
6e1734c7,0b209214,24,2026-05-11
6e1734c7,cc183863,22,2026-05-11
6e1734c7,67e9c95c,26,2026-05-11
6e1734c7,1e2de079,24,2026-05-11
6e1734c7,1fb30167,23,2026-05-11
6e1734c7,8740fbe7,25,2026-05-11
6e1734c7,5be223c5,22,2026-05-11
6e1734c7,6f76e861,3,2026-05-12
6e1734c7,0f608d4d,3,2026-05-12
6e1734c7,7180322b,3,2026-05-12
6e1734c7,ed7ba40c,3,2026-05-12
6e1734c7,16c1f954,3,2026-05-12
6e1734c7,1f2096c0,3,2026-05-12
6e1734c7,06a62c25,3,2026-05-12
6e1734c7,997f3dc1,3,2026-05-12
6e1734c7,04e23843,3,2026-05-13
6e1734c7,8b7abff5,3,2026-05-13
6e1734c7,4cd97606,3,2026-05-13
6e1734c7,317121f9,3,2026-05-13
6e1734c7,1f4ccf9b,3,2026-05-13
6e1734c7,e7790f9f,3,2026-05-13
6e1734c7,a1a72ee8,3,2026-05-13
6e1734c7,9042e41d,3,2026-05-13
6e1734c7,5a0c4058,3,2026-05-13
6e1734c7,2153f870,22,2026-05-14
6e1734c7,a2a6fce7,22,2026-05-14
6e1734c7,609f0478,23,2026-05-14
6e1734c7,abc1587e,23,2026-05-14
6e1734c7,b9aa04e0,21,2026-05-14
6e1734c7,3bf70b50,24,2026-05-14
6e1734c7,092f4cad,22,2026-05-14
6e1734c7,4245e272,41,2026-05-15
6e1734c7,8e630361,39,2026-05-15
6e1734c7,91909949,40,2026-05-15
6e1734c7,93b54be2,39,2026-05-15
6e1734c7,f8b7b976,41,2026-05-15
6e1734c7,4ee4b9ec,39,2026-05-15
6e1734c7,ad444966,37,2026-05-15
6e1734c7,47fd0930,37,2026-05-15
6e1734c7,220e48cc,45,2026-05-16
6e1734c7,a4ed1312,42,2026-05-16
6e1734c7,f96da0a2,44,2026-05-16
6e1734c7,fb538f0b,42,2026-05-16
6e1734c7,0cd05aa6,42,2026-05-16
6e1734c7,a51cee96,42,2026-05-16
6e1734c7,7f1594cb,44,2026-05-16
6e1734c7,15bc644b,44,2026-05-16
6e1734c7,8fd7655e,47,2026-05-16
6e1734c7,9316705d,3,2026-05-17
6e1734c7,50114011,3,2026-05-17
6e1734c7,9c54ffcd,3,2026-05-17
6e1734c7,9e4f7361,3,2026-05-17
6e1734c7,5c9643fc,3,2026-05-17
6e1734c7,98bed092,3,2026-05-17
6e1734c7,d12dc202,9,2026-05-18
6e1734c7,aba772de,6,2026-05-18
6e1734c7,413995d9,4,2026-05-18
6e1734c7,49788539,7,2026-05-18
6e1734c7,8ff0864a,5,2026-05-18
6e1734c7,66a0d176,6,2026-05-18
6e1734c7,d8d5ea15,3,2026-05-19
6e1734c7,b515d2af,3,2026-05-19
6e1734c7,dd57fa41,3,2026-05-19
6e1734c7,3e45cfde,3,2026-05-19
6e1734c7,73b967ca,3,2026-05-19
6e1734c7,b5f74654,3,2026-05-19
6e1734c7,3c8fdf4a,3,2026-05-19
6e1734c7,9db6c3ea,3,2026-05-19
6e1734c7,8c65a1a3,3,2026-05-20
6e1734c7,6bad3ed0,3,2026-05-20
6e1734c7,9f95f74a,3,2026-05-20
6e1734c7,8bb31757,3,2026-05-20
6e1734c7,dfd7221f,3,2026-05-20
6e1734c7,98e1edcc,3,2026-05-20
6e1734c7,a800541c,3,2026-05-20
6e1734c7,47e66a74,3,2026-05-20
6e1734c7,5716f193,3,2026-05-20
6e1734c7,b9b49b27,8,2026-05-21
6e1734c7,6494d40d,8,2026-05-21
6e1734c7,3a240cc8,8,2026-05-21
6e1734c7,5ea776a9,4,2026-05-21
6e1734c7,cc412696,4,2026-05-21
6e1734c7,85c4750c,7,2026-05-21
6e1734c7,24a4fd24,7,2026-05-21
6e1734c7,2ec502cd,3,2026-05-22
6e1734c7,899a24b8,3,2026-05-22
6e1734c7,4ac0eef9,3,2026-05-22
6e1734c7,b96e6861,3,2026-05-22
6e1734c7,dba4325b,3,2026-05-22
6e1734c7,f2906c0f,3,2026-05-22
6e1734c7,9baa4c09,3,2026-05-22
6e1734c7,98683263,3,2026-05-22
6e1734c7,c8c9b80f,3,2026-05-23
6e1734c7,4bd8a243,3,2026-05-23
6e1734c7,d34cab4f,3,2026-05-23
6e1734c7,b6a77fc7,3,2026-05-23
6e1734c7,19cd870e,3,2026-05-23
6e1734c7,fc5a3206,3,2026-05-23
6e1734c7,f85b2890,3,2026-05-23
6e1734c7,3092051c,3,2026-05-23
6e1734c7,d529a2e2,25,2026-05-24
6e1734c7,dbd22635,25,2026-05-24
6e1734c7,f4af17af,21,2026-05-24
6e1734c7,4a7874e1,24,2026-05-24
6e1734c7,c0b8641b,25,2026-05-24
6e1734c7,0519cb99,24,2026-05-24
6e1734c7,15f064d2,22,2026-05-24
6e1734c7,ff5f49f4,40,2026-05-25
6e1734c7,29396a88,43,2026-05-25
6e1734c7,c2b10144,43,2026-05-25
6e1734c7,0a3619ff,41,2026-05-25
6e1734c7,63ba6351,41,2026-05-25
6e1734c7,0fd28882,42,2026-05-25
6e1734c7,292582f2,3,2026-05-26
6e1734c7,c3822cf1,3,2026-05-26
6e1734c7,d19b537b,3,2026-05-26
6e1734c7,604022fd,3,2026-05-26
6e1734c7,aeb57664,3,2026-05-26
6e1734c7,36a080d6,3,2026-05-26
6e1734c7,d210c394,3,2026-05-26
6e1734c7,1d911738,3,2026-05-26
6e1734c7,b6d5de3f,3,2026-05-26
6e1734c7,31d0f5c5,3,2026-05-27
6e1734c7,4acadb60,3,2026-05-27
6e1734c7,0956afb2,3,2026-05-27
6e1734c7,7da82d4e,3,2026-05-27
6e1734c7,f884d9fb,3,2026-05-27
6e1734c7,58e3a913,3,2026-05-27
6e1734c7,09a41356,3,2026-05-28
6e1734c7,9659b684,3,2026-05-28
6e1734c7,6f887c66,3,2026-05-28
6e1734c7,6a91fd09,3,2026-05-28
6e1734c7,ae98fc7b,3,2026-05-28
6e1734c7,c1b6f30f,3,2026-05-28
6e1734c7,13707ae0,3,2026-05-28
6e1734c7,2efc092e,3,2026-05-28
6e1734c7,5236cbcf,21,2026-05-29
6e1734c7,9e66052c,23,2026-05-29
6e1734c7,02d38245,21,2026-05-29
6e1734c7,4bd039a7,23,2026-05-29
6e1734c7,c9d9fdbd,20,2026-05-29
6e1734c7,a25c72ae,19,2026-05-29
6e1734c7,b9147c06,21,2026-05-29
6e1734c7,704704ca,21,2026-05-29
6e1734c7,965cf3fb,13,2026-05-30
6e1734c7,e5dda817,14,2026-05-30
6e1734c7,b5ea65fa,11,2026-05-30
6e1734c7,821edbfe,13,2026-05-30
6e1734c7,d5d139ab,9,2026-05-30
6e1734c7,742334d1,12,2026-05-30
6e1734c7,034fc51f,12,2026-05-30
6e1734c7,6ef93ed5,13,2026-05-30
6e1734c7,aa3656c1,11,2026-05-30
6e1734c7,3c7015a9,14,2026-05-30
6e1734c7,826af3d8,3,2026-05-31
6e1734c7,f032eb8f,3,2026-05-31
6e1734c7,fa61333a,3,2026-05-31
6e1734c7,8b72d692,3,2026-05-31
6e1734c7,e48d8440,3,2026-05-31
6e1734c7,634ea1da,3,2026-05-31
6e1734c7,9920f233,3,2026-05-31
4b72293a,944735a3,18,2026-05-01
4b72293a,da237ee2,20,2026-05-01
4b72293a,89c10ffb,17,2026-05-01
4b72293a,bc28409c,16,2026-05-01
4b72293a,6acfbc51,17,2026-05-01
4b72293a,2e236c38,18,2026-05-01
4b72293a,72281769,17,2026-05-01
4b72293a,39fb4711,16,2026-05-01
4b72293a,ae04b655,9,2026-05-02
4b72293a,9493499f,10,2026-05-02
4b72293a,7af61bcc,10,2026-05-02
4b72293a,aae298c3,7,2026-05-02
4b72293a,3fe7aa37,7,2026-05-02
4b72293a,ebd87fdc,9,2026-05-02
4b72293a,5a071d48,6,2026-05-02
4b72293a,02362e4d,7,2026-05-02
4b72293a,6fe21460,9,2026-05-02
4b72293a,d51db6b4,3,2026-05-03
4b72293a,4dc3d769,3,2026-05-03
4b72293a,bc87c043,3,2026-05-03
4b72293a,5bd787fd,3,2026-05-03
4b72293a,2e0b12c3,3,2026-05-03
4b72293a,aad39d50,3,2026-05-04
4b72293a,5a8ff873,3,2026-05-04
4b72293a,a2826a77,3,2026-05-04
4b72293a,eb55da3e,3,2026-05-04
4b72293a,f57c5145,3,2026-05-04
4b72293a,7b460325,3,2026-05-04
4b72293a,c17f2361,3,2026-05-04
4b72293a,b623d9bc,3,2026-05-04
4b72293a,14b5499a,3,2026-05-05
4b72293a,eae915aa,3,2026-05-05
4b72293a,812ba36a,3,2026-05-05
4b72293a,09ad869c,3,2026-05-05
4b72293a,995560cd,3,2026-05-05
4b72293a,2c1d0f56,3,2026-05-05
4b72293a,e85fb97d,3,2026-05-05
4b72293a,f26028b3,3,2026-05-05
4b72293a,a52305ae,3,2026-05-06
4b72293a,39a7338f,3,2026-05-06
4b72293a,55a04c28,3,2026-05-06
4b72293a,3935c0ca,3,2026-05-06
4b72293a,5cd71ad2,3,2026-05-06
4b72293a,28f5d24a,3,2026-05-06
4b72293a,8f7c2525,3,2026-05-06
4b72293a,e2ee9811,3,2026-05-06
4b72293a,258c5bc5,3,2026-05-06
4b72293a,dd8c19ff,3,2026-05-07
4b72293a,21efbcd4,3,2026-05-07
4b72293a,a11d4867,3,2026-05-07
4b72293a,29c4ac36,4,2026-05-07
4b72293a,d2bdaac7,4,2026-05-07
4b72293a,539e48ea,3,2026-05-07
4b72293a,7c038560,4,2026-05-07
4b72293a,d759e0d2,3,2026-05-07
4b72293a,6bdea4f9,3,2026-05-08
4b72293a,d2d4cd82,3,2026-05-08
4b72293a,b698b98d,3,2026-05-08
4b72293a,a0c9b0c9,3,2026-05-08
4b72293a,3b5bbfe7,3,2026-05-08
4b72293a,7098d5be,3,2026-05-08
4b72293a,297df535,3,2026-05-08
4b72293a,f637c959,12,2026-05-09
4b72293a,3062cd81,13,2026-05-09
4b72293a,1728f406,14,2026-05-09
4b72293a,cba618bd,13,2026-05-09
4b72293a,8a3fe2fb,13,2026-05-09
4b72293a,eadadf80,14,2026-05-09
4b72293a,c111af56,14,2026-05-09
4b72293a,b65929a3,13,2026-05-09
4b72293a,e59e8f32,14,2026-05-09
4b72293a,33c2a569,14,2026-05-09
4b72293a,6ec618d5,14,2026-05-09
4b72293a,4114d030,13,2026-05-09
4b72293a,e312fa70,3,2026-05-10
4b72293a,d8a2b1c5,3,2026-05-10
4b72293a,ca9526af,4,2026-05-10
4b72293a,d91be2f8,3,2026-05-10
4b72293a,ac805d44,3,2026-05-10
4b72293a,8965367c,7,2026-05-10
4b72293a,82c9f4c0,6,2026-05-10
4b72293a,7aeb1a9f,3,2026-05-10
4b72293a,6a01c6c0,5,2026-05-10
4b72293a,4d7aebfb,6,2026-05-11
4b72293a,e1a5ab9f,9,2026-05-11
4b72293a,e9b41d18,10,2026-05-11
4b72293a,f2e78198,8,2026-05-11
4b72293a,861fd7a9,8,2026-05-11
4b72293a,e50654b5,6,2026-05-11
4b72293a,2cfa230b,9,2026-05-11
4b72293a,506456e7,6,2026-05-11
4b72293a,e68af76a,4,2026-05-11
4b72293a,9054a16f,3,2026-05-12
4b72293a,501e1b88,3,2026-05-12
4b72293a,b90c8585,3,2026-05-12
4b72293a,985d15e9,3,2026-05-12
4b72293a,a4019eed,3,2026-05-12
4b72293a,6b5402cb,3,2026-05-12
4b72293a,19e85181,3,2026-05-12
4b72293a,ddc1df95,3,2026-05-12
4b72293a,0451cdab,3,2026-05-12
4b72293a,928365bf,3,2026-05-12
4b72293a,9cdeecc3,3,2026-05-13
4b72293a,de1f87a9,3,2026-05-13
4b72293a,56f5c9b4,3,2026-05-13
4b72293a,d0fa200d,3,2026-05-13
4b72293a,db2c8def,3,2026-05-13
4b72293a,2f150b31,3,2026-05-13
4b72293a,7f19ca02,3,2026-05-13
4b72293a,79457807,3,2026-05-13
4b72293a,51c12f4d,23,2026-05-14
4b72293a,b4b9345c,20,2026-05-14
4b72293a,2ac7ef08,23,2026-05-14
4b72293a,19360aad,22,2026-05-14
4b72293a,3fadefda,24,2026-05-14
4b72293a,83d95c9c,25,2026-05-14
4b72293a,e53cca6c,19,2026-05-14
4b72293a,abb76f75,20,2026-05-14
4b72293a,b1ae6117,3,2026-05-15
4b72293a,71c00519,3,2026-05-15
4b72293a,a8552dc1,3,2026-05-15
4b72293a,395fead5,3,2026-05-15
4b72293a,37dd7710,3,2026-05-15
4b72293a,7d78b7e0,3,2026-05-15
4b72293a,25d60750,3,2026-05-15
4b72293a,6a5cf00d,14,2026-05-16
4b72293a,fd659292,18,2026-05-16
4b72293a,0d511992,16,2026-05-16
4b72293a,71b859b9,14,2026-05-16
4b72293a,a89f73d8,17,2026-05-16
4b72293a,794a77b6,15,2026-05-16
4b72293a,298c9ee0,17,2026-05-16
4b72293a,2880a23c,25,2026-05-17
4b72293a,6ed6ba2c,21,2026-05-17
4b72293a,17a1adb5,21,2026-05-17
4b72293a,cd8f520b,23,2026-05-17
4b72293a,81584eb6,22,2026-05-17
4b72293a,f067117f,23,2026-05-17
4b72293a,f4117bf2,21,2026-05-17
4b72293a,6d18c5a7,22,2026-05-17
4b72293a,82c6ec88,3,2026-05-18
4b72293a,c1fc4da0,3,2026-05-18
4b72293a,b2b146c8,3,2026-05-18
4b72293a,0b5b6b7b,3,2026-05-18
4b72293a,72e1fb78,3,2026-05-18
4b72293a,5deef56a,3,2026-05-18
4b72293a,4193b541,3,2026-05-18
4b72293a,a87049f6,3,2026-05-18
4b72293a,2674b03a,3,2026-05-19
4b72293a,3ca19c36,3,2026-05-19
4b72293a,233a8a9a,3,2026-05-19
4b72293a,e70134bd,3,2026-05-19
4b72293a,9e873fbe,3,2026-05-19
4b72293a,0558afa7,3,2026-05-20
4b72293a,9b0218e1,3,2026-05-20
4b72293a,c19318a4,3,2026-05-20
4b72293a,13052340,3,2026-05-20
4b72293a,a46e14c6,3,2026-05-20
4b72293a,57d48f93,3,2026-05-20
4b72293a,c5b276be,3,2026-05-20
4b72293a,29d0dc80,3,2026-05-20
4b72293a,ca91a088,3,2026-05-20
4b72293a,f0a8d97d,12,2026-05-21
4b72293a,1dad5087,11,2026-05-21
4b72293a,ecbe8fd1,13,2026-05-21
4b72293a,e1714348,12,2026-05-21
4b72293a,95a2222f,14,2026-05-21
4b72293a,e769c293,13,2026-05-21
4b72293a,b54fe95c,12,2026-05-21
4b72293a,0d4a1385,3,2026-05-22
4b72293a,2b469c64,3,2026-05-22
4b72293a,74b3d740,3,2026-05-22
4b72293a,4547d691,3,2026-05-22
4b72293a,8a4af7a1,3,2026-05-22
4b72293a,035045c7,3,2026-05-22
4b72293a,8e0a2f4d,3,2026-05-22
4b72293a,a2fba8d0,3,2026-05-22
4b72293a,19d70d4a,3,2026-05-22
4b72293a,34ff0421,6,2026-05-23
4b72293a,cfb20b64,6,2026-05-23
4b72293a,0b2218f0,5,2026-05-23
4b72293a,7be58e14,9,2026-05-23
4b72293a,9d961871,7,2026-05-23
4b72293a,34bbe4dc,4,2026-05-23
4b72293a,1ae619db,8,2026-05-23
4b72293a,6a7674ab,5,2026-05-23
4b72293a,77568264,11,2026-05-24
4b72293a,26e9368a,10,2026-05-24
4b72293a,26402362,12,2026-05-24
4b72293a,baffb91d,10,2026-05-24
4b72293a,cfcac3df,11,2026-05-24
4b72293a,b8b4b86b,10,2026-05-24
4b72293a,e8ce86a8,11,2026-05-24
4b72293a,024fdeed,10,2026-05-24
4b72293a,6bd144d3,9,2026-05-24
4b72293a,031db373,11,2026-05-24
4b72293a,af48370a,9,2026-05-24
4b72293a,574c1427,30,2026-05-25
4b72293a,40a2ea72,28,2026-05-25
4b72293a,f933a67d,28,2026-05-25
4b72293a,f836daba,28,2026-05-25
4b72293a,b4931b0e,29,2026-05-25
4b72293a,e2862b78,29,2026-05-25
4b72293a,5d7927bb,27,2026-05-25
4b72293a,9e867e91,28,2026-05-25
4b72293a,0d9404ba,3,2026-05-26
4b72293a,db4c8dbd,3,2026-05-26
4b72293a,62615163,3,2026-05-26
4b72293a,1764711b,3,2026-05-26
4b72293a,b2f4e7b3,3,2026-05-26
4b72293a,74ff833e,3,2026-05-26
4b72293a,b3b2595c,18,2026-05-27
4b72293a,5e4b889d,16,2026-05-27
4b72293a,4606cd39,17,2026-05-27
4b72293a,83e1973c,18,2026-05-27
4b72293a,feef45ad,18,2026-05-27
4b72293a,95b256f0,18,2026-05-27
4b72293a,90ffce46,19,2026-05-27
4b72293a,535da18b,17,2026-05-27
4b72293a,dfa057af,3,2026-05-28
4b72293a,0acfa636,3,2026-05-28
4b72293a,2729bb11,3,2026-05-28
4b72293a,4bf6584d,3,2026-05-28
4b72293a,07ada76c,3,2026-05-28
4b72293a,8f680597,3,2026-05-28
4b72293a,8ada410b,3,2026-05-28
4b72293a,2bc2d18b,3,2026-05-29
4b72293a,77a4c8c8,3,2026-05-29
4b72293a,caea1b9e,3,2026-05-29
4b72293a,2cdf76b7,3,2026-05-29
4b72293a,2718eb87,3,2026-05-29
4b72293a,4c959b08,3,2026-05-29
4b72293a,8dc25698,3,2026-05-29
4b72293a,b699be16,3,2026-05-29
4b72293a,246ae6a0,12,2026-05-30
4b72293a,e2fa7253,12,2026-05-30
4b72293a,7f3620ea,11,2026-05-30
4b72293a,4e516cdf,11,2026-05-30
4b72293a,c01f1496,11,2026-05-30
4b72293a,2bc11f11,15,2026-05-30
4b72293a,1d144cce,12,2026-05-30
4b72293a,7c7b5d15,11,2026-05-30
4b72293a,9379c005,14,2026-05-30
4b72293a,ac4a5c05,3,2026-05-31
4b72293a,12f204c3,3,2026-05-31
4b72293a,a9bccb6c,3,2026-05-31
4b72293a,d23f5628,3,2026-05-31
4b72293a,8915bbe3,3,2026-05-31
4b72293a,cafa55b0,3,2026-05-31
4b72293a,4434e47a,3,2026-05-31
a6dece09,e8659c62,3,2026-05-01
a6dece09,9c18a89c,3,2026-05-01
a6dece09,ac775064,3,2026-05-01
a6dece09,3e71904e,3,2026-05-01
a6dece09,09a43d49,3,2026-05-01
a6dece09,8a7bf3fe,3,2026-05-01
a6dece09,683cc676,3,2026-05-01
a6dece09,f6ce001b,3,2026-05-02
a6dece09,6426bb9b,3,2026-05-02
a6dece09,43f26f85,3,2026-05-02
a6dece09,12f78971,3,2026-05-02
a6dece09,ab087a41,3,2026-05-02
a6dece09,4c02bb98,3,2026-05-02
a6dece09,58d1980c,3,2026-05-02
a6dece09,5859008f,3,2026-05-02
a6dece09,0dbfbbce,9,2026-05-03
a6dece09,5c4acd18,7,2026-05-03
a6dece09,9aa3c4cb,7,2026-05-03
a6dece09,60fb2eed,6,2026-05-03
a6dece09,d40ce8c4,6,2026-05-03
a6dece09,7304b031,41,2026-05-04
a6dece09,4e4426d4,39,2026-05-04
a6dece09,60f16137,39,2026-05-04
a6dece09,dbb1f1ac,40,2026-05-04
a6dece09,d20c7da1,41,2026-05-04
a6dece09,6ca04e5d,39,2026-05-04
a6dece09,40c1723b,41,2026-05-04
a6dece09,d2b8d5a7,40,2026-05-04
a6dece09,c0b98647,7,2026-05-05
a6dece09,de374765,6,2026-05-05
a6dece09,54e29794,6,2026-05-05
a6dece09,93b767b0,7,2026-05-05
a6dece09,686f908e,4,2026-05-05
a6dece09,510306f6,8,2026-05-05
a6dece09,ae9d1c83,8,2026-05-05
a6dece09,4c17c5f2,7,2026-05-05
a6dece09,8bb1537b,17,2026-05-06
a6dece09,9af00233,17,2026-05-06
a6dece09,475964f9,18,2026-05-06
a6dece09,faf88f72,19,2026-05-06
a6dece09,91e78270,19,2026-05-06
a6dece09,9f3d023d,20,2026-05-06
a6dece09,9943501e,18,2026-05-06
a6dece09,d5d4e7c6,19,2026-05-06
a6dece09,41b60714,10,2026-05-07
a6dece09,7a306d73,11,2026-05-07
a6dece09,fcddbaf0,9,2026-05-07
a6dece09,45b4a9b9,12,2026-05-07
a6dece09,97a1b0ba,12,2026-05-07
a6dece09,fb3b1664,11,2026-05-07
a6dece09,952faef0,13,2026-05-07
a6dece09,686a592f,12,2026-05-07
a6dece09,83fcbe32,3,2026-05-08
a6dece09,0707900d,3,2026-05-08
a6dece09,bda1bbec,3,2026-05-08
a6dece09,58421889,3,2026-05-08
a6dece09,f22243e6,3,2026-05-08
a6dece09,4cc62c00,3,2026-05-08
a6dece09,d20942d6,3,2026-05-08
a6dece09,75c0f5f4,3,2026-05-08
a6dece09,ac039dcc,3,2026-05-09
a6dece09,4bc20a5a,3,2026-05-09
a6dece09,a2ec81cd,3,2026-05-09
a6dece09,75d24591,3,2026-05-09
a6dece09,03bb2a8d,3,2026-05-09
a6dece09,d76886ec,3,2026-05-10
a6dece09,afe0118a,3,2026-05-10
a6dece09,9610671a,3,2026-05-10
a6dece09,ec883cdd,3,2026-05-10
a6dece09,6ed1e17e,3,2026-05-10
a6dece09,31aa479b,3,2026-05-10
a6dece09,68e07ecc,3,2026-05-10
a6dece09,ef5b83f9,5,2026-05-11
a6dece09,2d2773dd,6,2026-05-11
a6dece09,7fc7b4c5,3,2026-05-11
a6dece09,fd86cab2,3,2026-05-11
a6dece09,ba5d39b9,4,2026-05-11
a6dece09,2d96e815,3,2026-05-11
a6dece09,8c79e67e,9,2026-05-12
a6dece09,3451c27f,9,2026-05-12
a6dece09,2404ee9b,7,2026-05-12
a6dece09,a9d89ed0,9,2026-05-12
a6dece09,481790c7,10,2026-05-12
a6dece09,0437ef72,11,2026-05-12
a6dece09,e5b8ed59,7,2026-05-12
a6dece09,586e5e85,9,2026-05-12
a6dece09,f80c2e3c,9,2026-05-12
a6dece09,ab3dd583,19,2026-05-13
a6dece09,bb90111c,21,2026-05-13
a6dece09,e99b779c,24,2026-05-13
a6dece09,66567ad6,23,2026-05-13
a6dece09,eef38faa,23,2026-05-13
a6dece09,c2fa701e,25,2026-05-13
a6dece09,0519fec3,22,2026-05-13
a6dece09,8ce83c4a,22,2026-05-13
a6dece09,dfbc4fa1,3,2026-05-14
a6dece09,683394f9,3,2026-05-14
a6dece09,f55d14cf,3,2026-05-14
a6dece09,4e60867a,3,2026-05-14
a6dece09,2d570559,3,2026-05-14
a6dece09,87131de4,3,2026-05-14
a6dece09,55070279,3,2026-05-14
a6dece09,bc0731ff,3,2026-05-15
a6dece09,1a80261e,3,2026-05-15
a6dece09,5cadf8e9,3,2026-05-15
a6dece09,b8b87656,4,2026-05-15
a6dece09,613f6496,3,2026-05-15
a6dece09,225a953e,3,2026-05-15
a6dece09,ec1d0d54,4,2026-05-15
a6dece09,b15e23e7,21,2026-05-16
a6dece09,3e4c3325,23,2026-05-16
a6dece09,abc7204b,23,2026-05-16
a6dece09,c22f7e7c,23,2026-05-16
a6dece09,f9b897b7,22,2026-05-16
a6dece09,cb0771c2,21,2026-05-16
a6dece09,9384b614,3,2026-05-17
a6dece09,a8f2d261,3,2026-05-17
a6dece09,6c905e2e,3,2026-05-17
a6dece09,eda2f4bf,3,2026-05-17
a6dece09,fd3b3260,3,2026-05-17
a6dece09,ff6fa98a,3,2026-05-17
a6dece09,97c782e3,3,2026-05-17
a6dece09,bf67acbe,3,2026-05-17
a6dece09,975e6031,3,2026-05-17
a6dece09,816c063c,14,2026-05-18
a6dece09,ea6d7c7f,15,2026-05-18
a6dece09,02f32446,15,2026-05-18
a6dece09,1eb707dd,14,2026-05-18
a6dece09,c28394dc,15,2026-05-18
a6dece09,e410c4ec,12,2026-05-18
a6dece09,5127e488,6,2026-05-19
a6dece09,0862a719,6,2026-05-19
a6dece09,0d6cb5aa,4,2026-05-19
a6dece09,80652bfa,8,2026-05-19
a6dece09,8860065e,4,2026-05-19
a6dece09,59c1fbbd,5,2026-05-19
a6dece09,458872c6,3,2026-05-20
a6dece09,0d16ad51,3,2026-05-20
a6dece09,13c2d10b,3,2026-05-20
a6dece09,3b28721d,3,2026-05-20
a6dece09,8a6fa429,3,2026-05-20
a6dece09,fcb31e42,3,2026-05-20
a6dece09,c78c6edf,3,2026-05-20
a6dece09,d1687443,3,2026-05-21
a6dece09,fcea0c96,3,2026-05-21
a6dece09,86264af4,3,2026-05-21
a6dece09,e419ad97,3,2026-05-21
a6dece09,507c27c4,3,2026-05-21
a6dece09,03d713c2,3,2026-05-21
a6dece09,a6ab3faf,3,2026-05-22
a6dece09,f92d64be,3,2026-05-22
a6dece09,5cafa5ec,3,2026-05-22
a6dece09,9a03950e,3,2026-05-22
a6dece09,dc8c2a89,3,2026-05-22
a6dece09,f4004ffa,3,2026-05-22
a6dece09,3e9cda1f,3,2026-05-22
a6dece09,585aee4a,3,2026-05-22
a6dece09,069f0e3b,3,2026-05-22
a6dece09,137056a2,3,2026-05-23
a6dece09,3e5f719e,3,2026-05-23
a6dece09,cb026542,3,2026-05-23
a6dece09,80ffc580,3,2026-05-23
a6dece09,a2cfc841,3,2026-05-23
a6dece09,2e56ae8e,3,2026-05-23
a6dece09,17a458de,3,2026-05-23
a6dece09,88805cf7,3,2026-05-23
a6dece09,bd2a9bc8,21,2026-05-24
a6dece09,bb7b022d,18,2026-05-24
a6dece09,19d2ab21,23,2026-05-24
a6dece09,5339a762,22,2026-05-24
a6dece09,49ab6876,23,2026-05-24
a6dece09,3010c3f0,21,2026-05-24
a6dece09,fa098474,19,2026-05-24
a6dece09,bf9e07e2,18,2026-05-24
a6dece09,d705d0ec,23,2026-05-24
a6dece09,a3b85d07,20,2026-05-24
a6dece09,5b501f1e,10,2026-05-25
a6dece09,53c4f6de,12,2026-05-25
a6dece09,8b7acc32,11,2026-05-25
a6dece09,b462407e,10,2026-05-25
a6dece09,2aef5dd6,8,2026-05-25
a6dece09,ab0378a4,8,2026-05-25
a6dece09,c2428de4,10,2026-05-25
a6dece09,320afaf8,11,2026-05-26
a6dece09,01209f66,12,2026-05-26
a6dece09,1ea91ca1,14,2026-05-26
a6dece09,105d2f0b,11,2026-05-26
a6dece09,a1030cb1,10,2026-05-26
a6dece09,8a49af11,9,2026-05-26
a6dece09,36ddee2d,11,2026-05-26
a6dece09,790902e1,3,2026-05-27
a6dece09,6ea5975d,3,2026-05-27
a6dece09,c984c40f,3,2026-05-27
a6dece09,858f9271,3,2026-05-27
a6dece09,9c0036c4,3,2026-05-27
a6dece09,a60329b4,3,2026-05-27
a6dece09,86bffbff,3,2026-05-27
a6dece09,b26022fc,3,2026-05-28
a6dece09,88ec15e5,6,2026-05-28
a6dece09,6366c147,7,2026-05-28
a6dece09,f148400d,3,2026-05-28
a6dece09,f94d66d2,5,2026-05-28
a6dece09,42496026,4,2026-05-28
a6dece09,870d5040,4,2026-05-28
a6dece09,3e050248,4,2026-05-28
a6dece09,ca98d46c,6,2026-05-28
a6dece09,f73b10ef,3,2026-05-29
a6dece09,3a9ed18a,3,2026-05-29
a6dece09,d44129ec,3,2026-05-29
a6dece09,c3839a6d,3,2026-05-29
a6dece09,fbb1dd26,3,2026-05-29
a6dece09,31c80bb3,3,2026-05-29
a6dece09,48ae89d5,3,2026-05-29
a6dece09,239f507e,3,2026-05-29
a6dece09,f954046a,3,2026-05-30
a6dece09,f96e97bf,3,2026-05-30
a6dece09,4fa94293,3,2026-05-30
a6dece09,7b42ab61,3,2026-05-30
a6dece09,6c0d7e82,3,2026-05-30
a6dece09,ef669bab,3,2026-05-30
a6dece09,da5de995,3,2026-05-30
a6dece09,2c15b176,25,2026-05-31
a6dece09,4967711c,26,2026-05-31
a6dece09,09ca4677,27,2026-05-31
a6dece09,ed829e49,28,2026-05-31
a6dece09,580b67a4,26,2026-05-31
a6dece09,132d031f,28,2026-05-31
a6dece09,8b1e2585,28,2026-05-31
1fc38aa7,c5ef7cf4,3,2026-05-01
1fc38aa7,e892b4fd,3,2026-05-01
1fc38aa7,7c9414f5,3,2026-05-01
1fc38aa7,7978033f,3,2026-05-01
1fc38aa7,ad7277d9,3,2026-05-01
1fc38aa7,89bfb3c4,3,2026-05-01
1fc38aa7,5952c49b,3,2026-05-01
1fc38aa7,c00bb2cc,3,2026-05-01
1fc38aa7,514625d1,3,2026-05-02
1fc38aa7,98b6f660,3,2026-05-02
1fc38aa7,24a1d76f,3,2026-05-02
1fc38aa7,19c6f616,4,2026-05-02
1fc38aa7,415bf756,3,2026-05-02
1fc38aa7,4f9ad65b,3,2026-05-02
1fc38aa7,4ce594df,3,2026-05-02
1fc38aa7,f750a866,3,2026-05-02
1fc38aa7,be2e9952,3,2026-05-03
1fc38aa7,4d3cceab,3,2026-05-03
1fc38aa7,48abf967,3,2026-05-03
1fc38aa7,f1297c92,3,2026-05-03
1fc38aa7,f5eeb614,3,2026-05-03
1fc38aa7,10394b71,3,2026-05-03
1fc38aa7,f3bb6af8,3,2026-05-03
1fc38aa7,a2d26d72,3,2026-05-03
1fc38aa7,532016b8,12,2026-05-04
1fc38aa7,853487af,13,2026-05-04
1fc38aa7,2fa7b2be,12,2026-05-04
1fc38aa7,fef4926d,12,2026-05-04
1fc38aa7,b8f6224a,14,2026-05-04
1fc38aa7,6aea8718,12,2026-05-04
1fc38aa7,c824a019,11,2026-05-04
1fc38aa7,56b605e1,7,2026-05-05
1fc38aa7,6b75cb4e,8,2026-05-05
1fc38aa7,2f82d59c,8,2026-05-05
1fc38aa7,b3c5c873,7,2026-05-05
1fc38aa7,ee94eb6d,8,2026-05-05
1fc38aa7,b4d6e1a1,8,2026-05-05
1fc38aa7,2b6a0404,8,2026-05-05
1fc38aa7,cfcd3834,3,2026-05-06
1fc38aa7,fdb29d51,3,2026-05-06
1fc38aa7,e82631f7,3,2026-05-06
1fc38aa7,2c64a047,3,2026-05-06
1fc38aa7,8c4ed224,3,2026-05-06
1fc38aa7,34493bf1,3,2026-05-06
1fc38aa7,d9ee492a,3,2026-05-06
1fc38aa7,52e509c9,3,2026-05-07
1fc38aa7,1563ac50,3,2026-05-07
1fc38aa7,7f27d7a0,3,2026-05-07
1fc38aa7,228db997,3,2026-05-07
1fc38aa7,01dd543d,3,2026-05-07
1fc38aa7,286c6645,3,2026-05-07
1fc38aa7,51c9e660,3,2026-05-07
1fc38aa7,73472bc6,19,2026-05-08
1fc38aa7,50e86ac6,20,2026-05-08
1fc38aa7,e64e4f61,18,2026-05-08
1fc38aa7,f490aaff,19,2026-05-08
1fc38aa7,c92f9f88,19,2026-05-08
1fc38aa7,f36035dd,15,2026-05-08
1fc38aa7,17720bb4,3,2026-05-09
1fc38aa7,492887ff,3,2026-05-09
1fc38aa7,ed107b4f,3,2026-05-09
1fc38aa7,8a8fa18e,3,2026-05-09
1fc38aa7,e0d2955c,3,2026-05-09
1fc38aa7,ff2fadc7,3,2026-05-09
1fc38aa7,6902e32f,3,2026-05-09
1fc38aa7,5deeaf07,3,2026-05-09
1fc38aa7,6e466d76,3,2026-05-09
1fc38aa7,2721a3af,3,2026-05-10
1fc38aa7,f51613e8,3,2026-05-10
1fc38aa7,0c690fed,3,2026-05-10
1fc38aa7,da01a133,3,2026-05-10
1fc38aa7,e24b1119,3,2026-05-10
1fc38aa7,370a11c6,3,2026-05-10
1fc38aa7,0740b799,3,2026-05-10
1fc38aa7,aebffdfd,3,2026-05-11
1fc38aa7,167ac028,3,2026-05-11
1fc38aa7,44e9349b,3,2026-05-11
1fc38aa7,f753fad5,3,2026-05-11
1fc38aa7,3484e7cf,3,2026-05-11
1fc38aa7,30f2edf4,3,2026-05-11
1fc38aa7,c0378f36,3,2026-05-11
1fc38aa7,e6fd3d38,3,2026-05-11
1fc38aa7,5a6707c0,3,2026-05-11
1fc38aa7,edd3fc25,21,2026-05-12
1fc38aa7,021f9221,18,2026-05-12
1fc38aa7,50d6ebbc,22,2026-05-12
1fc38aa7,b347327d,21,2026-05-12
1fc38aa7,387d1cae,17,2026-05-12
1fc38aa7,d900185a,19,2026-05-12
1fc38aa7,f9ea66eb,19,2026-05-12
1fc38aa7,fb890788,6,2026-05-13
1fc38aa7,ed0488f4,7,2026-05-13
1fc38aa7,948fff55,7,2026-05-13
1fc38aa7,12224930,7,2026-05-13
1fc38aa7,3b00af8c,9,2026-05-13
1fc38aa7,48a5fe72,8,2026-05-13
1fc38aa7,2ca52d72,7,2026-05-13
1fc38aa7,bd6e1e4e,7,2026-05-13
1fc38aa7,74ab8de9,6,2026-05-13
1fc38aa7,2a4c3d81,7,2026-05-14
1fc38aa7,d9bac8f7,7,2026-05-14
1fc38aa7,ee2a5646,7,2026-05-14
1fc38aa7,f40ae2b2,9,2026-05-14
1fc38aa7,6208b4ce,7,2026-05-14
1fc38aa7,650b7f6c,8,2026-05-14
1fc38aa7,86a4a608,8,2026-05-14
1fc38aa7,2ff183aa,9,2026-05-14
1fc38aa7,33996608,8,2026-05-14
1fc38aa7,71f3c64a,11,2026-05-14
1fc38aa7,564692c4,7,2026-05-15
1fc38aa7,6072e69e,10,2026-05-15
1fc38aa7,f04f7110,6,2026-05-15
1fc38aa7,24bfe3a5,7,2026-05-15
1fc38aa7,30a265d2,6,2026-05-15
1fc38aa7,4f8c0dab,8,2026-05-15
1fc38aa7,de7ccc12,3,2026-05-16
1fc38aa7,f5018402,3,2026-05-16
1fc38aa7,4efc9844,3,2026-05-16
1fc38aa7,6c0a2d5e,3,2026-05-16
1fc38aa7,ec545491,3,2026-05-16
1fc38aa7,0f15320d,3,2026-05-16
1fc38aa7,b7a18197,3,2026-05-17
1fc38aa7,950814be,3,2026-05-17
1fc38aa7,8228e413,3,2026-05-17
1fc38aa7,d93e18af,3,2026-05-17
1fc38aa7,03c86f6e,3,2026-05-17
1fc38aa7,aa9868c1,3,2026-05-17
1fc38aa7,986f4b31,3,2026-05-17
1fc38aa7,a314571d,3,2026-05-17
1fc38aa7,c9ec929d,22,2026-05-18
1fc38aa7,d6c10400,25,2026-05-18
1fc38aa7,9c0d4f3a,21,2026-05-18
1fc38aa7,2e7a5efe,21,2026-05-18
1fc38aa7,2200f2a4,24,2026-05-18
1fc38aa7,c983a372,23,2026-05-18
1fc38aa7,03384095,3,2026-05-19
1fc38aa7,f5f5a7e7,3,2026-05-19
1fc38aa7,585f86c9,3,2026-05-19
1fc38aa7,5179750a,5,2026-05-19
1fc38aa7,9069de2a,3,2026-05-19
1fc38aa7,304e17da,3,2026-05-19
1fc38aa7,63b70237,3,2026-05-19
1fc38aa7,5eecff6c,12,2026-05-20
1fc38aa7,b69fa522,13,2026-05-20
1fc38aa7,3c27f9bd,13,2026-05-20
1fc38aa7,b5704e62,13,2026-05-20
1fc38aa7,51a33fc8,11,2026-05-20
1fc38aa7,e8f78a91,16,2026-05-20
1fc38aa7,828b47b3,11,2026-05-21
1fc38aa7,99e27413,13,2026-05-21
1fc38aa7,385ff24f,12,2026-05-21
1fc38aa7,0e58b4b2,12,2026-05-21
1fc38aa7,d3c06117,13,2026-05-21
1fc38aa7,2e174c39,10,2026-05-22
1fc38aa7,a4255cb7,10,2026-05-22
1fc38aa7,d5a42154,12,2026-05-22
1fc38aa7,83a71f44,12,2026-05-22
1fc38aa7,7fe14c35,11,2026-05-22
1fc38aa7,de4e4d59,12,2026-05-22
1fc38aa7,e0e04494,10,2026-05-22
1fc38aa7,314f580a,14,2026-05-22
1fc38aa7,8f407450,3,2026-05-23
1fc38aa7,63f1ab74,3,2026-05-23
1fc38aa7,c8856e50,3,2026-05-23
1fc38aa7,d97a9e5e,3,2026-05-23
1fc38aa7,e62fc4a9,3,2026-05-23
1fc38aa7,5803bfbb,3,2026-05-23
1fc38aa7,6e0241d9,3,2026-05-23
1fc38aa7,d6de08ba,3,2026-05-23
1fc38aa7,8769937b,29,2026-05-24
1fc38aa7,8179431f,31,2026-05-24
1fc38aa7,a08ea78a,29,2026-05-24
1fc38aa7,a7b741c3,32,2026-05-24
1fc38aa7,bcf49e00,31,2026-05-24
1fc38aa7,3eb8eb10,30,2026-05-24
1fc38aa7,8a9ceb2c,30,2026-05-24
1fc38aa7,44d53664,29,2026-05-24
1fc38aa7,b853960d,3,2026-05-25
1fc38aa7,1178ed7c,3,2026-05-25
1fc38aa7,5d4e2f78,3,2026-05-25
1fc38aa7,600adac7,3,2026-05-25
1fc38aa7,9ec952ab,3,2026-05-25
1fc38aa7,d15513e5,3,2026-05-25
1fc38aa7,a0ca4033,3,2026-05-25
1fc38aa7,eadd5e97,3,2026-05-26
1fc38aa7,9bd6ec55,3,2026-05-26
1fc38aa7,798b65ce,3,2026-05-26
1fc38aa7,b17dc935,3,2026-05-26
1fc38aa7,db1c9a36,3,2026-05-26
1fc38aa7,bf70ab9a,3,2026-05-26
1fc38aa7,bccbdea3,3,2026-05-26
1fc38aa7,89473023,13,2026-05-27
1fc38aa7,3f48111d,12,2026-05-27
1fc38aa7,2390c8cf,10,2026-05-27
1fc38aa7,c350befe,13,2026-05-27
1fc38aa7,53870ada,12,2026-05-27
1fc38aa7,0628de7f,14,2026-05-27
1fc38aa7,3c71ddaa,12,2026-05-27
1fc38aa7,853a7dec,16,2026-05-27
1fc38aa7,f13ad3f6,12,2026-05-28
1fc38aa7,093ffae1,13,2026-05-28
1fc38aa7,96cc0f3f,11,2026-05-28
1fc38aa7,33fcedc0,13,2026-05-28
1fc38aa7,a1fcb7b2,10,2026-05-28
1fc38aa7,b947190e,11,2026-05-28
1fc38aa7,5717b48f,11,2026-05-28
1fc38aa7,5cc18714,11,2026-05-28
1fc38aa7,895fe17a,6,2026-05-29
1fc38aa7,2ac2de1b,8,2026-05-29
1fc38aa7,331f3371,7,2026-05-29
1fc38aa7,f324e839,4,2026-05-29
1fc38aa7,b05559a4,9,2026-05-29
1fc38aa7,be36c9a2,6,2026-05-29
1fc38aa7,5b00ce1d,3,2026-05-30
1fc38aa7,ba4844cc,3,2026-05-30
1fc38aa7,22c6e684,3,2026-05-30
1fc38aa7,b65e735e,3,2026-05-30
1fc38aa7,e6485525,3,2026-05-30
1fc38aa7,9f30ce10,3,2026-05-30
1fc38aa7,ccfa577e,3,2026-05-30
1fc38aa7,ed4a6e7c,12,2026-05-31
1fc38aa7,bd4673c1,13,2026-05-31
1fc38aa7,188ee2be,13,2026-05-31
1fc38aa7,0fa5b158,10,2026-05-31
1fc38aa7,35d1038e,13,2026-05-31
1fc38aa7,11fd1706,13,2026-05-31
1fc38aa7,13538693,13,2026-05-31
1fc38aa7,d3ef688f,8,2026-05-31
0ad28673,43e912bc,11,2026-05-01
0ad28673,1362acc0,12,2026-05-01
0ad28673,8ad436b4,3,2026-05-02
0ad28673,4918ba80,3,2026-05-02
0ad28673,b3aac848,3,2026-05-02
0ad28673,a23d0f2d,3,2026-05-02
0ad28673,1e6c6471,4,2026-05-03
0ad28673,2dac5858,4,2026-05-03
0ad28673,e8576f25,7,2026-05-03
0ad28673,23dc69ed,43,2026-05-04
0ad28673,3cdaa4b9,43,2026-05-04
0ad28673,e1bcba3d,44,2026-05-04
0ad28673,554536ad,3,2026-05-05
0ad28673,fdd5885c,3,2026-05-05
0ad28673,e95f7f99,3,2026-05-05
0ad28673,58118c40,3,2026-05-06
0ad28673,2f59b489,3,2026-05-06
0ad28673,5d52f427,3,2026-05-06
0ad28673,a0224df6,23,2026-05-07
0ad28673,01958c42,21,2026-05-07
0ad28673,40989675,42,2026-05-08
0ad28673,55189216,40,2026-05-08
0ad28673,fc84f1b2,3,2026-05-09
0ad28673,f5cf150c,3,2026-05-10
0ad28673,502f5b18,3,2026-05-10
0ad28673,04c7217c,18,2026-05-11
0ad28673,c77f2847,17,2026-05-11
0ad28673,32c2aa68,15,2026-05-11
0ad28673,881929e6,20,2026-05-12
0ad28673,7747c229,15,2026-05-12
0ad28673,7f677cc4,18,2026-05-12
0ad28673,5f9f0224,49,2026-05-13
0ad28673,0356af84,51,2026-05-13
0ad28673,0d1c94af,42,2026-05-14
0ad28673,fe846350,42,2026-05-14
0ad28673,2df1b15b,40,2026-05-14
0ad28673,9fe317fc,3,2026-05-15
0ad28673,8cc5c8bc,3,2026-05-15
0ad28673,15629d14,57,2026-05-16
0ad28673,3d9adce3,58,2026-05-16
0ad28673,2d188356,56,2026-05-16
0ad28673,5f23624a,93,2026-05-17
0ad28673,fbe77af1,94,2026-05-17
0ad28673,6a1cd4e2,96,2026-05-17
0ad28673,b9bcd82f,17,2026-05-18
0ad28673,a7845b0e,25,2026-05-19
0ad28673,f98ba7c4,23,2026-05-19
0ad28673,0ba33b3d,25,2026-05-19
0ad28673,8b317aed,3,2026-05-20
0ad28673,af670be1,3,2026-05-20
0ad28673,410f4a00,13,2026-05-21
0ad28673,f95c2398,11,2026-05-21
0ad28673,5aae2110,11,2026-05-21
0ad28673,132f6f27,34,2026-05-22
0ad28673,7c9ccc85,31,2026-05-22
0ad28673,21455e93,33,2026-05-22
0ad28673,11269ff0,73,2026-05-23
0ad28673,6f569c81,68,2026-05-23
0ad28673,a6efae7d,10,2026-05-24
0ad28673,d4208b82,10,2026-05-24
0ad28673,a2c88db4,58,2026-05-25
0ad28673,73c3104b,57,2026-05-25
0ad28673,6cdf0fe1,56,2026-05-25
0ad28673,b90fdf53,20,2026-05-26
0ad28673,65140f30,23,2026-05-26
0ad28673,925bed22,22,2026-05-26
0ad28673,db7cd994,14,2026-05-27
0ad28673,3eb316da,17,2026-05-27
0ad28673,fb4ea6f3,21,2026-05-28
0ad28673,92c61d0f,18,2026-05-28
0ad28673,c44d1037,33,2026-05-29
0ad28673,38fa8cea,30,2026-05-29
0ad28673,72582d9f,32,2026-05-29
0ad28673,95ccfa60,85,2026-05-30
0ad28673,1902acbd,85,2026-05-30
0ad28673,157f690f,32,2026-05-31
0ad28673,7e5003fe,32,2026-05-31
e0c1b4ac,53b160cb,59,2026-05-01
e0c1b4ac,79ee7475,62,2026-05-01
e0c1b4ac,8374542c,60,2026-05-01
e0c1b4ac,e05a855e,36,2026-05-02
e0c1b4ac,61a875bf,38,2026-05-02
e0c1b4ac,f9d1be60,37,2026-05-02
e0c1b4ac,fa0da32a,42,2026-05-03
e0c1b4ac,8eb8c856,39,2026-05-03
e0c1b4ac,26c98e2a,43,2026-05-03
e0c1b4ac,7c6e4e3e,15,2026-05-04
e0c1b4ac,20d5c83e,10,2026-05-04
e0c1b4ac,3196a65f,3,2026-05-05
e0c1b4ac,4ae5dbc5,3,2026-05-05
e0c1b4ac,5439ae60,52,2026-05-06
e0c1b4ac,92d31ab0,55,2026-05-06
e0c1b4ac,e11ef54e,51,2026-05-06
e0c1b4ac,108a246e,53,2026-05-06
e0c1b4ac,8b0c87bb,3,2026-05-07
e0c1b4ac,d750c90e,3,2026-05-07
e0c1b4ac,573ed534,3,2026-05-07
e0c1b4ac,3bd7510b,5,2026-05-08
e0c1b4ac,815f0bdc,5,2026-05-08
e0c1b4ac,b9e37935,3,2026-05-08
e0c1b4ac,5cb75692,8,2026-05-09
e0c1b4ac,dbf86e0c,6,2026-05-09
e0c1b4ac,da276665,6,2026-05-09
e0c1b4ac,b66df7a2,6,2026-05-09
e0c1b4ac,425b2521,41,2026-05-10
e0c1b4ac,102c1e15,42,2026-05-10
e0c1b4ac,882933b3,39,2026-05-10
e0c1b4ac,8f9d1651,42,2026-05-10
e0c1b4ac,f07ce7b5,50,2026-05-11
e0c1b4ac,9465e3ac,52,2026-05-11
e0c1b4ac,7b705df9,37,2026-05-12
e0c1b4ac,860dbd4e,38,2026-05-12
e0c1b4ac,58211701,41,2026-05-12
e0c1b4ac,2024d8ac,33,2026-05-13
e0c1b4ac,a4171a77,37,2026-05-13
e0c1b4ac,cc98b29c,32,2026-05-13
e0c1b4ac,57325c12,7,2026-05-14
e0c1b4ac,df735572,9,2026-05-14
e0c1b4ac,0eca51b9,8,2026-05-14
e0c1b4ac,d2f38163,6,2026-05-14
e0c1b4ac,eef1e73c,3,2026-05-15
e0c1b4ac,f9c4e558,3,2026-05-15
e0c1b4ac,f2797a56,3,2026-05-15
e0c1b4ac,389c5f77,7,2026-05-16
e0c1b4ac,61cd08f4,7,2026-05-16
e0c1b4ac,6e8a231a,3,2026-05-17
e0c1b4ac,455771a3,3,2026-05-17
e0c1b4ac,1ff77587,3,2026-05-17
e0c1b4ac,80bae7ee,7,2026-05-18
e0c1b4ac,38b7d383,6,2026-05-18
e0c1b4ac,da567546,42,2026-05-19
e0c1b4ac,8d66eec7,44,2026-05-19
e0c1b4ac,b845a35c,42,2026-05-19
e0c1b4ac,14f9a542,27,2026-05-20
e0c1b4ac,4b4c8cd5,28,2026-05-20
e0c1b4ac,82fd202a,3,2026-05-21
e0c1b4ac,937491ad,3,2026-05-21
e0c1b4ac,6c8662e5,3,2026-05-22
e0c1b4ac,f815adc8,3,2026-05-22
e0c1b4ac,3702686d,44,2026-05-23
e0c1b4ac,545ca4aa,42,2026-05-23
e0c1b4ac,d7bba504,3,2026-05-24
e0c1b4ac,d385513a,3,2026-05-24
e0c1b4ac,b64b233f,3,2026-05-24
e0c1b4ac,bd804618,3,2026-05-24
e0c1b4ac,00ddbe2a,80,2026-05-25
e0c1b4ac,40b27f64,79,2026-05-25
e0c1b4ac,ee34f1a7,34,2026-05-26
e0c1b4ac,082a4677,34,2026-05-26
e0c1b4ac,f81ff84e,4,2026-05-27
e0c1b4ac,d7ac7cf0,6,2026-05-27
e0c1b4ac,d65f65b2,6,2026-05-27
e0c1b4ac,9b4df782,18,2026-05-28
e0c1b4ac,bd4253fb,17,2026-05-28
e0c1b4ac,86c5e355,25,2026-05-29
e0c1b4ac,e4ecc048,29,2026-05-29
e0c1b4ac,92a7fbf7,3,2026-05-30
e0c1b4ac,fcc5a1b7,3,2026-05-30
e0c1b4ac,5d8c19bb,3,2026-05-30
e0c1b4ac,abf777d6,3,2026-05-31
e0c1b4ac,6804813e,3,2026-05-31
e0c1b4ac,cc587d64,3,2026-05-31
b8bd6391,8190395e,15,2026-05-01
b8bd6391,93c07880,16,2026-05-01
b8bd6391,cce149a6,15,2026-05-01
b8bd6391,d4c310a2,3,2026-05-02
b8bd6391,009fe349,3,2026-05-02
b8bd6391,6f9513a7,3,2026-05-02
b8bd6391,ccab310c,3,2026-05-02
b8bd6391,a1451ceb,3,2026-05-02
b8bd6391,97a81f64,30,2026-05-03
b8bd6391,ebb75c39,28,2026-05-03
b8bd6391,21d8b700,25,2026-05-03
b8bd6391,46dbce31,31,2026-05-03
b8bd6391,53cfa332,31,2026-05-04
b8bd6391,2187775e,33,2026-05-04
b8bd6391,fd3c0ea0,32,2026-05-04
b8bd6391,7f11946e,32,2026-05-04
b8bd6391,af02daad,8,2026-05-05
b8bd6391,ac0ab01d,7,2026-05-05
b8bd6391,a8e8ebc8,6,2026-05-05
b8bd6391,6a58950d,4,2026-05-05
b8bd6391,d9705e53,8,2026-05-05
b8bd6391,8ccb4cfb,30,2026-05-06
b8bd6391,cd5b87a0,33,2026-05-06
b8bd6391,8963fe64,29,2026-05-06
b8bd6391,a2970f07,32,2026-05-06
b8bd6391,dc3fa195,28,2026-05-06
b8bd6391,457774d5,22,2026-05-07
b8bd6391,03355ee6,18,2026-05-07
b8bd6391,0a2bf08f,18,2026-05-07
b8bd6391,9526a4b1,19,2026-05-07
b8bd6391,f21372e5,18,2026-05-07
b8bd6391,c634569c,18,2026-05-07
b8bd6391,e85c1d75,38,2026-05-08
b8bd6391,30d24d11,40,2026-05-08
b8bd6391,aa34c343,37,2026-05-08
b8bd6391,1a3b2d43,36,2026-05-08
b8bd6391,0767c721,11,2026-05-09
b8bd6391,c7583c19,13,2026-05-09
b8bd6391,a821be56,11,2026-05-09
b8bd6391,67258ca1,11,2026-05-09
b8bd6391,43771e1b,10,2026-05-09
b8bd6391,11530924,3,2026-05-10
b8bd6391,735b9740,3,2026-05-10
b8bd6391,5100afc5,3,2026-05-10
b8bd6391,2237fa36,3,2026-05-10
b8bd6391,2e2f3d64,3,2026-05-10
b8bd6391,fe0eedc6,83,2026-05-11
b8bd6391,dfc1e4a6,80,2026-05-11
b8bd6391,1db33d0e,82,2026-05-11
b8bd6391,8098b29d,81,2026-05-11
b8bd6391,ec8ec81a,79,2026-05-11
b8bd6391,d40f6a15,3,2026-05-12
b8bd6391,eb5efc7b,3,2026-05-12
b8bd6391,0b73dd76,3,2026-05-12
b8bd6391,7214cb36,3,2026-05-12
b8bd6391,b288c11f,3,2026-05-12
b8bd6391,4444e862,22,2026-05-13
b8bd6391,8f5c8a56,25,2026-05-13
b8bd6391,e00f3a4a,25,2026-05-13
b8bd6391,8c285f5b,25,2026-05-13
b8bd6391,93a23391,3,2026-05-14
b8bd6391,733a1ea8,3,2026-05-14
b8bd6391,40c1cf8d,3,2026-05-14
b8bd6391,326894be,3,2026-05-14
b8bd6391,a6f01d17,3,2026-05-14
b8bd6391,0c01a6cc,3,2026-05-15
b8bd6391,a62f9c37,3,2026-05-15
b8bd6391,eb0f51ab,3,2026-05-15
b8bd6391,5bef23e9,26,2026-05-16
b8bd6391,d2add02a,27,2026-05-16
b8bd6391,3a79199a,27,2026-05-16
b8bd6391,dc14a1e2,25,2026-05-16
b8bd6391,6cff7f80,26,2026-05-16
b8bd6391,3eda50f4,40,2026-05-17
b8bd6391,2a6cf91e,39,2026-05-17
b8bd6391,f8a22df3,40,2026-05-17
b8bd6391,6830e5d5,41,2026-05-17
b8bd6391,cd69bfee,41,2026-05-17
b8bd6391,a78f5491,39,2026-05-17
b8bd6391,ec7bee25,36,2026-05-18
b8bd6391,4bc84059,32,2026-05-18
b8bd6391,bd84c97d,32,2026-05-18
b8bd6391,8020fb64,31,2026-05-18
b8bd6391,4b6f840a,29,2026-05-18
b8bd6391,358ab26b,35,2026-05-18
b8bd6391,d23ab9fe,32,2026-05-19
b8bd6391,057d679e,34,2026-05-19
b8bd6391,e72d73e6,34,2026-05-19
b8bd6391,2456a0b1,24,2026-05-20
b8bd6391,5573a0c2,23,2026-05-20
b8bd6391,bb5ffb7f,24,2026-05-20
b8bd6391,0bcfff76,25,2026-05-20
b8bd6391,427cc23c,26,2026-05-20
b8bd6391,7a02276f,23,2026-05-21
b8bd6391,cf122f17,21,2026-05-21
b8bd6391,7ae07bcd,21,2026-05-21
b8bd6391,4edf576f,24,2026-05-21
b8bd6391,d7fa43ca,18,2026-05-21
b8bd6391,1cf4d6d7,7,2026-05-22
b8bd6391,6b8c4775,11,2026-05-22
b8bd6391,9af75acf,7,2026-05-22
b8bd6391,0794710d,5,2026-05-22
b8bd6391,2b048f5b,8,2026-05-22
b8bd6391,e33d386b,3,2026-05-23
b8bd6391,3bcd27dd,3,2026-05-23
b8bd6391,e29c74f7,3,2026-05-23
b8bd6391,df646790,3,2026-05-23
b8bd6391,80a0d7cf,3,2026-05-23
b8bd6391,0e766478,3,2026-05-24
b8bd6391,2a902c7b,3,2026-05-24
b8bd6391,81b3dee1,3,2026-05-24
b8bd6391,0862f4b2,3,2026-05-24
b8bd6391,63fc6408,3,2026-05-24
b8bd6391,32158f76,3,2026-05-25
b8bd6391,13595128,3,2026-05-25
b8bd6391,88fa5f8a,3,2026-05-25
b8bd6391,7db25f35,3,2026-05-25
b8bd6391,6127b702,44,2026-05-26
b8bd6391,46976e7c,39,2026-05-26
b8bd6391,068a5828,42,2026-05-26
b8bd6391,e4f99f05,41,2026-05-26
b8bd6391,03af9057,22,2026-05-27
b8bd6391,25613b9b,24,2026-05-27
b8bd6391,772970b9,19,2026-05-27
b8bd6391,4a767037,19,2026-05-27
b8bd6391,ac01b891,21,2026-05-27
b8bd6391,fd340a90,21,2026-05-27
b8bd6391,91c086ef,7,2026-05-28
b8bd6391,1abbfcc1,5,2026-05-28
b8bd6391,427a606e,3,2026-05-29
b8bd6391,bb132564,3,2026-05-29
b8bd6391,3184e195,27,2026-05-30
b8bd6391,7763d1e5,26,2026-05-30
b8bd6391,dd76d584,24,2026-05-30
b8bd6391,ce5e4ee9,23,2026-05-30
b8bd6391,c346fd66,12,2026-05-31
b8bd6391,0c2a058a,9,2026-05-31
b8bd6391,72220812,10,2026-05-31
b8bd6391,db62e2f9,8,2026-05-31
6068be24,7f9fd657,3,2026-05-01
6068be24,db4fd0ae,3,2026-05-01
6068be24,9ade1db4,3,2026-05-01
6068be24,b76c09b6,3,2026-05-01
6068be24,34d31e66,3,2026-05-01
6068be24,7283575f,3,2026-05-01
6068be24,70ec2bd8,3,2026-05-01
6068be24,e349544a,3,2026-05-01
6068be24,b2a6ee5f,25,2026-05-02
6068be24,14795a30,27,2026-05-02
6068be24,41f5f19c,27,2026-05-02
6068be24,45edc5d7,25,2026-05-02
6068be24,bbe440ae,26,2026-05-02
6068be24,545ef724,25,2026-05-02
6068be24,df8ed408,3,2026-05-03
6068be24,56f45077,3,2026-05-03
6068be24,3fbecf1a,3,2026-05-03
6068be24,c5f9b734,3,2026-05-03
6068be24,ebf88b84,3,2026-05-03
6068be24,6dcb2248,3,2026-05-03
6068be24,b4cb4cfc,3,2026-05-03
6068be24,870a253c,3,2026-05-03
6068be24,f604620a,3,2026-05-03
6068be24,fb4b461f,3,2026-05-04
6068be24,c014d5e8,3,2026-05-04
6068be24,6e11cfd8,3,2026-05-04
6068be24,1f77de59,3,2026-05-04
6068be24,9b034e25,3,2026-05-04
6068be24,2b88f814,6,2026-05-04
6068be24,64266f77,3,2026-05-04
6068be24,7c59198e,5,2026-05-05
6068be24,bd0a3e2b,4,2026-05-05
6068be24,21065042,5,2026-05-05
6068be24,0ffcf2a3,5,2026-05-05
6068be24,c15fe6b6,5,2026-05-05
6068be24,1f87573c,6,2026-05-05
6068be24,9b3d1592,5,2026-05-05
6068be24,9270e9c5,5,2026-05-05
6068be24,b0a1d56a,20,2026-05-06
6068be24,529b1b80,20,2026-05-06
6068be24,7200974a,22,2026-05-06
6068be24,be523982,18,2026-05-06
6068be24,361466a0,19,2026-05-06
6068be24,28e2aab8,21,2026-05-06
6068be24,1e959328,19,2026-05-06
6068be24,ba5519df,6,2026-05-07
6068be24,eb6b2d5b,6,2026-05-07
6068be24,5970c584,4,2026-05-07
6068be24,38cea84f,4,2026-05-07
6068be24,009631c2,7,2026-05-07
6068be24,dd8587d5,7,2026-05-07
6068be24,728b79a5,8,2026-05-07
6068be24,f515cee1,3,2026-05-07
6068be24,7e00e560,5,2026-05-07
6068be24,ffe322a5,3,2026-05-07
6068be24,fc67eb1b,3,2026-05-08
6068be24,398cbf60,3,2026-05-08
6068be24,69b96894,3,2026-05-08
6068be24,9115fdb0,3,2026-05-08
6068be24,aae00d5f,3,2026-05-08
6068be24,328f40e1,3,2026-05-08
6068be24,2775f60c,3,2026-05-09
6068be24,06930899,3,2026-05-09
6068be24,053d9c73,3,2026-05-09
6068be24,9ee5a5ad,3,2026-05-09
6068be24,1db11f30,3,2026-05-09
6068be24,4cc6436a,3,2026-05-09
6068be24,4b8a791e,16,2026-05-10
6068be24,bada6219,11,2026-05-10
6068be24,27b350b7,13,2026-05-10
6068be24,6c6d778b,15,2026-05-10
6068be24,677692d6,9,2026-05-10
6068be24,4591b14e,12,2026-05-10
6068be24,6966af6b,15,2026-05-10
6068be24,76854de1,12,2026-05-10
6068be24,62b8ae63,13,2026-05-10
6068be24,83a995ef,12,2026-05-10
6068be24,2b5b4890,23,2026-05-11
6068be24,476c22b0,23,2026-05-11
6068be24,5d849fde,19,2026-05-11
6068be24,73ffffe3,24,2026-05-11
6068be24,1460e7fe,21,2026-05-11
6068be24,f742b7c9,22,2026-05-11
6068be24,99baf3c0,24,2026-05-11
6068be24,94bce10e,24,2026-05-11
6068be24,fd49a0be,20,2026-05-11
6068be24,2f5106be,22,2026-05-11
6068be24,fd7cad19,3,2026-05-12
6068be24,6955cfb2,3,2026-05-12
6068be24,283de98a,3,2026-05-12
6068be24,a426eeb8,3,2026-05-12
6068be24,62138a60,3,2026-05-12
6068be24,2f95963b,3,2026-05-12
6068be24,21e77dc0,3,2026-05-12
6068be24,b8cd4c89,3,2026-05-12
6068be24,f5fa3bc4,3,2026-05-12
6068be24,7ecaff45,3,2026-05-12
6068be24,d70b2bac,3,2026-05-13
6068be24,b3d42820,3,2026-05-13
6068be24,74e7b6e2,3,2026-05-13
6068be24,005df5bf,3,2026-05-13
6068be24,46f1c4d9,3,2026-05-13
6068be24,0b23cb13,5,2026-05-13
6068be24,34af3200,3,2026-05-14
6068be24,5fc8435a,3,2026-05-14
6068be24,ee4be25c,3,2026-05-14
6068be24,7ffb848c,3,2026-05-14
6068be24,ff63343b,3,2026-05-14
6068be24,3c0de98e,3,2026-05-14
6068be24,e7252466,3,2026-05-15
6068be24,a69a88ff,3,2026-05-15
6068be24,771565a7,3,2026-05-15
6068be24,0ffc2c5d,3,2026-05-15
6068be24,3bc4f3aa,3,2026-05-15
6068be24,800a47f0,3,2026-05-15
6068be24,d63ee81e,3,2026-05-15
6068be24,36c5db02,3,2026-05-15
6068be24,b4c1b69b,13,2026-05-16
6068be24,4eb38e5e,13,2026-05-16
6068be24,6f932c97,14,2026-05-16
6068be24,b548dca4,10,2026-05-16
6068be24,2e48c0a2,11,2026-05-16
6068be24,85baa0f0,12,2026-05-16
6068be24,75d5b1d3,12,2026-05-16
6068be24,ce9ca526,15,2026-05-17
6068be24,78298bb4,18,2026-05-17
6068be24,55725659,16,2026-05-17
6068be24,f2ac840a,17,2026-05-17
6068be24,1f207f60,16,2026-05-17
6068be24,0e05a40d,25,2026-05-18
6068be24,9deb4763,23,2026-05-18
6068be24,3917925b,24,2026-05-18
6068be24,ba1c4da5,25,2026-05-18
6068be24,cbabc870,23,2026-05-18
6068be24,c1b7faa9,23,2026-05-18
6068be24,03c9095c,23,2026-05-18
6068be24,ec528d76,21,2026-05-18
6068be24,fb87d899,31,2026-05-19
6068be24,93b6cdfa,30,2026-05-19
6068be24,7086b6e1,30,2026-05-19
6068be24,e4b9cdb3,27,2026-05-19
6068be24,50b62143,29,2026-05-19
6068be24,7de89fde,29,2026-05-19
6068be24,fc0d18cc,32,2026-05-19
6068be24,93efaa7d,30,2026-05-19
6068be24,cd422474,24,2026-05-20
6068be24,d3727fe0,25,2026-05-20
6068be24,6a3984b7,24,2026-05-20
6068be24,a1ce5e85,24,2026-05-20
6068be24,e27251db,23,2026-05-20
6068be24,9d6f41ed,23,2026-05-20
6068be24,cbafb9e6,26,2026-05-20
6068be24,7ce3ce8e,10,2026-05-21
6068be24,34fcbdc2,11,2026-05-21
6068be24,86691e65,12,2026-05-21
6068be24,ca40e7d9,9,2026-05-21
6068be24,ac9d17e2,11,2026-05-21
6068be24,3eadf3dc,12,2026-05-21
6068be24,0e7fa937,12,2026-05-21
6068be24,aaf76e6f,8,2026-05-21
6068be24,21493aba,11,2026-05-22
6068be24,390fa3e0,11,2026-05-22
6068be24,cebbdf1c,12,2026-05-22
6068be24,383a5aa0,11,2026-05-22
6068be24,e0a76804,13,2026-05-22
6068be24,2c77d250,12,2026-05-22
6068be24,ae47e9da,15,2026-05-22
6068be24,0db3e6dc,14,2026-05-22
6068be24,1e394353,8,2026-05-22
6068be24,1b7bcfa3,11,2026-05-22
6068be24,c0663c4b,3,2026-05-23
6068be24,08963945,3,2026-05-23
6068be24,c4d9c4ba,3,2026-05-23
6068be24,82ef9d3c,3,2026-05-23
6068be24,1eb014de,3,2026-05-23
6068be24,66040834,3,2026-05-23
6068be24,8ae6b80f,3,2026-05-23
6068be24,873528dd,8,2026-05-24
6068be24,7120209b,13,2026-05-24
6068be24,fd95dedc,10,2026-05-24
6068be24,dc168947,10,2026-05-24
6068be24,a4752f59,7,2026-05-24
6068be24,a5255ff9,10,2026-05-24
6068be24,606b7e81,9,2026-05-24
6068be24,41d6ba09,11,2026-05-24
6068be24,9894aaf9,30,2026-05-25
6068be24,937ca77b,34,2026-05-25
6068be24,93c6ae9d,33,2026-05-25
6068be24,d9c4545b,34,2026-05-25
6068be24,eca881a5,34,2026-05-25
6068be24,f02167cd,35,2026-05-25
6068be24,7e621a80,34,2026-05-25
6068be24,b6c20bc2,19,2026-05-26
6068be24,cda3226e,18,2026-05-26
6068be24,affcf907,16,2026-05-26
6068be24,23194b8f,17,2026-05-26
6068be24,a8fc611b,19,2026-05-26
6068be24,51820ea7,24,2026-05-27
6068be24,7136c478,22,2026-05-27
6068be24,d3c1c9cc,23,2026-05-27
6068be24,00619480,24,2026-05-27
6068be24,bde0465e,25,2026-05-27
6068be24,0cccaed6,23,2026-05-28
6068be24,b9d70c83,25,2026-05-28
6068be24,3f383696,23,2026-05-28
6068be24,532a5cf7,21,2026-05-28
6068be24,aea70c15,20,2026-05-28
6068be24,a9db4551,22,2026-05-28
6068be24,7a3749f7,24,2026-05-28
6068be24,4c905402,16,2026-05-29
6068be24,1a02b956,16,2026-05-29
6068be24,fcc7a08b,16,2026-05-29
6068be24,1ee3344c,18,2026-05-29
6068be24,6a59c6dc,15,2026-05-29
6068be24,a718f532,16,2026-05-29
6068be24,46f138c2,15,2026-05-29
6068be24,9c398cf5,19,2026-05-29
6068be24,dde5a89d,23,2026-05-30
6068be24,aeb47b4d,20,2026-05-30
6068be24,29b55580,21,2026-05-30
6068be24,a1b9f3b7,24,2026-05-30
6068be24,c401d475,22,2026-05-30
6068be24,565ec2c0,20,2026-05-30
6068be24,793b325c,20,2026-05-30
6068be24,f6fd928e,23,2026-05-30
6068be24,f8d9352f,9,2026-05-31
6068be24,594cdd93,12,2026-05-31
6068be24,a1183d31,9,2026-05-31
6068be24,bfb665a2,7,2026-05-31
6068be24,00474802,10,2026-05-31
6068be24,000254c2,10,2026-05-31
6068be24,f5ec76d9,10,2026-05-31
6068be24,8256d464,13,2026-05-31
ba9c8e34,6c468a84,31,2026-05-01
ba9c8e34,69d200c2,28,2026-05-01
ba9c8e34,a2921abe,31,2026-05-01
ba9c8e34,a99977de,34,2026-05-01
ba9c8e34,75c15e84,3,2026-05-02
ba9c8e34,e96d3232,3,2026-05-02
ba9c8e34,2f8cdd05,3,2026-05-02
ba9c8e34,7fc2bfce,3,2026-05-02
ba9c8e34,8869da7b,3,2026-05-02
ba9c8e34,7781c3cc,3,2026-05-02
ba9c8e34,95b759a7,41,2026-05-03
ba9c8e34,ecea8caa,40,2026-05-03
ba9c8e34,1fef230f,65,2026-05-04
ba9c8e34,8cb4b61a,61,2026-05-04
ba9c8e34,73dc9a5f,62,2026-05-04
ba9c8e34,f9ea7039,20,2026-05-05
ba9c8e34,420aa232,20,2026-05-05
ba9c8e34,19727c90,19,2026-05-05
ba9c8e34,fae05ff5,20,2026-05-05
ba9c8e34,880aee28,17,2026-05-05
ba9c8e34,ee500b84,3,2026-05-06
ba9c8e34,b92db11c,3,2026-05-06
ba9c8e34,f5be4b80,3,2026-05-06
ba9c8e34,b513881b,3,2026-05-06
ba9c8e34,1fbab84a,3,2026-05-06
ba9c8e34,2953ebea,3,2026-05-06
ba9c8e34,2d951e6d,6,2026-05-07
ba9c8e34,16933ca1,5,2026-05-07
ba9c8e34,ce37ed0b,7,2026-05-07
ba9c8e34,7ac7217a,6,2026-05-07
ba9c8e34,8e4616b1,28,2026-05-08
ba9c8e34,5b5422bf,29,2026-05-08
ba9c8e34,42026a5e,30,2026-05-08
ba9c8e34,a028399a,31,2026-05-08
ba9c8e34,dccc5ec3,31,2026-05-08
ba9c8e34,9359f8f1,3,2026-05-09
ba9c8e34,860c36c8,3,2026-05-09
ba9c8e34,b587a1f9,3,2026-05-09
ba9c8e34,d7aa6d7e,21,2026-05-10
ba9c8e34,eef0579b,20,2026-05-10
ba9c8e34,f3894100,20,2026-05-10
ba9c8e34,8c0f7692,43,2026-05-11
ba9c8e34,787849c5,43,2026-05-11
ba9c8e34,1d4c105d,45,2026-05-11
ba9c8e34,e22745de,45,2026-05-11
ba9c8e34,cb84f050,44,2026-05-11
ba9c8e34,e31d931b,43,2026-05-11
ba9c8e34,f2caa483,46,2026-05-11
ba9c8e34,cff4c2ce,3,2026-05-12
ba9c8e34,cbc36f8f,3,2026-05-12
ba9c8e34,ac194978,3,2026-05-12
ba9c8e34,6d5b9861,12,2026-05-13
ba9c8e34,3a12d095,17,2026-05-13
ba9c8e34,46a421ff,3,2026-05-14
ba9c8e34,43f5ee74,3,2026-05-14
ba9c8e34,5cb4da91,26,2026-05-15
ba9c8e34,5405cc9e,30,2026-05-15
ba9c8e34,aca29c4f,28,2026-05-15
ba9c8e34,8b4df1ff,25,2026-05-15
ba9c8e34,5cebaace,26,2026-05-15
ba9c8e34,bb55cef0,35,2026-05-16
ba9c8e34,d591bc5f,32,2026-05-16
ba9c8e34,a78fed13,35,2026-05-16
ba9c8e34,a4504110,35,2026-05-16
ba9c8e34,c0dfd9ca,36,2026-05-16
ba9c8e34,15b0fae6,34,2026-05-16
ba9c8e34,cb96673d,22,2026-05-17
ba9c8e34,1f465df8,23,2026-05-17
ba9c8e34,569921f0,25,2026-05-17
ba9c8e34,5e8e18f0,23,2026-05-17
ba9c8e34,42ee3069,35,2026-05-18
ba9c8e34,e320e5bd,33,2026-05-18
ba9c8e34,6536fe69,31,2026-05-18
ba9c8e34,9da5c4a5,3,2026-05-19
ba9c8e34,eb2f7041,3,2026-05-19
ba9c8e34,16848fc7,3,2026-05-20
ba9c8e34,bba777d6,3,2026-05-20
ba9c8e34,72f4fa1d,3,2026-05-20
ba9c8e34,83eb4629,3,2026-05-21
ba9c8e34,f82ef5ad,3,2026-05-21
ba9c8e34,c50d1f59,3,2026-05-21
ba9c8e34,a5816082,3,2026-05-21
ba9c8e34,e2a8e077,3,2026-05-21
ba9c8e34,48eb437f,3,2026-05-21
ba9c8e34,92777142,8,2026-05-22
ba9c8e34,2077f096,3,2026-05-22
ba9c8e34,cf1c7480,10,2026-05-22
ba9c8e34,f55e40f3,8,2026-05-22
ba9c8e34,2a227308,6,2026-05-22
ba9c8e34,b207dcd7,14,2026-05-23
ba9c8e34,f7c1fc1a,12,2026-05-23
ba9c8e34,7aa10001,15,2026-05-23
ba9c8e34,94d28f68,10,2026-05-24
ba9c8e34,60563242,13,2026-05-24
ba9c8e34,0dd4ccb8,12,2026-05-25
ba9c8e34,dd5e193b,12,2026-05-25
ba9c8e34,98110647,15,2026-05-25
ba9c8e34,174e237d,10,2026-05-25
ba9c8e34,a1b7074e,13,2026-05-25
ba9c8e34,2adcb208,12,2026-05-25
ba9c8e34,9611da2a,21,2026-05-26
ba9c8e34,77aa80ea,20,2026-05-26
ba9c8e34,b0845077,20,2026-05-26
ba9c8e34,66cade1e,21,2026-05-26
ba9c8e34,48dbe1b2,17,2026-05-26
ba9c8e34,8c85efb2,31,2026-05-27
ba9c8e34,a87902c9,34,2026-05-27
ba9c8e34,8b366ef1,34,2026-05-27
ba9c8e34,2224e80c,32,2026-05-27
ba9c8e34,765c0bee,33,2026-05-27
ba9c8e34,885f9aa6,34,2026-05-27
ba9c8e34,3c8b7031,5,2026-05-28
ba9c8e34,3112da81,3,2026-05-28
ba9c8e34,d64cb0fb,3,2026-05-28
ba9c8e34,e8aeb5c6,18,2026-05-29
ba9c8e34,603eafa4,20,2026-05-29
ba9c8e34,c9676301,18,2026-05-29
ba9c8e34,83a39e92,17,2026-05-29
ba9c8e34,42b0d6c3,17,2026-05-29
ba9c8e34,5437e301,3,2026-05-30
ba9c8e34,73391806,3,2026-05-30
ba9c8e34,e4712ce0,3,2026-05-30
ba9c8e34,f01941b5,3,2026-05-30
ba9c8e34,d764604e,4,2026-05-31
ba9c8e34,ac10e20e,3,2026-05-31
ba9c8e34,be11918f,4,2026-05-31
ba9c8e34,f70ad303,5,2026-05-31
ba9c8e34,011525cd,7,2026-05-31
b051a3f3,796a3be4,3,2026-05-01
b051a3f3,192dcbb5,3,2026-05-01
b051a3f3,56de04f6,3,2026-05-01
b051a3f3,ca40c40b,3,2026-05-01
b051a3f3,d79bfb92,3,2026-05-01
b051a3f3,b3c4bc5f,3,2026-05-01
b051a3f3,d2dcfefe,3,2026-05-01
b051a3f3,fe1235c7,3,2026-05-01
b051a3f3,2fe9e7f0,3,2026-05-01
b051a3f3,d082e17e,15,2026-05-02
b051a3f3,22f5e11a,11,2026-05-02
b051a3f3,f45054d0,12,2026-05-02
b051a3f3,eab13608,13,2026-05-02
b051a3f3,1a33d2f4,14,2026-05-02
b051a3f3,8c30fabe,12,2026-05-02
b051a3f3,0447f8f6,15,2026-05-02
b051a3f3,e6ed36c7,12,2026-05-02
b051a3f3,89e92a3d,23,2026-05-03
b051a3f3,9c97f6d5,21,2026-05-03
b051a3f3,b8cff008,25,2026-05-03
b051a3f3,15c3691e,21,2026-05-03
b051a3f3,9c258ab9,23,2026-05-03
b051a3f3,f0fcaf2c,23,2026-05-03
b051a3f3,1f11b014,26,2026-05-03
b051a3f3,f8cd9265,23,2026-05-03
b051a3f3,ea95e212,23,2026-05-03
b051a3f3,72d77df0,5,2026-05-04
b051a3f3,cd86683a,8,2026-05-04
b051a3f3,df5b5b8b,6,2026-05-04
b051a3f3,aa728ce5,6,2026-05-04
b051a3f3,ac950e7d,3,2026-05-04
b051a3f3,f33ac7e3,8,2026-05-04
b051a3f3,77303789,5,2026-05-04
b051a3f3,507a78c3,36,2026-05-05
b051a3f3,d2042b83,36,2026-05-05
b051a3f3,76b934af,36,2026-05-05
b051a3f3,99381566,34,2026-05-05
b051a3f3,8f750801,35,2026-05-05
b051a3f3,82101aca,37,2026-05-05
b051a3f3,b5f472f7,38,2026-05-05
b051a3f3,d1e26eec,36,2026-05-05
b051a3f3,399b055e,10,2026-05-06
b051a3f3,f11922d1,11,2026-05-06
b051a3f3,9ab8f73a,13,2026-05-06
b051a3f3,6097dc69,11,2026-05-06
b051a3f3,19d25f83,14,2026-05-06
b051a3f3,52290193,11,2026-05-06
b051a3f3,b2a32476,12,2026-05-06
b051a3f3,6a8db226,13,2026-05-06
b051a3f3,f4db0e4e,12,2026-05-06
b051a3f3,636e488a,15,2026-05-06
b051a3f3,8df57d06,8,2026-05-07
b051a3f3,8d849e17,8,2026-05-07
b051a3f3,58b1c499,8,2026-05-07
b051a3f3,b2309f68,7,2026-05-07
b051a3f3,964864e8,8,2026-05-07
b051a3f3,41304642,10,2026-05-07
b051a3f3,4b137ea9,7,2026-05-07
b051a3f3,b08f8298,11,2026-05-07
b051a3f3,7a78a90f,9,2026-05-07
b051a3f3,60167b3b,26,2026-05-08
b051a3f3,58577e7c,24,2026-05-08
b051a3f3,82216f09,21,2026-05-08
b051a3f3,dc095e57,21,2026-05-08
b051a3f3,91ac6346,24,2026-05-08
b051a3f3,d739f6c3,24,2026-05-08
b051a3f3,2a591594,25,2026-05-08
b051a3f3,08357808,22,2026-05-08
b051a3f3,6aca6a74,3,2026-05-09
b051a3f3,26de6175,3,2026-05-09
b051a3f3,90dfebf8,3,2026-05-09
b051a3f3,b3c0a38d,3,2026-05-09
b051a3f3,e899a546,3,2026-05-09
b051a3f3,7e91ea7c,3,2026-05-09
b051a3f3,db181507,3,2026-05-09
b051a3f3,4ebac9a8,3,2026-05-09
b051a3f3,78fff2b6,7,2026-05-10
b051a3f3,82b9572d,9,2026-05-10
b051a3f3,5b152604,8,2026-05-10
b051a3f3,76ca9387,9,2026-05-10
b051a3f3,b8257276,8,2026-05-10
b051a3f3,28a0691f,9,2026-05-10
b051a3f3,170eb1a7,7,2026-05-10
b051a3f3,963712e4,12,2026-05-10
b051a3f3,d3671445,26,2026-05-11
b051a3f3,1e683cd2,27,2026-05-11
b051a3f3,92cfeaa1,25,2026-05-11
b051a3f3,753bfad4,28,2026-05-11
b051a3f3,21cf0669,25,2026-05-11
b051a3f3,c45b7398,26,2026-05-11
b051a3f3,ddba3fb9,26,2026-05-11
b051a3f3,9d5f95fb,27,2026-05-11
b051a3f3,c65c0d2d,26,2026-05-11
b051a3f3,76bb8598,3,2026-05-12
b051a3f3,2daa5aa3,3,2026-05-12
b051a3f3,d728ce42,3,2026-05-12
b051a3f3,c26ab219,3,2026-05-12
b051a3f3,73a0f454,3,2026-05-12
b051a3f3,a20bc471,3,2026-05-12
b051a3f3,f4ba68d4,39,2026-05-13
b051a3f3,c952d89f,39,2026-05-13
b051a3f3,ac36bff1,39,2026-05-13
b051a3f3,f0d2dc93,39,2026-05-13
b051a3f3,c012d050,38,2026-05-13
b051a3f3,2e996f48,36,2026-05-13
b051a3f3,6e2eb916,35,2026-05-13
b051a3f3,a97684e0,36,2026-05-13
b051a3f3,b02ace66,3,2026-05-14
b051a3f3,67e05eda,3,2026-05-14
b051a3f3,0472bac0,3,2026-05-14
b051a3f3,50a9381f,3,2026-05-14
b051a3f3,ffa5b70a,3,2026-05-14
b051a3f3,22d0e721,3,2026-05-14
b051a3f3,82428356,3,2026-05-14
b051a3f3,cb90d071,3,2026-05-15
b051a3f3,4edd0212,3,2026-05-15
b051a3f3,393db66d,3,2026-05-15
b051a3f3,ebf23619,3,2026-05-15
b051a3f3,fe980c04,3,2026-05-15
b051a3f3,d8522909,3,2026-05-16
b051a3f3,43a4abc3,3,2026-05-16
b051a3f3,704bf4fa,3,2026-05-16
b051a3f3,cc56109d,3,2026-05-16
b051a3f3,720120ca,3,2026-05-16
b051a3f3,c2af89f6,3,2026-05-16
b051a3f3,4a63773f,3,2026-05-16
b051a3f3,9e73bbd8,17,2026-05-17
b051a3f3,f226c6af,16,2026-05-17
b051a3f3,c16367b9,17,2026-05-17
b051a3f3,d3c4fc56,12,2026-05-17
b051a3f3,51061779,14,2026-05-17
b051a3f3,312e629c,15,2026-05-17
b051a3f3,cf532e04,16,2026-05-17
b051a3f3,cb993660,6,2026-05-18
b051a3f3,91dbbf03,8,2026-05-18
b051a3f3,670d1455,8,2026-05-18
b051a3f3,465716b5,6,2026-05-18
b051a3f3,17fe9c1b,7,2026-05-18
b051a3f3,fe377022,7,2026-05-18
b051a3f3,06272cd6,11,2026-05-18
b051a3f3,b15f4ec8,3,2026-05-19
b051a3f3,1877deee,3,2026-05-19
b051a3f3,b1b157c2,3,2026-05-19
b051a3f3,fdfa196f,3,2026-05-19
b051a3f3,36c64af1,3,2026-05-19
b051a3f3,c6b1fbfc,3,2026-05-19
b051a3f3,9296fff7,3,2026-05-19
b051a3f3,4105d6f9,17,2026-05-20
b051a3f3,ad22bfd5,15,2026-05-20
b051a3f3,4a7f713e,15,2026-05-20
b051a3f3,e6ea3cc3,9,2026-05-21
b051a3f3,0e9fee8c,9,2026-05-21
b051a3f3,5d013beb,11,2026-05-21
b051a3f3,d82015f0,9,2026-05-21
b051a3f3,5df5107e,8,2026-05-21
b051a3f3,7dff12e8,10,2026-05-21
b051a3f3,8ed312d9,3,2026-05-22
b051a3f3,f7d2bf94,3,2026-05-22
b051a3f3,3dae8a54,3,2026-05-22
b051a3f3,187994f7,3,2026-05-22
b051a3f3,6d2a5554,3,2026-05-22
b051a3f3,a8955f68,3,2026-05-22
b051a3f3,b80e7094,3,2026-05-22
b051a3f3,d00b24aa,3,2026-05-22
b051a3f3,e795d6af,3,2026-05-22
b051a3f3,702d0364,6,2026-05-23
b051a3f3,e7161c76,8,2026-05-23
b051a3f3,4c986eb5,7,2026-05-23
b051a3f3,e77f447f,5,2026-05-23
b051a3f3,f024fb34,7,2026-05-23
b051a3f3,c8de9d33,6,2026-05-23
b051a3f3,25e9d10e,8,2026-05-23
b051a3f3,f43b794f,3,2026-05-24
b051a3f3,4465f2cd,3,2026-05-24
b051a3f3,88cff320,3,2026-05-24
b051a3f3,7cc3771c,3,2026-05-24
b051a3f3,47152938,3,2026-05-24
b051a3f3,9672f2db,3,2026-05-24
b051a3f3,d0cfe02b,31,2026-05-25
b051a3f3,e7f5a920,35,2026-05-25
b051a3f3,f88d921a,37,2026-05-25
b051a3f3,ed2b2bd1,35,2026-05-25
b051a3f3,e3962e6b,33,2026-05-25
b051a3f3,6c0e756d,31,2026-05-25
b051a3f3,0b523db8,33,2026-05-25
b051a3f3,25571182,34,2026-05-25
b051a3f3,d1bf8907,3,2026-05-26
b051a3f3,d4f97cf1,3,2026-05-26
b051a3f3,604d02a8,3,2026-05-26
b051a3f3,58a0ac00,3,2026-05-26
b051a3f3,5c5afd76,3,2026-05-26
b051a3f3,2f456fe2,3,2026-05-26
b051a3f3,d6eabb17,3,2026-05-27
b051a3f3,7bcbc033,3,2026-05-27
b051a3f3,eb659956,3,2026-05-27
b051a3f3,2a93604b,3,2026-05-27
b051a3f3,48e6b928,3,2026-05-27
b051a3f3,77ef867d,3,2026-05-27
b051a3f3,2da5e780,3,2026-05-27
b051a3f3,7d9181ea,3,2026-05-27
b051a3f3,a05bc3b3,3,2026-05-27
b051a3f3,5c3f5cb9,10,2026-05-28
b051a3f3,86cb11af,9,2026-05-28
b051a3f3,aa0add2a,8,2026-05-28
b051a3f3,4d6c5e77,9,2026-05-28
b051a3f3,be47be79,9,2026-05-28
b051a3f3,082c621f,9,2026-05-28
b051a3f3,2619fe00,11,2026-05-28
b051a3f3,e41e785d,7,2026-05-28
b051a3f3,c6ca08a5,6,2026-05-29
b051a3f3,69714555,6,2026-05-29
b051a3f3,424c7875,7,2026-05-29
b051a3f3,0ed11a72,6,2026-05-29
b051a3f3,befa81f7,5,2026-05-29
b051a3f3,f5a1dc45,22,2026-05-30
b051a3f3,bf10f92b,22,2026-05-30
b051a3f3,980b5c1c,21,2026-05-30
b051a3f3,006e3756,21,2026-05-30
b051a3f3,e4a2d0bf,21,2026-05-30
b051a3f3,7c332538,21,2026-05-30
b051a3f3,ff0c65fa,20,2026-05-30
b051a3f3,ef04a3b6,19,2026-05-30
b051a3f3,e0438ba3,21,2026-05-30
b051a3f3,4ab6359e,3,2026-05-31
b051a3f3,40cd568c,3,2026-05-31
b051a3f3,ff7d3687,3,2026-05-31
b051a3f3,e6ac1cea,3,2026-05-31
b051a3f3,67107eb0,3,2026-05-31
b051a3f3,1955294a,3,2026-05-31
b051a3f3,fc1591d2,3,2026-05-31
ac9722b6,447b1592,3,2026-05-01
ac9722b6,5e7dec44,3,2026-05-01
ac9722b6,0bae8c2c,3,2026-05-01
ac9722b6,b2a57787,3,2026-05-01
ac9722b6,75dab374,14,2026-05-02
ac9722b6,d066d45b,12,2026-05-02
ac9722b6,28175d82,14,2026-05-02
ac9722b6,555464ff,14,2026-05-02
ac9722b6,bc84c225,15,2026-05-02
ac9722b6,37e81647,13,2026-05-02
ac9722b6,b427bdac,13,2026-05-02
ac9722b6,fe1429ae,12,2026-05-02
ac9722b6,adb8c7a7,18,2026-05-03
ac9722b6,74cb43a5,21,2026-05-03
ac9722b6,8eabaffa,23,2026-05-03
ac9722b6,ec7466ef,18,2026-05-03
ac9722b6,7ce5a55d,20,2026-05-03
ac9722b6,1dd274c8,3,2026-05-04
ac9722b6,6741bd30,3,2026-05-04
ac9722b6,2a3a7982,3,2026-05-04
ac9722b6,37941e2c,3,2026-05-04
ac9722b6,f7260175,3,2026-05-04
ac9722b6,e68ef6d9,18,2026-05-05
ac9722b6,6fc6cc68,19,2026-05-05
ac9722b6,d9cd2387,19,2026-05-05
ac9722b6,06c54307,17,2026-05-06
ac9722b6,598c6a76,14,2026-05-06
ac9722b6,f74532c6,14,2026-05-06
ac9722b6,c7f94796,15,2026-05-06
ac9722b6,0f44a92a,11,2026-05-06
ac9722b6,59770d5e,5,2026-05-07
ac9722b6,0fc15029,7,2026-05-07
ac9722b6,c1e834eb,7,2026-05-07
ac9722b6,c3d69b17,8,2026-05-07
ac9722b6,f914e7c6,10,2026-05-07
ac9722b6,ca482fe9,9,2026-05-07
ac9722b6,80bcf5f6,7,2026-05-07
ac9722b6,3be882be,18,2026-05-08
ac9722b6,30718838,22,2026-05-08
ac9722b6,a8c02aed,21,2026-05-08
ac9722b6,d1ffcdc1,21,2026-05-08
ac9722b6,3e7e374b,22,2026-05-08
ac9722b6,85b871ca,3,2026-05-09
ac9722b6,8fa4c810,3,2026-05-09
ac9722b6,3eb246d6,3,2026-05-09
ac9722b6,eb260624,3,2026-05-09
ac9722b6,b1becd15,3,2026-05-09
ac9722b6,2d7f9330,46,2026-05-10
ac9722b6,9d88da19,48,2026-05-10
ac9722b6,29ee6a27,51,2026-05-10
ac9722b6,0e668626,50,2026-05-10
ac9722b6,6024bafd,46,2026-05-10
ac9722b6,2d9d6078,46,2026-05-10
ac9722b6,8693a758,47,2026-05-10
ac9722b6,adecbcd4,3,2026-05-11
ac9722b6,1bfe2f26,3,2026-05-11
ac9722b6,15a7debd,3,2026-05-12
ac9722b6,e3e972d8,5,2026-05-12
ac9722b6,4ebe6262,3,2026-05-12
ac9722b6,31d11b7b,5,2026-05-12
ac9722b6,8625a355,32,2026-05-13
ac9722b6,49b30e1a,31,2026-05-13
ac9722b6,a38def27,33,2026-05-13
ac9722b6,c44161c0,34,2026-05-13
ac9722b6,a5b8f821,35,2026-05-13
ac9722b6,05903098,26,2026-05-14
ac9722b6,e904e204,25,2026-05-14
ac9722b6,674c6e69,28,2026-05-14
ac9722b6,92b915b2,25,2026-05-14
ac9722b6,9bbb1dcc,3,2026-05-15
ac9722b6,a721ea58,3,2026-05-15
ac9722b6,18cc9bf5,3,2026-05-15
ac9722b6,2b9d7262,3,2026-05-15
ac9722b6,303ed1e7,3,2026-05-15
ac9722b6,2a26496d,3,2026-05-16
ac9722b6,909d401b,3,2026-05-16
ac9722b6,6d572cca,3,2026-05-16
ac9722b6,f956a76b,3,2026-05-16
ac9722b6,1d3ffdb4,28,2026-05-17
ac9722b6,d4934231,30,2026-05-17
ac9722b6,3e15b8d1,27,2026-05-17
ac9722b6,66bbd668,28,2026-05-17
ac9722b6,756f5b2a,28,2026-05-17
ac9722b6,e9c7bf9c,29,2026-05-17
ac9722b6,160d70d5,32,2026-05-18
ac9722b6,33fdf49c,33,2026-05-18
ac9722b6,e880e10d,33,2026-05-18
ac9722b6,4f94c1d3,35,2026-05-18
ac9722b6,1c6f4624,18,2026-05-19
ac9722b6,9e5526f0,16,2026-05-19
ac9722b6,2e957041,17,2026-05-19
ac9722b6,87589a8d,16,2026-05-19
ac9722b6,f109181a,20,2026-05-19
ac9722b6,7d38beb4,18,2026-05-19
ac9722b6,ad7b063a,8,2026-05-20
ac9722b6,cbf29b4e,9,2026-05-20
ac9722b6,26a518e4,9,2026-05-20
ac9722b6,c5e7dca1,8,2026-05-20
ac9722b6,7866869f,22,2026-05-21
ac9722b6,5c5f507d,19,2026-05-21
ac9722b6,820900be,21,2026-05-21
ac9722b6,c0d94f68,18,2026-05-21
ac9722b6,0b1e2664,13,2026-05-22
ac9722b6,2a54be9d,13,2026-05-22
ac9722b6,d9f2716c,12,2026-05-22
ac9722b6,2f1a9ea4,12,2026-05-22
ac9722b6,df8d7200,12,2026-05-22
ac9722b6,26bce537,12,2026-05-22
ac9722b6,3579d72f,11,2026-05-22
ac9722b6,d1197143,3,2026-05-23
ac9722b6,cc51e346,3,2026-05-23
ac9722b6,79abdff9,3,2026-05-23
ac9722b6,7ae5aed5,3,2026-05-23
ac9722b6,5361afbe,3,2026-05-23
ac9722b6,81f2c799,3,2026-05-23
ac9722b6,fe6e6345,16,2026-05-24
ac9722b6,4572744a,17,2026-05-24
ac9722b6,df4d3a8b,19,2026-05-24
ac9722b6,c2988ef9,17,2026-05-24
ac9722b6,be23ee8e,15,2026-05-24
ac9722b6,40acf0df,28,2026-05-25
ac9722b6,9592b3e3,30,2026-05-25
ac9722b6,bf97cbde,30,2026-05-25
ac9722b6,c9de6454,27,2026-05-25
ac9722b6,de58f14e,42,2026-05-26
ac9722b6,afff3a05,44,2026-05-26
ac9722b6,df2bec14,42,2026-05-26
ac9722b6,8da9f612,45,2026-05-26
ac9722b6,e1d2739a,44,2026-05-26
ac9722b6,0510b8fd,29,2026-05-27
ac9722b6,1bdb0d27,29,2026-05-27
ac9722b6,70c82834,31,2026-05-27
ac9722b6,24213f2b,5,2026-05-28
ac9722b6,227e37c2,5,2026-05-28
ac9722b6,1b508d1c,3,2026-05-28
ac9722b6,aeec80bd,5,2026-05-28
ac9722b6,ae5712cb,3,2026-05-29
ac9722b6,a4a39685,3,2026-05-29
ac9722b6,4933703e,3,2026-05-29
ac9722b6,235cdb42,3,2026-05-29
ac9722b6,f3d2648c,3,2026-05-29
ac9722b6,d80c2a9e,34,2026-05-30
ac9722b6,1468857d,34,2026-05-30
ac9722b6,f3509327,32,2026-05-30
ac9722b6,fc570398,34,2026-05-30
ac9722b6,2ebaa39e,3,2026-05-31
ac9722b6,b1efad1a,3,2026-05-31
ac9722b6,6bed794a,3,2026-05-31
ac9722b6,5eba76fa,3,2026-05-31
58362048,f989372e,8,2026-05-01
58362048,c7453613,11,2026-05-01
58362048,0cc8e406,10,2026-05-01
58362048,a6db9cea,11,2026-05-01
58362048,aa57d30b,11,2026-05-01
58362048,4f9ba78f,10,2026-05-01
58362048,04b8730d,9,2026-05-02
58362048,15c11ac2,9,2026-05-02
58362048,ea560d42,9,2026-05-02
58362048,750f6603,7,2026-05-02
58362048,9a02de6f,7,2026-05-02
58362048,0786fcf8,22,2026-05-03
58362048,04268add,20,2026-05-03
58362048,c964a731,22,2026-05-03
58362048,59ba3960,23,2026-05-03
58362048,2edc076b,20,2026-05-03
58362048,5bc3a418,21,2026-05-03
58362048,74852175,3,2026-05-04
58362048,74895755,3,2026-05-04
58362048,3a5a6ab2,3,2026-05-04
58362048,843fb626,3,2026-05-04
58362048,5325aced,3,2026-05-04
58362048,e735183c,3,2026-05-04
58362048,764d8d49,3,2026-05-05
58362048,130bc8e7,3,2026-05-05
58362048,74bc62cd,3,2026-05-05
58362048,dcbb0369,3,2026-05-05
58362048,98950ed5,3,2026-05-05
58362048,b58d97a8,3,2026-05-05
58362048,4877cd37,3,2026-05-05
58362048,e22eeb2e,3,2026-05-06
58362048,e2873c62,3,2026-05-06
58362048,8c6ec1a6,3,2026-05-06
58362048,89054ef8,3,2026-05-06
58362048,92a25cd2,3,2026-05-06
58362048,5c22e71c,3,2026-05-06
58362048,7c2b4865,3,2026-05-06
58362048,b7f73be5,3,2026-05-06
58362048,243f6470,3,2026-05-07
58362048,fc3e64f6,3,2026-05-07
58362048,abf88a8f,3,2026-05-07
58362048,6d378838,3,2026-05-07
58362048,f05b0ae7,3,2026-05-07
58362048,88d810c7,3,2026-05-07
58362048,5047c696,3,2026-05-07
58362048,a3452d67,3,2026-05-07
58362048,7389253d,3,2026-05-08
58362048,4dcc0fd2,3,2026-05-08
58362048,6e258953,3,2026-05-08
58362048,42e568d3,3,2026-05-08
58362048,406841a8,3,2026-05-08
58362048,324eec69,3,2026-05-08
58362048,ff30b818,3,2026-05-08
58362048,82bccc51,3,2026-05-08
58362048,1255c04f,24,2026-05-09
58362048,bb971bdb,23,2026-05-09
58362048,0223d473,19,2026-05-09
58362048,8c5861b2,24,2026-05-09
58362048,484869b5,24,2026-05-09
58362048,914469bc,22,2026-05-09
58362048,7622b929,3,2026-05-10
58362048,30638e1e,3,2026-05-10
58362048,7e42bece,3,2026-05-10
58362048,61bf0896,3,2026-05-10
58362048,69c6b806,20,2026-05-11
58362048,970198a4,18,2026-05-11
58362048,774276b6,18,2026-05-11
58362048,4b139590,20,2026-05-11
58362048,933ec79c,19,2026-05-11
58362048,ff0583e9,18,2026-05-11
58362048,c1ef47a6,20,2026-05-11
58362048,3fa8f95a,3,2026-05-12
58362048,4dce5c9b,3,2026-05-12
58362048,faa5cd80,5,2026-05-12
58362048,71e6edf9,3,2026-05-12
58362048,52d6f916,3,2026-05-12
58362048,28fd6a02,33,2026-05-13
58362048,7e0e6ced,34,2026-05-13
58362048,6cd41f6f,32,2026-05-13
58362048,f98064cc,30,2026-05-13
58362048,cf157d26,31,2026-05-13
58362048,b3271fb8,32,2026-05-13
58362048,35e9976d,34,2026-05-13
58362048,a74666c6,17,2026-05-14
58362048,80418108,15,2026-05-14
58362048,d823902c,17,2026-05-14
58362048,bc019ebf,16,2026-05-14
58362048,770f8f6e,16,2026-05-14
58362048,73d21ffc,16,2026-05-14
58362048,7540d5f9,15,2026-05-14
58362048,9b273b09,13,2026-05-14
58362048,70f91784,16,2026-05-14
58362048,8f5c3c35,3,2026-05-15
58362048,81e89c67,3,2026-05-15
58362048,dbcab697,3,2026-05-15
58362048,16465187,5,2026-05-15
58362048,fd586efb,4,2026-05-15
58362048,d362cbca,5,2026-05-15
58362048,c20724ed,5,2026-05-15
58362048,9163679e,3,2026-05-15
58362048,ee431b2b,3,2026-05-15
58362048,326cba27,3,2026-05-16
58362048,4e0bde6d,3,2026-05-16
58362048,a401aa93,3,2026-05-16
58362048,1ccde8a3,3,2026-05-16
58362048,699b8acd,3,2026-05-16
58362048,436e83fc,3,2026-05-16
58362048,05422809,3,2026-05-16
58362048,936ce566,3,2026-05-17
58362048,29d4bb97,3,2026-05-17
58362048,1efe6a2e,3,2026-05-17
58362048,3fa95414,3,2026-05-17
58362048,86fb6eae,3,2026-05-17
58362048,ad5a04ca,3,2026-05-17
58362048,7e806159,3,2026-05-17
58362048,e1a11b5b,3,2026-05-18
58362048,103b23b2,3,2026-05-18
58362048,8bb532a8,3,2026-05-18
58362048,d60dbb6d,3,2026-05-18
58362048,a9c5da57,3,2026-05-18
58362048,3a68816c,3,2026-05-18
58362048,09ce247d,6,2026-05-19
58362048,c2be45c3,9,2026-05-19
58362048,4a33400b,9,2026-05-19
58362048,05e27b5a,9,2026-05-19
58362048,7819b6bb,10,2026-05-19
58362048,96ed98d2,8,2026-05-19
58362048,8cbb33a1,10,2026-05-19
58362048,468c8b55,8,2026-05-19
58362048,a136ca6b,3,2026-05-20
58362048,0fc7cedf,3,2026-05-20
58362048,471edee4,3,2026-05-20
58362048,c2f19e80,3,2026-05-20
58362048,7c6cd402,6,2026-05-20
58362048,f8e18c2d,3,2026-05-20
58362048,3b7e3d32,4,2026-05-20
58362048,9782cfca,7,2026-05-20
58362048,e319ef8e,5,2026-05-20
58362048,44705507,10,2026-05-21
58362048,e9341e6e,10,2026-05-21
58362048,54f4675f,10,2026-05-21
58362048,afc5c911,6,2026-05-21
58362048,30c331c0,11,2026-05-21
58362048,da87403e,9,2026-05-21
58362048,f331cbe3,8,2026-05-21
58362048,8f07c811,11,2026-05-21
58362048,2c158996,9,2026-05-22
58362048,75de6705,8,2026-05-22
58362048,58d926d3,8,2026-05-22
58362048,6cbe6812,7,2026-05-22
58362048,84414fa1,10,2026-05-22
58362048,38c73135,9,2026-05-22
58362048,6c05e3ce,9,2026-05-22
58362048,9ddff8c7,3,2026-05-23
58362048,b55cbcfd,3,2026-05-23
58362048,f427e0dd,5,2026-05-23
58362048,b42552a7,3,2026-05-23
58362048,dc6b8711,3,2026-05-23
58362048,4d585ab5,3,2026-05-23
58362048,57c3b8f9,3,2026-05-23
58362048,fe626722,3,2026-05-23
58362048,87bfcd0b,3,2026-05-24
58362048,d585a57e,3,2026-05-24
58362048,38e8d6c7,3,2026-05-24
58362048,2686f6e0,3,2026-05-24
58362048,30d7fbbb,3,2026-05-24
58362048,1671dcd4,3,2026-05-24
58362048,09aed175,3,2026-05-24
58362048,9cd3faaf,3,2026-05-24
58362048,27c3d4ad,3,2026-05-24
58362048,fa8c1468,3,2026-05-25
58362048,cc86513c,3,2026-05-25
58362048,fd0bc4bb,3,2026-05-25
58362048,f08fe598,3,2026-05-25
58362048,3d03d586,3,2026-05-25
58362048,5fadc573,3,2026-05-25
58362048,dc8d720e,3,2026-05-25
58362048,99cafb95,3,2026-05-25
58362048,b77d1841,3,2026-05-25
58362048,c2efce47,3,2026-05-25
58362048,83ed64a0,17,2026-05-26
58362048,be964cc3,23,2026-05-26
58362048,efa88c4f,24,2026-05-26
58362048,2d339275,22,2026-05-26
58362048,1d0a8a48,22,2026-05-26
58362048,918679e1,24,2026-05-26
58362048,e703d231,20,2026-05-26
58362048,4a7ba2b1,21,2026-05-26
58362048,6808a5d4,13,2026-05-27
58362048,83083ef5,12,2026-05-27
58362048,96f8383e,15,2026-05-27
58362048,16ae91f7,13,2026-05-27
58362048,16770684,14,2026-05-27
58362048,db2a77ee,13,2026-05-27
58362048,ecaee1e7,14,2026-05-27
58362048,afc424b7,13,2026-05-27
58362048,39a5739e,12,2026-05-27
58362048,35fddade,18,2026-05-27
58362048,747d6c61,12,2026-05-27
58362048,2856e192,3,2026-05-28
58362048,d291e641,3,2026-05-28
58362048,2377c880,3,2026-05-28
58362048,70978eab,3,2026-05-28
58362048,413998f0,3,2026-05-28
58362048,dbada4af,3,2026-05-28
58362048,3d28a1a2,3,2026-05-28
58362048,91dc56fa,3,2026-05-28
58362048,78f9ffe7,3,2026-05-28
58362048,db5e8fed,32,2026-05-29
58362048,208b112e,29,2026-05-29
58362048,fca77b9b,29,2026-05-29
58362048,bf26e7d3,30,2026-05-29
58362048,9f69ddc6,28,2026-05-29
58362048,a9d16188,30,2026-05-29
58362048,4b5bfc77,28,2026-05-29
58362048,24beab19,8,2026-05-30
58362048,05972ad9,8,2026-05-30
58362048,2989b38e,9,2026-05-30
58362048,ed41afb5,6,2026-05-30
58362048,1dfb2701,9,2026-05-30
58362048,9f127335,9,2026-05-30
58362048,5a448b3e,9,2026-05-30
58362048,ae7b424a,7,2026-05-30
58362048,c46a93b2,3,2026-05-31
58362048,1897701c,3,2026-05-31
58362048,b00c42ac,3,2026-05-31
58362048,9d6677b3,3,2026-05-31
58362048,9d3ff8c1,3,2026-05-31
58362048,c16794af,3,2026-05-31
58362048,162886bb,3,2026-05-31
58362048,1632a6da,3,2026-05-31
8b228846,3673f5e0,7,2026-05-01
8b228846,a2d2881d,8,2026-05-01
8b228846,5c7c72e0,10,2026-05-01
8b228846,9177c85a,18,2026-05-02
8b228846,0b0b90ed,16,2026-05-02
8b228846,8dfe2e08,64,2026-05-03
8b228846,5696a4ca,60,2026-05-03
8b228846,166eebb1,20,2026-05-04
8b228846,f1f47a60,18,2026-05-04
8b228846,ab7f9781,50,2026-05-05
8b228846,e804e5ee,53,2026-05-05
8b228846,f6688fb9,51,2026-05-05
8b228846,659be49b,3,2026-05-06
8b228846,57bd1c45,3,2026-05-06
8b228846,f0955f03,3,2026-05-06
8b228846,a399f00a,16,2026-05-07
8b228846,d643785f,17,2026-05-07
8b228846,1072ba0f,16,2026-05-07
8b228846,98c5f779,25,2026-05-08
8b228846,9db2e9b2,25,2026-05-08
8b228846,6a29587a,32,2026-05-09
8b228846,111bd0a6,31,2026-05-09
8b228846,adb8bab8,27,2026-05-09
8b228846,63a00e3b,3,2026-05-10
8b228846,6c249f2a,3,2026-05-10
8b228846,293bdd95,3,2026-05-10
8b228846,d027df05,72,2026-05-11
8b228846,75dcf4af,73,2026-05-11
8b228846,26e38ab8,71,2026-05-11
8b228846,841c9ce8,3,2026-05-12
8b228846,5f0f8141,3,2026-05-12
8b228846,be6189fe,3,2026-05-12
8b228846,551be078,3,2026-05-13
8b228846,72a82e68,3,2026-05-13
8b228846,086d6420,3,2026-05-14
8b228846,35f4ac5b,3,2026-05-14
8b228846,67aeee31,3,2026-05-14
8b228846,c40c5274,23,2026-05-15
8b228846,69c9f233,23,2026-05-16
8b228846,3c26b57a,23,2026-05-16
8b228846,d34453e4,24,2026-05-16
8b228846,157f4082,3,2026-05-17
8b228846,2c24439b,3,2026-05-17
8b228846,237e6968,43,2026-05-18
8b228846,93d4a99c,37,2026-05-18
8b228846,e8191de7,36,2026-05-18
8b228846,13765d4a,45,2026-05-19
8b228846,198360e9,20,2026-05-20
8b228846,5981b2e5,21,2026-05-20
8b228846,7437f206,3,2026-05-21
8b228846,e07a306a,3,2026-05-21
8b228846,e8f21293,12,2026-05-22
8b228846,b0117ad3,13,2026-05-22
8b228846,4184bbeb,9,2026-05-22
8b228846,6e5d1f12,13,2026-05-22
8b228846,3b6be601,28,2026-05-23
8b228846,1e215d82,28,2026-05-23
8b228846,b376ea5c,30,2026-05-23
8b228846,940c1956,5,2026-05-24
8b228846,9f20f4b1,9,2026-05-24
8b228846,97aef2ce,7,2026-05-24
8b228846,5f12819c,5,2026-05-24
8b228846,387f4b45,47,2026-05-25
8b228846,fb4900cf,48,2026-05-25
8b228846,a13fd0f7,45,2026-05-25
8b228846,233f42bb,3,2026-05-26
8b228846,56cf2902,3,2026-05-26
8b228846,a5146777,23,2026-05-27
8b228846,935231ef,26,2026-05-27
8b228846,9c764557,35,2026-05-28
8b228846,0a9e836b,34,2026-05-28
8b228846,da831671,34,2026-05-28
8b228846,2cc791ff,15,2026-05-29
8b228846,b21ddc3a,13,2026-05-29
8b228846,7b67c068,13,2026-05-29
8b228846,4723da21,19,2026-05-30
8b228846,0bfb02b9,21,2026-05-30
8b228846,739b7736,19,2026-05-30
8b228846,70d0f5bd,38,2026-05-31
8b228846,8ae82061,36,2026-05-31
8b228846,054ee677,34,2026-05-31
99d70140,746aface,69,2026-05-01
99d70140,569d59c4,72,2026-05-01
99d70140,15f97253,81,2026-05-02
99d70140,c3b53389,82,2026-05-02
99d70140,8c1460f5,40,2026-05-03
99d70140,14402a89,43,2026-05-03
99d70140,6b7fb2a6,30,2026-05-04
99d70140,881d1604,28,2026-05-04
99d70140,2a9e00aa,13,2026-05-05
99d70140,867bc2c5,3,2026-05-06
99d70140,a2eb9ad6,3,2026-05-06
99d70140,6b8ea582,48,2026-05-07
99d70140,0607e132,48,2026-05-07
99d70140,96dad1fc,57,2026-05-08
99d70140,61c00be3,60,2026-05-08
99d70140,f32303cf,61,2026-05-08
99d70140,3e80db00,49,2026-05-09
99d70140,417b074f,46,2026-05-09
99d70140,77b125cf,49,2026-05-10
99d70140,7ee21035,47,2026-05-10
99d70140,972b698d,48,2026-05-10
99d70140,88d7e06b,33,2026-05-11
99d70140,b10b8953,32,2026-05-11
99d70140,41719e18,3,2026-05-12
99d70140,1d8c886c,3,2026-05-12
99d70140,0051b6d7,3,2026-05-12
99d70140,c4006513,47,2026-05-13
99d70140,050a8b0a,50,2026-05-13
99d70140,4ef5c615,48,2026-05-13
99d70140,fad03764,22,2026-05-14
99d70140,d6ea65b1,24,2026-05-14
99d70140,3e0db281,24,2026-05-14
99d70140,2a95907b,55,2026-05-15
99d70140,dc27f548,55,2026-05-15
99d70140,0e625d79,52,2026-05-15
99d70140,522f5e95,5,2026-05-16
99d70140,540a4845,4,2026-05-16
99d70140,050afd42,7,2026-05-17
99d70140,fcab566e,8,2026-05-17
99d70140,de6d4ab2,6,2026-05-17
99d70140,31e1d16d,4,2026-05-17
99d70140,24fa6146,12,2026-05-18
99d70140,d855304d,13,2026-05-18
99d70140,ed61d4a0,14,2026-05-18
99d70140,07e9bd00,3,2026-05-19
99d70140,81001ff4,5,2026-05-19
99d70140,f0517a36,3,2026-05-19
99d70140,39de2cc2,37,2026-05-20
99d70140,eca43430,35,2026-05-20
99d70140,72670a15,35,2026-05-20
99d70140,8f5839d1,26,2026-05-21
99d70140,c62c4a98,26,2026-05-21
99d70140,27bdb7a5,25,2026-05-21
99d70140,6fc2ee7c,12,2026-05-22
99d70140,f6baf7f9,41,2026-05-23
99d70140,e90b8740,37,2026-05-23
99d70140,0ee1c377,3,2026-05-24
99d70140,1cb0ab11,3,2026-05-24
99d70140,a5f4374e,5,2026-05-25
99d70140,96d1cd85,5,2026-05-25
99d70140,19f807ab,6,2026-05-25
99d70140,bd356254,55,2026-05-26
99d70140,6fa31efb,53,2026-05-26
99d70140,dc538bf2,41,2026-05-27
99d70140,890ab15f,39,2026-05-27
99d70140,61f07439,37,2026-05-27
99d70140,54ac6276,6,2026-05-28
99d70140,1ad9747b,10,2026-05-28
99d70140,f52b6287,10,2026-05-28
99d70140,6fd230ad,11,2026-05-28
99d70140,ce090fa8,25,2026-05-29
99d70140,0c0a423a,25,2026-05-29
99d70140,0d643258,23,2026-05-29
99d70140,0999fac0,23,2026-05-30
99d70140,66dda1a8,25,2026-05-30
99d70140,276ea672,30,2026-05-31
f8e0f93e,ba8ef670,3,2026-05-01
f8e0f93e,e8e02066,3,2026-05-01
f8e0f93e,b6f3d3a3,3,2026-05-01
f8e0f93e,a38768d9,3,2026-05-01
f8e0f93e,fefb806d,3,2026-05-01
f8e0f93e,b5009f4a,3,2026-05-01
f8e0f93e,58670f91,3,2026-05-02
f8e0f93e,338ac112,3,2026-05-02
f8e0f93e,1d108615,3,2026-05-02
f8e0f93e,d187ba67,3,2026-05-02
f8e0f93e,a885dbff,3,2026-05-02
f8e0f93e,0ac362de,3,2026-05-03
f8e0f93e,9cc3195f,3,2026-05-03
f8e0f93e,397269a1,3,2026-05-03
f8e0f93e,3cd8bd1b,3,2026-05-03
f8e0f93e,255b44bc,3,2026-05-03
f8e0f93e,58054dba,3,2026-05-03
f8e0f93e,d8675fbb,3,2026-05-03
f8e0f93e,d51fd0f8,3,2026-05-03
f8e0f93e,f4cdead2,21,2026-05-04
f8e0f93e,8320752d,20,2026-05-04
f8e0f93e,710705d1,21,2026-05-04
f8e0f93e,2dee04c4,22,2026-05-04
f8e0f93e,f0c3293c,22,2026-05-04
f8e0f93e,45c3d443,22,2026-05-04
f8e0f93e,edbbd474,20,2026-05-04
f8e0f93e,e701f2dd,21,2026-05-04
f8e0f93e,3d27e56e,11,2026-05-05
f8e0f93e,46bae5c4,11,2026-05-05
f8e0f93e,60cb0511,10,2026-05-05
f8e0f93e,5079a680,11,2026-05-05
f8e0f93e,523548d4,11,2026-05-05
f8e0f93e,64cb8ac3,12,2026-05-05
f8e0f93e,741d1e2a,13,2026-05-05
f8e0f93e,035be165,12,2026-05-05
f8e0f93e,8b22719f,11,2026-05-05
f8e0f93e,ab9ba61b,3,2026-05-06
f8e0f93e,76f81755,3,2026-05-06
f8e0f93e,861f5d93,3,2026-05-06
f8e0f93e,92269763,3,2026-05-06
f8e0f93e,324ac86e,3,2026-05-06
f8e0f93e,09498f4b,3,2026-05-06
f8e0f93e,fb71b433,19,2026-05-07
f8e0f93e,98501081,21,2026-05-07
f8e0f93e,da5b6971,22,2026-05-07
f8e0f93e,2b7cc325,23,2026-05-07
f8e0f93e,2e9d1ac1,22,2026-05-07
f8e0f93e,94ce301b,18,2026-05-07
f8e0f93e,af7cf623,22,2026-05-07
f8e0f93e,0803f38e,3,2026-05-08
f8e0f93e,3e662aab,3,2026-05-08
f8e0f93e,73240b41,3,2026-05-08
f8e0f93e,ada060ac,3,2026-05-08
f8e0f93e,fd94667b,3,2026-05-08
f8e0f93e,5f2a421d,3,2026-05-08
f8e0f93e,bb5347fb,3,2026-05-09
f8e0f93e,06f31458,3,2026-05-09
f8e0f93e,b731ab56,3,2026-05-09
f8e0f93e,82e5b3fd,3,2026-05-09
f8e0f93e,e6475b88,3,2026-05-09
f8e0f93e,4f48ae37,3,2026-05-09
f8e0f93e,a74eff01,3,2026-05-10
f8e0f93e,83404d78,3,2026-05-10
f8e0f93e,06a083a7,3,2026-05-10
f8e0f93e,b373fe98,3,2026-05-10
f8e0f93e,7b0724e5,3,2026-05-10
f8e0f93e,061675b6,3,2026-05-10
f8e0f93e,8293e06f,3,2026-05-10
f8e0f93e,c0db9d06,5,2026-05-11
f8e0f93e,c70433a3,6,2026-05-11
f8e0f93e,53a0e14f,6,2026-05-11
f8e0f93e,3fdcb039,6,2026-05-11
f8e0f93e,85911c07,6,2026-05-11
f8e0f93e,21d4c9df,8,2026-05-11
f8e0f93e,78f693c4,3,2026-05-11
f8e0f93e,61b3578d,8,2026-05-11
f8e0f93e,c3d347a4,3,2026-05-12
f8e0f93e,d60d8703,3,2026-05-12
f8e0f93e,94c5c55f,3,2026-05-12
f8e0f93e,047bb2ba,3,2026-05-12
f8e0f93e,edc49a32,3,2026-05-12
f8e0f93e,8b9cc512,3,2026-05-12
f8e0f93e,20516a55,3,2026-05-12
f8e0f93e,2c445951,3,2026-05-12
f8e0f93e,008a6dd1,3,2026-05-13
f8e0f93e,25c5ae9a,3,2026-05-13
f8e0f93e,e97b3056,3,2026-05-13
f8e0f93e,2b9de3ec,3,2026-05-13
f8e0f93e,4dd18606,3,2026-05-13
f8e0f93e,cc0f787a,3,2026-05-13
f8e0f93e,c4981425,3,2026-05-13
f8e0f93e,4eb4ddda,3,2026-05-13
f8e0f93e,cf5d8fd9,3,2026-05-14
f8e0f93e,5fd7309c,3,2026-05-14
f8e0f93e,f5a7784c,3,2026-05-14
f8e0f93e,ed5afde0,3,2026-05-14
f8e0f93e,0d1653bc,3,2026-05-14
f8e0f93e,f0d962d3,3,2026-05-14
f8e0f93e,ae2dbe67,3,2026-05-14
f8e0f93e,1264171f,3,2026-05-14
f8e0f93e,e4399c6f,3,2026-05-14
f8e0f93e,2199ed48,11,2026-05-15
f8e0f93e,cd7ce0af,12,2026-05-15
f8e0f93e,e73bc1fb,13,2026-05-15
f8e0f93e,328415c3,12,2026-05-15
f8e0f93e,eca07b3c,11,2026-05-15
f8e0f93e,6040cc54,13,2026-05-15
f8e0f93e,7bc5ab92,3,2026-05-16
f8e0f93e,0c6bc794,3,2026-05-16
f8e0f93e,9a12324d,3,2026-05-16
f8e0f93e,3eb9b702,3,2026-05-16
f8e0f93e,fdf8f32a,3,2026-05-16
f8e0f93e,379f0cb8,3,2026-05-16
f8e0f93e,53d660fc,3,2026-05-17
f8e0f93e,ef17bed5,3,2026-05-17
f8e0f93e,99a26fec,4,2026-05-17
f8e0f93e,2fd7ca7d,4,2026-05-17
f8e0f93e,2a16552f,4,2026-05-17
f8e0f93e,e286b90c,7,2026-05-17
f8e0f93e,967be629,7,2026-05-17
f8e0f93e,82023851,4,2026-05-17
f8e0f93e,61d0a815,13,2026-05-18
f8e0f93e,787c150d,18,2026-05-18
f8e0f93e,f77a74c3,14,2026-05-18
f8e0f93e,27b393ef,14,2026-05-18
f8e0f93e,b06403fe,13,2026-05-18
f8e0f93e,540c7f20,16,2026-05-18
f8e0f93e,a75cbbae,15,2026-05-18
f8e0f93e,a7f65ca4,15,2026-05-18
f8e0f93e,ac58045f,13,2026-05-18
f8e0f93e,9acabc41,13,2026-05-18
f8e0f93e,2eb05e43,13,2026-05-19
f8e0f93e,872064da,11,2026-05-19
f8e0f93e,c8f724e7,12,2026-05-19
f8e0f93e,62cf6fcc,11,2026-05-19
f8e0f93e,8555e2e2,10,2026-05-19
f8e0f93e,e0970ab6,12,2026-05-19
f8e0f93e,c6ef2564,3,2026-05-20
f8e0f93e,6a742c34,3,2026-05-20
f8e0f93e,d3a491c0,3,2026-05-20
f8e0f93e,bc32adb0,3,2026-05-20
f8e0f93e,b4798134,3,2026-05-20
f8e0f93e,0003aefa,3,2026-05-20
f8e0f93e,79348ef7,3,2026-05-20
f8e0f93e,f4e8c7bc,5,2026-05-21
f8e0f93e,7341f0ac,3,2026-05-21
f8e0f93e,281c81c6,3,2026-05-21
f8e0f93e,3e85cba0,4,2026-05-21
f8e0f93e,7f7f5bad,3,2026-05-21
f8e0f93e,bdaf3cdb,3,2026-05-21
f8e0f93e,350c8194,3,2026-05-21
f8e0f93e,f1c5e760,8,2026-05-22
f8e0f93e,10eb2f84,11,2026-05-22
f8e0f93e,96e701d2,8,2026-05-22
f8e0f93e,a90292b3,9,2026-05-22
f8e0f93e,10760d71,9,2026-05-22
f8e0f93e,edd95df9,11,2026-05-22
f8e0f93e,db5c6f14,10,2026-05-22
f8e0f93e,8cad67cb,10,2026-05-22
f8e0f93e,5d6a76a8,3,2026-05-23
f8e0f93e,a07bff35,3,2026-05-23
f8e0f93e,7ae282a2,3,2026-05-23
f8e0f93e,f4402058,3,2026-05-23
f8e0f93e,cd1f5a4b,3,2026-05-23
f8e0f93e,489137ad,3,2026-05-23
f8e0f93e,023ab039,12,2026-05-24
f8e0f93e,bc241fda,12,2026-05-24
f8e0f93e,047e54b5,10,2026-05-24
f8e0f93e,01cbe612,11,2026-05-24
f8e0f93e,a975b3a1,10,2026-05-24
f8e0f93e,9797ce57,14,2026-05-25
f8e0f93e,51bf597e,14,2026-05-25
f8e0f93e,cc181f78,15,2026-05-25
f8e0f93e,b358d8ce,17,2026-05-25
f8e0f93e,2c3c812a,14,2026-05-25
f8e0f93e,5b8f1151,14,2026-05-25
f8e0f93e,9f06905e,3,2026-05-26
f8e0f93e,c4436535,3,2026-05-26
f8e0f93e,51305ebf,3,2026-05-26
f8e0f93e,883cf80e,3,2026-05-26
f8e0f93e,1661b3d7,3,2026-05-26
f8e0f93e,37686ed6,3,2026-05-26
f8e0f93e,a9b80e4c,3,2026-05-26
f8e0f93e,1e62104f,3,2026-05-26
f8e0f93e,370550d7,9,2026-05-27
f8e0f93e,6b7fe493,9,2026-05-27
f8e0f93e,581d70aa,9,2026-05-27
f8e0f93e,7e751d13,10,2026-05-27
f8e0f93e,d6a0437d,13,2026-05-27
f8e0f93e,a124be5b,8,2026-05-27
f8e0f93e,f4d4a22e,11,2026-05-27
f8e0f93e,37581f4d,3,2026-05-28
f8e0f93e,06390c46,3,2026-05-28
f8e0f93e,737cdfd3,3,2026-05-28
f8e0f93e,98acf86a,3,2026-05-28
f8e0f93e,dc4b9341,3,2026-05-28
f8e0f93e,01cc2464,3,2026-05-28
f8e0f93e,2d144443,3,2026-05-28
f8e0f93e,50842b13,3,2026-05-29
f8e0f93e,f2904154,3,2026-05-29
f8e0f93e,9b2bf72b,3,2026-05-29
f8e0f93e,02048f26,3,2026-05-29
f8e0f93e,4f7473f4,3,2026-05-29
f8e0f93e,0e9626a5,3,2026-05-29
f8e0f93e,8a044354,3,2026-05-29
f8e0f93e,d18584cf,11,2026-05-30
f8e0f93e,350e644c,9,2026-05-30
f8e0f93e,4d1b20fd,10,2026-05-30
f8e0f93e,d12611d8,9,2026-05-30
f8e0f93e,9cf677b8,13,2026-05-30
f8e0f93e,08e762da,10,2026-05-30
f8e0f93e,99579910,11,2026-05-30
f8e0f93e,1dad6d34,3,2026-05-31
f8e0f93e,3d218ef0,3,2026-05-31
f8e0f93e,05d923a0,3,2026-05-31
f8e0f93e,1c1301d6,3,2026-05-31
f8e0f93e,eb293a5c,3,2026-05-31
f8e0f93e,66c7418f,3,2026-05-31
f8e0f93e,5a56e25c,3,2026-05-31
56644281,81b04c9e,3,2026-05-01
56644281,4dbadbdc,3,2026-05-01
56644281,82b10a8e,3,2026-05-01
56644281,4528a7d2,3,2026-05-01
56644281,476613f2,3,2026-05-01
56644281,b1ad6010,3,2026-05-01
56644281,3db1a0e8,3,2026-05-01
56644281,28f4e751,3,2026-05-01
56644281,40c92d99,3,2026-05-01
56644281,0b8147d0,3,2026-05-01
56644281,20395ba7,3,2026-05-02
56644281,7ca7ba9b,3,2026-05-02
56644281,872e6e14,3,2026-05-02
56644281,4f17d6a2,4,2026-05-02
56644281,d7b4a7d4,3,2026-05-02
56644281,1500e8cd,3,2026-05-02
56644281,3d428781,3,2026-05-02
56644281,f197b144,3,2026-05-02
56644281,a0bcfc42,3,2026-05-02
56644281,bb414a63,3,2026-05-02
56644281,d57f232c,3,2026-05-03
56644281,0a903558,3,2026-05-03
56644281,2cb6b396,3,2026-05-03
56644281,2deb23f1,3,2026-05-03
56644281,36512155,3,2026-05-03
56644281,eaf59820,3,2026-05-03
56644281,2e95864c,3,2026-05-03
56644281,af9b6193,3,2026-05-03
56644281,b91c2dc6,3,2026-05-04
56644281,b6c2eecd,3,2026-05-04
56644281,15b25496,3,2026-05-04
56644281,dbdba5e2,3,2026-05-04
56644281,0a5f28f4,3,2026-05-04
56644281,d89b68a7,3,2026-05-04
56644281,7ce45516,3,2026-05-05
56644281,94dfe47c,5,2026-05-05
56644281,78875e07,7,2026-05-05
56644281,6dcc0474,7,2026-05-05
56644281,e792e134,8,2026-05-05
56644281,9dd12b59,7,2026-05-05
56644281,14f3fe52,7,2026-05-05
56644281,70b5f702,7,2026-05-06
56644281,d7ce2f0d,8,2026-05-06
56644281,06010f6a,9,2026-05-06
56644281,de18ab51,7,2026-05-06
56644281,8ac19f3b,7,2026-05-06
56644281,a8b5d814,7,2026-05-06
56644281,61f03f96,7,2026-05-06
56644281,f7261128,3,2026-05-07
56644281,bf2d104c,3,2026-05-07
56644281,a49a403f,3,2026-05-07
56644281,30ec29c5,3,2026-05-07
56644281,edfa2f6d,3,2026-05-07
56644281,ff120953,3,2026-05-07
56644281,3b2be200,3,2026-05-07
56644281,3c44dbe4,3,2026-05-07
56644281,d8a1a732,11,2026-05-08
56644281,b713b8e3,11,2026-05-08
56644281,f3cbd63a,11,2026-05-08
56644281,9acfe15a,13,2026-05-08
56644281,32b7a45b,9,2026-05-08
56644281,6717875d,13,2026-05-08
56644281,defbdb74,12,2026-05-08
56644281,47e485ed,13,2026-05-08
56644281,117bbdf4,15,2026-05-08
56644281,61634ef8,11,2026-05-08
56644281,01d0a539,10,2026-05-09
56644281,0772122e,13,2026-05-09
56644281,e10c8739,13,2026-05-09
56644281,f301bdcd,12,2026-05-09
56644281,34b979ad,12,2026-05-09
56644281,b5b4f4bc,13,2026-05-09
56644281,bbf1b806,11,2026-05-09
56644281,a2dc50f5,12,2026-05-09
56644281,05e21267,11,2026-05-09
56644281,3c17c11c,13,2026-05-09
56644281,ff49606d,15,2026-05-09
56644281,9d7cf123,3,2026-05-10
56644281,186ec789,3,2026-05-10
56644281,88267fff,3,2026-05-10
56644281,9e54cbd3,5,2026-05-10
56644281,f7635c1c,3,2026-05-10
56644281,58915528,3,2026-05-10
56644281,4af8f079,3,2026-05-10
56644281,a40e4509,5,2026-05-10
56644281,2603988a,3,2026-05-10
56644281,6b56153c,3,2026-05-10
56644281,83a4bb23,9,2026-05-11
56644281,9ddd4c32,7,2026-05-11
56644281,a9dc7aa7,9,2026-05-11
56644281,ddc4e22d,8,2026-05-11
56644281,96372976,7,2026-05-11
56644281,519ef46d,8,2026-05-12
56644281,bfc3e8d0,9,2026-05-12
56644281,49d32393,7,2026-05-12
56644281,225b30c3,11,2026-05-12
56644281,e7c4d002,10,2026-05-12
56644281,7466d597,11,2026-05-12
56644281,137b39bc,19,2026-05-13
56644281,35f7e6be,21,2026-05-13
56644281,38ea17ed,21,2026-05-13
56644281,017f8ef4,21,2026-05-13
56644281,e7095d8b,17,2026-05-13
56644281,2102ae30,19,2026-05-13
56644281,03da1853,19,2026-05-13
56644281,85156db4,19,2026-05-13
56644281,624fc40b,12,2026-05-14
56644281,b2b18d2b,16,2026-05-14
56644281,f7d806ec,17,2026-05-14
56644281,6af1c26e,13,2026-05-14
56644281,0ba2ffc0,15,2026-05-14
56644281,56b81d52,12,2026-05-14
56644281,32b02195,15,2026-05-14
56644281,2f26a319,18,2026-05-15
56644281,10955d15,22,2026-05-15
56644281,0995b017,17,2026-05-15
56644281,19cca3b3,19,2026-05-15
56644281,da31ca43,18,2026-05-15
56644281,11dbd1a4,20,2026-05-15
56644281,22e86dad,19,2026-05-15
56644281,02bb3438,19,2026-05-15
56644281,580c8e6d,3,2026-05-16
56644281,1d7c7575,3,2026-05-16
56644281,7feef42c,3,2026-05-16
56644281,6bc56d33,3,2026-05-16
56644281,e96d6689,3,2026-05-16
56644281,abaa35dc,3,2026-05-16
56644281,620c9982,3,2026-05-16
56644281,78d7d645,3,2026-05-16
56644281,0cf89db4,3,2026-05-16
56644281,1113726a,3,2026-05-17
56644281,46ecdf62,3,2026-05-17
56644281,b5e8b4d9,3,2026-05-17
56644281,95c1dcbb,4,2026-05-17
56644281,45548556,3,2026-05-17
56644281,62ce4725,3,2026-05-17
56644281,481a6f09,3,2026-05-17
56644281,dde6c4a6,3,2026-05-17
56644281,b77a9b1e,3,2026-05-17
56644281,ed2ba59a,3,2026-05-17
56644281,d8b679a1,3,2026-05-17
56644281,04d302d3,23,2026-05-18
56644281,0873e619,27,2026-05-18
56644281,22a9792e,29,2026-05-18
56644281,db035e37,26,2026-05-18
56644281,c5ecaa46,24,2026-05-18
56644281,aa9f8dac,27,2026-05-18
56644281,0dd5421e,24,2026-05-18
56644281,33832aee,18,2026-05-19
56644281,c6098439,15,2026-05-19
56644281,12269152,17,2026-05-19
56644281,7cfb81ff,16,2026-05-19
56644281,a05fe0a3,17,2026-05-19
56644281,4c245e82,14,2026-05-19
56644281,048be9dd,20,2026-05-19
56644281,ebaf998d,10,2026-05-20
56644281,6ba90fb0,8,2026-05-20
56644281,438cd742,7,2026-05-20
56644281,d73fd48f,7,2026-05-20
56644281,2d690ef1,10,2026-05-20
56644281,350fe870,10,2026-05-20
56644281,01226311,6,2026-05-20
56644281,dca72e91,16,2026-05-21
56644281,c96eaf3e,18,2026-05-21
56644281,21fdafda,18,2026-05-21
56644281,1cae122b,18,2026-05-21
56644281,3311e77d,18,2026-05-21
56644281,bb1d70f4,16,2026-05-21
56644281,8e093bea,32,2026-05-22
56644281,583fb85b,32,2026-05-22
56644281,55e9b0ea,32,2026-05-22
56644281,b45a0ea9,28,2026-05-22
56644281,88777735,31,2026-05-22
56644281,efbbaafc,30,2026-05-22
56644281,9d30081e,3,2026-05-23
56644281,153353ee,3,2026-05-23
56644281,a458089d,3,2026-05-23
56644281,61b8ef6a,3,2026-05-23
56644281,a9308983,3,2026-05-23
56644281,b64734b6,3,2026-05-23
56644281,e9822208,3,2026-05-23
56644281,73320e95,3,2026-05-23
56644281,f7547491,11,2026-05-24
56644281,0e11677d,11,2026-05-24
56644281,a6e625b9,10,2026-05-24
56644281,5ccd24e4,11,2026-05-24
56644281,0443acc7,11,2026-05-24
56644281,2286d03c,9,2026-05-24
56644281,738c1210,6,2026-05-24
56644281,cfb7adf9,3,2026-05-25
56644281,5a83aeae,3,2026-05-25
56644281,2d94c082,3,2026-05-25
56644281,ccc234c3,3,2026-05-25
56644281,7280689d,3,2026-05-25
56644281,6eb14817,3,2026-05-25
56644281,cee1eaa5,3,2026-05-26
56644281,28194e61,3,2026-05-26
56644281,d81d4279,3,2026-05-26
56644281,6a311c41,3,2026-05-26
56644281,971cd4e7,3,2026-05-26
56644281,15a4e455,3,2026-05-26
56644281,a629aad4,3,2026-05-26
56644281,0373cd50,3,2026-05-26
56644281,ae645ecd,3,2026-05-26
56644281,8cffc9e3,7,2026-05-27
56644281,2fea688f,10,2026-05-27
56644281,c06684d8,6,2026-05-27
56644281,7a7f6b11,7,2026-05-27
56644281,159026cb,7,2026-05-27
56644281,890a1a97,11,2026-05-27
56644281,180f6725,7,2026-05-27
56644281,797d2c1a,10,2026-05-27
56644281,7c5e5350,8,2026-05-27
56644281,94fface3,34,2026-05-28
56644281,17e97685,31,2026-05-28
56644281,dfdd785c,32,2026-05-28
56644281,b6488f44,35,2026-05-28
56644281,dfea4c4f,32,2026-05-28
56644281,2c225d3e,31,2026-05-28
56644281,5e23e6d3,17,2026-05-29
56644281,f276a820,16,2026-05-29
56644281,59b8417c,14,2026-05-29
56644281,4f1ec1dc,13,2026-05-29
56644281,e5eaea3a,16,2026-05-29
56644281,f5da29c4,14,2026-05-29
56644281,f3ce51e5,15,2026-05-29
56644281,5cd9711f,12,2026-05-30
56644281,64804de1,11,2026-05-30
56644281,f52471ae,15,2026-05-30
56644281,db261189,15,2026-05-30
56644281,5a56e91b,16,2026-05-30
56644281,98b6b58c,14,2026-05-30
56644281,a27b9de1,3,2026-05-31
56644281,00364412,4,2026-05-31
56644281,0aca4347,3,2026-05-31
56644281,b6b78281,3,2026-05-31
56644281,6e51321b,3,2026-05-31
56644281,1dfff3a4,3,2026-05-31
56644281,c3e628c4,3,2026-05-31
ad630e07,a017b497,39,2026-05-01
ad630e07,5a77172e,37,2026-05-01
ad630e07,1b3fb739,36,2026-05-01
ad630e07,53403dd4,25,2026-05-02
ad630e07,1b69214e,25,2026-05-02
ad630e07,8abd5792,25,2026-05-02
ad630e07,ecfc0aa4,27,2026-05-02
ad630e07,60129261,19,2026-05-03
ad630e07,9aca7870,20,2026-05-03
ad630e07,cbbd3028,20,2026-05-03
ad630e07,21bfa186,22,2026-05-03
ad630e07,15972f4f,21,2026-05-03
ad630e07,ed205e40,18,2026-05-03
ad630e07,9e7266a5,29,2026-05-04
ad630e07,495b4c54,30,2026-05-04
ad630e07,08a2dceb,28,2026-05-04
ad630e07,d4a13eb1,27,2026-05-04
ad630e07,b997214f,3,2026-05-05
ad630e07,1ad5768c,3,2026-05-05
ad630e07,15727809,3,2026-05-05
ad630e07,a52d44e1,3,2026-05-05
ad630e07,70edf90a,12,2026-05-06
ad630e07,e647c4f9,11,2026-05-06
ad630e07,fd39a65f,11,2026-05-06
ad630e07,fda36198,9,2026-05-06
ad630e07,2350dbde,12,2026-05-06
ad630e07,7e974482,12,2026-05-06
ad630e07,8d753361,27,2026-05-07
ad630e07,3fc9de8d,25,2026-05-07
ad630e07,13e480a5,24,2026-05-07
ad630e07,12154e31,6,2026-05-08
ad630e07,940f75b5,4,2026-05-08
ad630e07,7aeea9d0,4,2026-05-08
ad630e07,1e93e17a,4,2026-05-08
ad630e07,a60af704,5,2026-05-08
ad630e07,c763ad0e,9,2026-05-09
ad630e07,1d59ecd0,6,2026-05-09
ad630e07,cad3e495,4,2026-05-09
ad630e07,37fa5848,4,2026-05-09
ad630e07,8b1880e8,13,2026-05-10
ad630e07,e9bd5a44,12,2026-05-10
ad630e07,ddeced21,12,2026-05-10
ad630e07,848c6016,13,2026-05-10
ad630e07,5a8ff069,9,2026-05-11
ad630e07,6c66c06c,12,2026-05-11
ad630e07,aff0e6f2,13,2026-05-11
ad630e07,00cb0f4a,13,2026-05-11
ad630e07,e154507c,16,2026-05-12
ad630e07,2dca2064,14,2026-05-12
ad630e07,6939fa1f,14,2026-05-12
ad630e07,a72e03c7,14,2026-05-12
ad630e07,aace9406,16,2026-05-12
ad630e07,88e0c104,15,2026-05-12
ad630e07,b3c1d9e1,12,2026-05-13
ad630e07,c5a9ff18,9,2026-05-13
ad630e07,dd6e95d8,9,2026-05-13
ad630e07,2d20e8d6,11,2026-05-13
ad630e07,5b392f38,7,2026-05-13
ad630e07,58bd614f,10,2026-05-13
ad630e07,0b6f8f5a,3,2026-05-14
ad630e07,542b936b,3,2026-05-14
ad630e07,3ef2878b,3,2026-05-14
ad630e07,f161ce0b,3,2026-05-14
ad630e07,33e99168,3,2026-05-14
ad630e07,1160d951,3,2026-05-14
ad630e07,4250380b,3,2026-05-14
ad630e07,4924d676,3,2026-05-14
ad630e07,cff8b560,30,2026-05-15
ad630e07,8442c5aa,30,2026-05-15
ad630e07,334a0ece,30,2026-05-15
ad630e07,499e2cd0,34,2026-05-15
ad630e07,0b4ac9a0,25,2026-05-15
ad630e07,7a8b97dd,27,2026-05-16
ad630e07,0b494b74,26,2026-05-16
ad630e07,53db14b2,24,2026-05-16
ad630e07,a2332fa0,25,2026-05-16
ad630e07,283f2fa2,26,2026-05-16
ad630e07,2bf76d15,3,2026-05-17
ad630e07,4c959744,3,2026-05-17
ad630e07,92ec6f86,3,2026-05-17
ad630e07,78a2ab33,3,2026-05-17
ad630e07,9345e4da,3,2026-05-17
ad630e07,b2f55e4f,3,2026-05-17
ad630e07,9836a29f,3,2026-05-17
ad630e07,125f467a,3,2026-05-18
ad630e07,c6f7044a,3,2026-05-18
ad630e07,e820a87d,3,2026-05-18
ad630e07,d3cf319c,3,2026-05-18
ad630e07,93e18a36,3,2026-05-18
ad630e07,7b8d0fdd,3,2026-05-18
ad630e07,e4ababd5,3,2026-05-18
ad630e07,379a83bd,23,2026-05-19
ad630e07,f5aeeb82,25,2026-05-19
ad630e07,98b56b80,25,2026-05-19
ad630e07,199557d2,21,2026-05-19
ad630e07,f1556a45,22,2026-05-19
ad630e07,ef807d41,24,2026-05-19
ad630e07,dff93f5d,3,2026-05-20
ad630e07,c6d745fa,3,2026-05-20
ad630e07,861b9c0f,3,2026-05-20
ad630e07,cdfd8df9,3,2026-05-20
ad630e07,b31fcf9b,3,2026-05-20
ad630e07,d9b2804c,3,2026-05-20
ad630e07,bce41075,16,2026-05-21
ad630e07,a635fd6a,16,2026-05-21
ad630e07,08bc0a50,13,2026-05-21
ad630e07,8568c0ed,15,2026-05-21
ad630e07,98938e05,26,2026-05-22
ad630e07,0e150f71,27,2026-05-22
ad630e07,7357e61a,3,2026-05-23
ad630e07,8d84e66a,3,2026-05-23
ad630e07,aa0cadce,3,2026-05-23
ad630e07,4f39ad37,3,2026-05-23
ad630e07,706c5e90,15,2026-05-24
ad630e07,8acbe484,16,2026-05-24
ad630e07,64c00a18,17,2026-05-24
ad630e07,35688f87,41,2026-05-25
ad630e07,48c890c5,40,2026-05-25
ad630e07,48450da1,38,2026-05-25
ad630e07,9797d958,37,2026-05-25
ad630e07,70263cd2,46,2026-05-26
ad630e07,ec3f1384,43,2026-05-26
ad630e07,5e6bdcd8,45,2026-05-26
ad630e07,f5c5fe8e,47,2026-05-26
ad630e07,ed0595e0,3,2026-05-27
ad630e07,c62bdbe7,3,2026-05-27
ad630e07,784fbf1f,3,2026-05-27
ad630e07,34904af4,3,2026-05-27
ad630e07,f45b8874,52,2026-05-28
ad630e07,3c912bc3,46,2026-05-28
ad630e07,2d78c2b5,50,2026-05-28
ad630e07,7819567d,47,2026-05-28
ad630e07,3969c8f2,48,2026-05-28
ad630e07,fd977a85,51,2026-05-28
ad630e07,f2a92b6f,14,2026-05-29
ad630e07,6ecaa75e,18,2026-05-29
ad630e07,a820334c,32,2026-05-30
ad630e07,962accb7,33,2026-05-30
ad630e07,9a229129,35,2026-05-30
ad630e07,2e2ec424,32,2026-05-30
ad630e07,f0924c5c,31,2026-05-30
ad630e07,0e584ca3,3,2026-05-31
ad630e07,0ac35e75,3,2026-05-31
ad630e07,75224c71,3,2026-05-31
ad630e07,93706637,3,2026-05-31
ad630e07,02a857ea,3,2026-05-31
2fde5e7c,bb2a141c,3,2026-05-01
2fde5e7c,ab5cc456,3,2026-05-01
2fde5e7c,7ad76291,3,2026-05-01
2fde5e7c,b998eee6,32,2026-05-02
2fde5e7c,3163ad2e,31,2026-05-02
2fde5e7c,15e476ac,26,2026-05-03
2fde5e7c,25b85d71,23,2026-05-03
2fde5e7c,8e10d67f,21,2026-05-03
2fde5e7c,86088eb1,23,2026-05-03
2fde5e7c,c4b76020,34,2026-05-04
2fde5e7c,4714c62f,36,2026-05-04
2fde5e7c,05dd9650,37,2026-05-04
2fde5e7c,8c2e81bb,74,2026-05-05
2fde5e7c,2ce6afaa,72,2026-05-05
2fde5e7c,df0d8ddb,73,2026-05-05
2fde5e7c,a6aa2ab3,39,2026-05-06
2fde5e7c,73b2a0af,37,2026-05-06
2fde5e7c,867b1ab0,39,2026-05-06
2fde5e7c,374ecdab,40,2026-05-07
2fde5e7c,ad52f94e,40,2026-05-07
2fde5e7c,a9a01c21,23,2026-05-08
2fde5e7c,ca443d89,29,2026-05-09
2fde5e7c,83f3533c,7,2026-05-10
2fde5e7c,f8f4714b,11,2026-05-10
2fde5e7c,db5ca315,7,2026-05-10
2fde5e7c,88cb719c,9,2026-05-10
2fde5e7c,c07e4b2a,3,2026-05-11
2fde5e7c,ca028bd8,3,2026-05-11
2fde5e7c,87f72681,29,2026-05-12
2fde5e7c,9a577056,29,2026-05-12
2fde5e7c,1d206caa,26,2026-05-12
2fde5e7c,b86bb688,3,2026-05-13
2fde5e7c,6732bd5f,18,2026-05-14
2fde5e7c,63d4cd18,19,2026-05-14
2fde5e7c,e387d3f5,17,2026-05-14
2fde5e7c,a6c8bddb,37,2026-05-15
2fde5e7c,ea8025cc,34,2026-05-15
2fde5e7c,d9746529,36,2026-05-15
2fde5e7c,7750340d,27,2026-05-16
2fde5e7c,9a5a167f,27,2026-05-16
2fde5e7c,3df58129,26,2026-05-16
2fde5e7c,2f1b1d70,3,2026-05-17
2fde5e7c,febedbc0,3,2026-05-17
2fde5e7c,bcac2bc3,9,2026-05-18
2fde5e7c,cd73773d,12,2026-05-18
2fde5e7c,8f8b4318,11,2026-05-18
2fde5e7c,a964d8fa,35,2026-05-19
2fde5e7c,0a3a0a0f,34,2026-05-19
2fde5e7c,edd3520c,33,2026-05-19
2fde5e7c,81b58303,32,2026-05-19
2fde5e7c,b6523d4c,3,2026-05-20
2fde5e7c,68dd3d59,3,2026-05-20
2fde5e7c,0610655f,3,2026-05-20
2fde5e7c,6c741377,27,2026-05-21
2fde5e7c,ec21f575,29,2026-05-21
2fde5e7c,d2d7d991,28,2026-05-21
2fde5e7c,f575597e,28,2026-05-22
2fde5e7c,d97f7193,26,2026-05-22
2fde5e7c,da0842b8,25,2026-05-22
2fde5e7c,4796cf4a,21,2026-05-23
2fde5e7c,6b3b012f,22,2026-05-23
2fde5e7c,f87c3e97,3,2026-05-24
2fde5e7c,515d230e,3,2026-05-24
2fde5e7c,555341eb,57,2026-05-25
2fde5e7c,3c52b77c,56,2026-05-25
2fde5e7c,a1136391,55,2026-05-25
2fde5e7c,5298a549,23,2026-05-26
2fde5e7c,98e761d3,22,2026-05-26
2fde5e7c,f337f8ad,23,2026-05-26
2fde5e7c,dc68162a,5,2026-05-27
2fde5e7c,662bfdf6,3,2026-05-27
2fde5e7c,e0892085,6,2026-05-27
2fde5e7c,241d8e57,7,2026-05-27
2fde5e7c,f78012f4,47,2026-05-28
2fde5e7c,903e103a,46,2026-05-28
2fde5e7c,4799e6dc,41,2026-05-28
2fde5e7c,b2f9724a,33,2026-05-29
2fde5e7c,801390df,66,2026-05-30
2fde5e7c,314415c0,64,2026-05-30
2fde5e7c,f78892fa,66,2026-05-30
2fde5e7c,e8719d6d,61,2026-05-31
2fde5e7c,58ac7fd2,63,2026-05-31
2fde5e7c,7e08ce17,62,2026-05-31
2a4cfe9b,c8a3b1b0,32,2026-05-01
2a4cfe9b,15b78dd9,30,2026-05-01
2a4cfe9b,bf8b3154,30,2026-05-01
2a4cfe9b,702844d7,27,2026-05-01
2a4cfe9b,4e5c52a6,28,2026-05-01
2a4cfe9b,93794d90,38,2026-05-02
2a4cfe9b,895f7760,40,2026-05-02
2a4cfe9b,d15d80cf,38,2026-05-02
2a4cfe9b,41126f97,3,2026-05-03
2a4cfe9b,49c0f5c9,3,2026-05-03
2a4cfe9b,8956d816,3,2026-05-03
2a4cfe9b,225bf166,3,2026-05-04
2a4cfe9b,05f315e7,3,2026-05-04
2a4cfe9b,30334744,3,2026-05-04
2a4cfe9b,831ef196,3,2026-05-04
2a4cfe9b,02a283d7,3,2026-05-04
2a4cfe9b,7924feb0,3,2026-05-05
2a4cfe9b,b8a025da,3,2026-05-05
2a4cfe9b,8d28bfb9,3,2026-05-05
2a4cfe9b,2df7c5eb,3,2026-05-05
2a4cfe9b,536a228d,24,2026-05-06
2a4cfe9b,537098fc,23,2026-05-06
2a4cfe9b,671383e0,23,2026-05-06
2a4cfe9b,c96e010f,24,2026-05-06
2a4cfe9b,0b95aca6,23,2026-05-06
2a4cfe9b,7a89d23b,10,2026-05-07
2a4cfe9b,368a5c7c,13,2026-05-07
2a4cfe9b,3c66a818,11,2026-05-07
2a4cfe9b,3130cb4c,12,2026-05-07
2a4cfe9b,f45d433c,3,2026-05-08
2a4cfe9b,c3e96576,3,2026-05-08
2a4cfe9b,619df6ca,3,2026-05-08
2a4cfe9b,50473550,3,2026-05-08
2a4cfe9b,b39c3902,3,2026-05-09
2a4cfe9b,c5cfd898,3,2026-05-09
2a4cfe9b,c95a6993,3,2026-05-09
2a4cfe9b,fdadda04,3,2026-05-09
2a4cfe9b,b5d94ff3,3,2026-05-10
2a4cfe9b,9463318e,3,2026-05-10
2a4cfe9b,d7f46003,5,2026-05-10
2a4cfe9b,97006a95,3,2026-05-10
2a4cfe9b,db78b976,4,2026-05-10
2a4cfe9b,8a47a6fb,49,2026-05-11
2a4cfe9b,41ce0aad,49,2026-05-11
2a4cfe9b,a259b28c,48,2026-05-11
2a4cfe9b,20fc6d1f,46,2026-05-11
2a4cfe9b,11088000,45,2026-05-11
2a4cfe9b,23dfa52a,3,2026-05-12
2a4cfe9b,a57932b9,3,2026-05-12
2a4cfe9b,d4f92013,3,2026-05-12
2a4cfe9b,99ff9666,3,2026-05-12
2a4cfe9b,44a71e1a,3,2026-05-12
2a4cfe9b,0319ba33,3,2026-05-13
2a4cfe9b,d5cdab1a,3,2026-05-13
2a4cfe9b,d6ca6b83,3,2026-05-13
2a4cfe9b,2d47d892,3,2026-05-13
2a4cfe9b,9d13711b,3,2026-05-13
2a4cfe9b,aa9c1e3c,3,2026-05-14
2a4cfe9b,e2fa47f4,3,2026-05-14
2a4cfe9b,d92cfe7e,38,2026-05-15
2a4cfe9b,dd194969,39,2026-05-15
2a4cfe9b,addc7ea1,37,2026-05-15
2a4cfe9b,2511426f,25,2026-05-16
2a4cfe9b,2c7e72d5,27,2026-05-16
2a4cfe9b,751e0b1a,29,2026-05-16
2a4cfe9b,3835430b,25,2026-05-16
2a4cfe9b,11b91dde,8,2026-05-17
2a4cfe9b,49fa6a92,8,2026-05-17
2a4cfe9b,f84c46cd,9,2026-05-17
2a4cfe9b,51c26f82,8,2026-05-17
2a4cfe9b,e6f7a913,26,2026-05-18
2a4cfe9b,6b7c94ea,29,2026-05-18
2a4cfe9b,6abcc334,27,2026-05-18
2a4cfe9b,7d055f36,26,2026-05-19
2a4cfe9b,3bc7cfb0,29,2026-05-19
2a4cfe9b,bbc75e4e,28,2026-05-19
2a4cfe9b,c16402bc,26,2026-05-19
2a4cfe9b,ca7c8146,17,2026-05-20
2a4cfe9b,3351e863,17,2026-05-20
2a4cfe9b,5de96035,18,2026-05-20
2a4cfe9b,abcce1bc,19,2026-05-20
2a4cfe9b,ba916925,3,2026-05-21
2a4cfe9b,9b757acf,3,2026-05-21
2a4cfe9b,b742203e,3,2026-05-21
2a4cfe9b,d326dbf4,5,2026-05-22
2a4cfe9b,12f6ff88,5,2026-05-22
2a4cfe9b,9716295e,4,2026-05-22
2a4cfe9b,49aea304,5,2026-05-22
2a4cfe9b,48f53169,6,2026-05-22
2a4cfe9b,82765777,8,2026-05-22
2a4cfe9b,f0f53d2a,25,2026-05-23
2a4cfe9b,b144a9ae,27,2026-05-23
2a4cfe9b,e5d4045b,6,2026-05-24
2a4cfe9b,cde6ed51,12,2026-05-24
2a4cfe9b,59d7429d,11,2026-05-24
2a4cfe9b,a1765108,8,2026-05-24
2a4cfe9b,c1dc2c74,8,2026-05-24
2a4cfe9b,1c5eb387,45,2026-05-25
2a4cfe9b,01e94a13,41,2026-05-25
2a4cfe9b,c0033bd9,44,2026-05-25
2a4cfe9b,6e4d44d2,44,2026-05-25
2a4cfe9b,066b92cf,43,2026-05-25
2a4cfe9b,be7a36b9,3,2026-05-26
2a4cfe9b,6d0b970b,3,2026-05-26
2a4cfe9b,0a964bf7,3,2026-05-26
2a4cfe9b,38053dea,3,2026-05-26
2a4cfe9b,a508b579,37,2026-05-27
2a4cfe9b,d6050887,36,2026-05-27
2a4cfe9b,6669f1f5,33,2026-05-27
2a4cfe9b,9bb1baf8,35,2026-05-27
2a4cfe9b,e8ac2a20,34,2026-05-27
2a4cfe9b,11e0a4e8,36,2026-05-27
2a4cfe9b,99bbb6aa,33,2026-05-27
2a4cfe9b,7636da81,42,2026-05-28
2a4cfe9b,e44bd849,40,2026-05-28
2a4cfe9b,c93beec1,42,2026-05-28
2a4cfe9b,7d463d86,43,2026-05-28
2a4cfe9b,9c683a6f,40,2026-05-28
2a4cfe9b,c26f77f9,3,2026-05-29
2a4cfe9b,fc97efc7,3,2026-05-29
2a4cfe9b,ddcdb2d0,3,2026-05-29
2a4cfe9b,42a6dcde,3,2026-05-29
2a4cfe9b,48f20594,23,2026-05-30
2a4cfe9b,d7ae5262,23,2026-05-30
2a4cfe9b,48ed8f80,22,2026-05-30
2a4cfe9b,db4478c3,4,2026-05-31
2a4cfe9b,b49c569d,3,2026-05-31
2a4cfe9b,b18e61b3,3,2026-05-31
2a4cfe9b,7a9226f8,3,2026-05-31
2a4cfe9b,0ff564e2,3,2026-05-31
50b44749,cc9e0d9f,21,2026-05-01
50b44749,78757a7b,20,2026-05-01
50b44749,c0d2fa77,20,2026-05-01
50b44749,7d15fe98,24,2026-05-01
50b44749,f6520dbd,22,2026-05-01
50b44749,988d3c22,25,2026-05-02
50b44749,d8a15391,27,2026-05-02
50b44749,57742276,26,2026-05-02
50b44749,c97a5be3,27,2026-05-02
50b44749,2e91c512,17,2026-05-03
50b44749,16116786,16,2026-05-03
50b44749,e6fc25f9,12,2026-05-03
50b44749,96165734,13,2026-05-03
50b44749,cc04ff59,8,2026-05-04
50b44749,599d7a93,6,2026-05-04
50b44749,98a7720e,6,2026-05-04
50b44749,71549b04,27,2026-05-05
50b44749,e21e898b,28,2026-05-05
50b44749,5096288b,27,2026-05-05
50b44749,a68abc7b,31,2026-05-05
50b44749,5b68a3ff,36,2026-05-06
50b44749,06f3f3ad,38,2026-05-06
50b44749,9804bde9,19,2026-05-07
50b44749,6c255b4b,20,2026-05-07
50b44749,70523a1d,18,2026-05-07
50b44749,8e9841d3,19,2026-05-07
50b44749,47382f51,23,2026-05-08
50b44749,487c141c,21,2026-05-08
50b44749,b13f84ee,25,2026-05-08
50b44749,b031aab3,24,2026-05-08
50b44749,cc1f23f7,23,2026-05-08
50b44749,49bd26f2,25,2026-05-08
50b44749,4824664f,49,2026-05-09
50b44749,5775040c,47,2026-05-09
50b44749,c7840d06,47,2026-05-09
50b44749,f3b223b6,3,2026-05-10
50b44749,f9dbd585,3,2026-05-10
50b44749,9ce4b13f,3,2026-05-10
50b44749,2e429a50,3,2026-05-10
50b44749,3210698e,8,2026-05-11
50b44749,ab68298f,12,2026-05-11
50b44749,45276aa5,11,2026-05-11
50b44749,9c49a391,8,2026-05-11
50b44749,67c1a15e,11,2026-05-11
50b44749,bff9c38d,12,2026-05-11
50b44749,b7f5f4fd,3,2026-05-12
50b44749,c1607423,3,2026-05-12
50b44749,0888c85e,3,2026-05-12
50b44749,a41dbbfc,3,2026-05-12
50b44749,5b7d5765,5,2026-05-13
50b44749,0dbad530,3,2026-05-13
50b44749,494e1a79,3,2026-05-13
50b44749,aa9e5a31,5,2026-05-13
50b44749,bbd8a955,13,2026-05-14
50b44749,cd0bc179,10,2026-05-14
50b44749,64518310,13,2026-05-14
50b44749,a67e058b,14,2026-05-14
50b44749,73287a3e,15,2026-05-14
50b44749,6285611e,6,2026-05-15
50b44749,8e61a9a9,9,2026-05-15
50b44749,7238335a,5,2026-05-15
50b44749,4ec5140a,9,2026-05-15
50b44749,5533e545,3,2026-05-16
50b44749,057ba1ce,3,2026-05-16
50b44749,0ed432a7,24,2026-05-17
50b44749,98617d1b,24,2026-05-17
50b44749,3a8a4a43,23,2026-05-17
50b44749,27061563,14,2026-05-18
50b44749,f88bcd42,15,2026-05-18
50b44749,bafa3bbb,14,2026-05-18
50b44749,50217ce7,14,2026-05-18
50b44749,205b0156,10,2026-05-18
50b44749,35834be7,35,2026-05-19
50b44749,b0dffac0,41,2026-05-19
50b44749,b3929158,36,2026-05-19
50b44749,212b5417,34,2026-05-19
50b44749,017277e5,39,2026-05-19
50b44749,2ee746d7,64,2026-05-20
50b44749,de89bb98,64,2026-05-20
50b44749,4e1f7bb9,66,2026-05-20
50b44749,b0f760d0,63,2026-05-20
50b44749,ba449197,68,2026-05-20
50b44749,3583becc,65,2026-05-20
50b44749,1fefec41,66,2026-05-20
50b44749,9d62cbb5,6,2026-05-21
50b44749,a9938c69,3,2026-05-21
50b44749,c1da91a2,4,2026-05-21
50b44749,6af8a90c,3,2026-05-21
50b44749,ad701a52,9,2026-05-22
50b44749,f0a96833,10,2026-05-22
50b44749,23d31457,10,2026-05-22
50b44749,0ff4e11d,10,2026-05-22
50b44749,c10581d8,8,2026-05-22
50b44749,dcb232f4,6,2026-05-22
50b44749,a88f545a,22,2026-05-23
50b44749,58373ae1,26,2026-05-23
50b44749,815a0e16,25,2026-05-23
50b44749,9c7e6808,23,2026-05-23
50b44749,b805a351,19,2026-05-23
50b44749,7ad37a15,21,2026-05-24
50b44749,84cd5618,21,2026-05-24
50b44749,9f3c1f72,21,2026-05-24
50b44749,b51039c0,23,2026-05-24
50b44749,81052cbe,3,2026-05-25
50b44749,52f172f0,43,2026-05-26
50b44749,9ecef677,40,2026-05-26
50b44749,e75eec19,44,2026-05-26
50b44749,8da27a45,12,2026-05-27
50b44749,b4bf18b3,13,2026-05-27
50b44749,7fa79ec9,9,2026-05-27
50b44749,9bb9b6ed,10,2026-05-27
50b44749,05f3071b,12,2026-05-27
50b44749,8d400077,10,2026-05-28
50b44749,4b05ce89,8,2026-05-28
50b44749,5054b71e,8,2026-05-28
50b44749,2302b15c,7,2026-05-28
50b44749,fb7b6d1b,8,2026-05-28
50b44749,e5621554,18,2026-05-29
50b44749,61d617d2,17,2026-05-29
50b44749,6aed71d7,17,2026-05-29
50b44749,e31e8bf2,18,2026-05-29
50b44749,189fe65c,16,2026-05-29
50b44749,765e99eb,16,2026-05-30
50b44749,c65a002d,17,2026-05-30
50b44749,1246c8b7,17,2026-05-30
50b44749,fba5ad63,18,2026-05-30
50b44749,89a84f34,32,2026-05-31
50b44749,0b59c2fe,31,2026-05-31
50b44749,0d92e535,30,2026-05-31
50b44749,8c51190e,30,2026-05-31
50b44749,32911bb4,32,2026-05-31
eb746187,d5ccda10,4,2026-05-01
eb746187,f0d0e4e8,3,2026-05-01
eb746187,a60f574a,42,2026-05-02
eb746187,4253b8da,37,2026-05-02
eb746187,43e42859,3,2026-05-03
eb746187,98117fa0,3,2026-05-03
eb746187,f46ee18e,3,2026-05-03
eb746187,19abdaa7,3,2026-05-04
eb746187,d3b1e2c7,3,2026-05-04
eb746187,9f6d63b2,3,2026-05-04
eb746187,519c5e60,3,2026-05-05
eb746187,dfbc786e,3,2026-05-05
eb746187,10a5885d,37,2026-05-06
eb746187,c95bfd72,33,2026-05-06
eb746187,72fa1c35,14,2026-05-07
eb746187,bc3977df,14,2026-05-07
eb746187,0936e585,14,2026-05-07
eb746187,fb0eb360,23,2026-05-08
eb746187,ee4651dc,23,2026-05-08
eb746187,a237372d,26,2026-05-08
eb746187,8d560d83,24,2026-05-08
eb746187,1b2adc57,17,2026-05-09
eb746187,74955c8e,16,2026-05-09
eb746187,0c0a7b4d,14,2026-05-10
eb746187,4a4dd868,16,2026-05-10
eb746187,c8892c07,16,2026-05-10
eb746187,beb67cdc,60,2026-05-11
eb746187,631b0d69,74,2026-05-12
eb746187,2374b271,74,2026-05-12
eb746187,9f1fd22b,76,2026-05-12
eb746187,ff5f2fc8,3,2026-05-13
eb746187,585dccd0,3,2026-05-13
eb746187,23db7be6,31,2026-05-14
eb746187,05af4392,31,2026-05-14
eb746187,da9b53fe,28,2026-05-14
eb746187,13d59ce3,39,2026-05-15
eb746187,08b0e5a6,40,2026-05-15
eb746187,ad954395,20,2026-05-16
eb746187,b7a636b5,19,2026-05-16
eb746187,5266f5d6,3,2026-05-17
eb746187,4d9b23e1,3,2026-05-17
eb746187,10d51cae,3,2026-05-18
eb746187,214f1491,3,2026-05-18
eb746187,0c2269b8,3,2026-05-18
eb746187,0afdbbfe,29,2026-05-19
eb746187,c76f3700,30,2026-05-19
eb746187,98e70fc2,31,2026-05-20
eb746187,ca7bd9b8,30,2026-05-20
eb746187,da6b7ada,28,2026-05-20
eb746187,a59d5ee7,31,2026-05-20
eb746187,e2cc4ea2,60,2026-05-21
eb746187,0a5827e4,63,2026-05-21
eb746187,c17b8ab2,62,2026-05-21
eb746187,3403df80,65,2026-05-21
eb746187,15ae9525,5,2026-05-22
eb746187,076dc0d7,7,2026-05-23
eb746187,ef010a76,6,2026-05-23
eb746187,6d152cd4,21,2026-05-24
eb746187,f0d143cf,18,2026-05-24
eb746187,6a96b3bc,3,2026-05-25
eb746187,56a0b0d1,3,2026-05-25
eb746187,379f003b,3,2026-05-25
eb746187,4985890f,45,2026-05-26
eb746187,000acbc8,47,2026-05-26
eb746187,71b28611,10,2026-05-27
eb746187,6d78ef6a,9,2026-05-27
eb746187,1b746ce0,13,2026-05-27
eb746187,89910aa8,33,2026-05-28
eb746187,89b79d71,32,2026-05-28
eb746187,43e133a9,34,2026-05-28
eb746187,6465234b,35,2026-05-28
eb746187,b9537bed,10,2026-05-29
eb746187,e6f76664,9,2026-05-29
eb746187,9394f78e,13,2026-05-29
eb746187,1213304f,26,2026-05-30
eb746187,db20b6f5,46,2026-05-31
eb746187,0a4bed58,47,2026-05-31
eb746187,ace76200,43,2026-05-31
95ddc81d,afc0684e,3,2026-05-01
95ddc81d,04a7b207,3,2026-05-01
95ddc81d,c14a24c9,3,2026-05-01
95ddc81d,d69ba9a5,57,2026-05-02
95ddc81d,72148ccc,61,2026-05-02
95ddc81d,a891f062,58,2026-05-02
95ddc81d,104794bc,3,2026-05-03
95ddc81d,4dd3dd87,3,2026-05-03
95ddc81d,d543b443,3,2026-05-03
95ddc81d,28d4d66e,21,2026-05-04
95ddc81d,fe109f44,24,2026-05-04
95ddc81d,a6de64a2,24,2026-05-04
95ddc81d,f11bc751,22,2026-05-04
95ddc81d,ab342fd1,23,2026-05-04
95ddc81d,a2a38a88,21,2026-05-04
95ddc81d,09931560,24,2026-05-05
95ddc81d,5f387d01,23,2026-05-05
95ddc81d,c3848897,22,2026-05-05
95ddc81d,e28a8534,25,2026-05-05
95ddc81d,97d8c017,28,2026-05-05
95ddc81d,caf11117,3,2026-05-06
95ddc81d,6f6b6eb9,3,2026-05-06
95ddc81d,4f28e42a,3,2026-05-06
95ddc81d,a1117497,3,2026-05-06
95ddc81d,39db7ad0,3,2026-05-07
95ddc81d,ba88268f,3,2026-05-07
95ddc81d,6f5e93d3,3,2026-05-07
95ddc81d,d7e0caa9,3,2026-05-07
95ddc81d,7aa6bfb8,20,2026-05-08
95ddc81d,9f3bc63b,21,2026-05-08
95ddc81d,301ecde2,25,2026-05-08
95ddc81d,8b79c496,21,2026-05-08
95ddc81d,481e48ad,24,2026-05-08
95ddc81d,2ee8f336,22,2026-05-08
95ddc81d,f0017917,21,2026-05-08
95ddc81d,349f9f5f,9,2026-05-09
95ddc81d,37bf31b1,9,2026-05-09
95ddc81d,cbe7a59f,9,2026-05-09
95ddc81d,8007c837,11,2026-05-09
95ddc81d,c71d7e62,8,2026-05-09
95ddc81d,1bc1fc11,7,2026-05-09
95ddc81d,bcc191dc,10,2026-05-09
95ddc81d,64d7aed0,3,2026-05-10
95ddc81d,2afc95dd,3,2026-05-10
95ddc81d,85b1d0c0,4,2026-05-11
95ddc81d,9949e34a,3,2026-05-11
95ddc81d,5d6cc5f1,3,2026-05-11
95ddc81d,c605ac30,4,2026-05-11
95ddc81d,c11afc89,3,2026-05-11
95ddc81d,0152e7e9,3,2026-05-11
95ddc81d,b2253dd5,19,2026-05-12
95ddc81d,ca3ff536,19,2026-05-12
95ddc81d,93a209a5,19,2026-05-12
95ddc81d,3d367877,14,2026-05-13
95ddc81d,78db14e1,11,2026-05-13
95ddc81d,7c2b3578,11,2026-05-13
95ddc81d,3c636268,12,2026-05-14
95ddc81d,2396e279,9,2026-05-14
95ddc81d,d87f862c,12,2026-05-14
95ddc81d,189650d9,12,2026-05-14
95ddc81d,942faf1b,11,2026-05-14
95ddc81d,72ca08c7,10,2026-05-14
95ddc81d,bbe6148e,3,2026-05-15
95ddc81d,2fbecee3,3,2026-05-15
95ddc81d,c4fac2a6,3,2026-05-15
95ddc81d,b7e90f4e,3,2026-05-15
95ddc81d,b94fda38,3,2026-05-15
95ddc81d,2f6ab827,3,2026-05-15
95ddc81d,8a64a9ac,3,2026-05-16
95ddc81d,e0b71cba,3,2026-05-16
95ddc81d,1c55f223,3,2026-05-16
95ddc81d,ace63a0c,3,2026-05-16
95ddc81d,01ca0470,19,2026-05-17
95ddc81d,118f37e5,20,2026-05-17
95ddc81d,eab5a2c9,20,2026-05-17
95ddc81d,509e2fdd,20,2026-05-17
95ddc81d,888dcb26,19,2026-05-17
95ddc81d,b5ab8c05,19,2026-05-18
95ddc81d,24b5ecdf,18,2026-05-18
95ddc81d,871a1e1f,17,2026-05-18
95ddc81d,c1169e0e,16,2026-05-18
95ddc81d,fbca8c72,17,2026-05-18
95ddc81d,6da96123,17,2026-05-18
95ddc81d,1777d537,14,2026-05-18
95ddc81d,5db8ad97,17,2026-05-18
95ddc81d,ba557013,3,2026-05-19
95ddc81d,545aef30,3,2026-05-19
95ddc81d,e5fd6c6b,3,2026-05-19
95ddc81d,32484fb9,3,2026-05-19
95ddc81d,9261189e,3,2026-05-19
95ddc81d,547957c3,3,2026-05-19
95ddc81d,adff6f41,13,2026-05-20
95ddc81d,233ad010,13,2026-05-20
95ddc81d,4ced67df,10,2026-05-20
95ddc81d,defc1e56,12,2026-05-20
95ddc81d,b6b9ce29,6,2026-05-21
95ddc81d,83a6dc89,5,2026-05-21
95ddc81d,a67a3659,5,2026-05-21
95ddc81d,148a9633,3,2026-05-21
95ddc81d,600117a7,3,2026-05-21
95ddc81d,57efb7c9,5,2026-05-21
95ddc81d,afa3ac99,3,2026-05-22
95ddc81d,bf3e2d49,3,2026-05-22
95ddc81d,60e1078e,3,2026-05-22
95ddc81d,17f1901c,5,2026-05-22
95ddc81d,46a9d1a1,3,2026-05-22
95ddc81d,9f00d93f,3,2026-05-22
95ddc81d,19af6690,3,2026-05-23
95ddc81d,f58e1c6f,3,2026-05-23
95ddc81d,f2630a28,3,2026-05-23
95ddc81d,947649cc,3,2026-05-23
95ddc81d,322d8e14,3,2026-05-23
95ddc81d,47f49b9a,3,2026-05-24
95ddc81d,6122baef,3,2026-05-24
95ddc81d,a9bb5578,3,2026-05-24
95ddc81d,a463307c,3,2026-05-24
95ddc81d,5aeb263a,12,2026-05-25
95ddc81d,710bb609,14,2026-05-25
95ddc81d,46677e74,16,2026-05-25
95ddc81d,a0b3e5ad,15,2026-05-25
95ddc81d,4ae139b2,16,2026-05-25
95ddc81d,93c1dd6b,18,2026-05-26
95ddc81d,c5c6afc9,13,2026-05-26
95ddc81d,1c589604,18,2026-05-26
95ddc81d,f42375c1,16,2026-05-26
95ddc81d,46db5742,15,2026-05-26
95ddc81d,f566b6b5,17,2026-05-26
95ddc81d,38f2dc17,17,2026-05-26
95ddc81d,37d6ed27,15,2026-05-26
95ddc81d,4bc4b819,19,2026-05-27
95ddc81d,fd3f5a85,21,2026-05-27
95ddc81d,0b14db18,18,2026-05-27
95ddc81d,2e722318,15,2026-05-27
95ddc81d,0bb26ac4,21,2026-05-28
95ddc81d,55563e0a,19,2026-05-28
95ddc81d,1fe91e36,22,2026-05-28
95ddc81d,5884ef33,19,2026-05-28
95ddc81d,012a7d78,21,2026-05-28
95ddc81d,ec62479c,23,2026-05-29
95ddc81d,52398846,28,2026-05-29
95ddc81d,fdb76b62,26,2026-05-29
95ddc81d,aa12faf2,30,2026-05-29
95ddc81d,e2c4aac4,3,2026-05-30
95ddc81d,93effb5f,3,2026-05-30
95ddc81d,53b599cf,3,2026-05-30
95ddc81d,cb022dc7,3,2026-05-30
95ddc81d,7039cc7d,3,2026-05-30
95ddc81d,73a06a8c,3,2026-05-30
95ddc81d,ced3b2de,19,2026-05-31
95ddc81d,c42dc436,16,2026-05-31
95ddc81d,eacc0b8b,21,2026-05-31
95ddc81d,d28aa969,17,2026-05-31
95ddc81d,b10985a3,13,2026-05-31
ca94e44e,538b883c,34,2026-05-01
ca94e44e,1ddfd6ba,33,2026-05-01
ca94e44e,bcd4c825,35,2026-05-01
ca94e44e,379614d2,5,2026-05-02
ca94e44e,2fb2212d,3,2026-05-02
ca94e44e,d3f5f5b9,4,2026-05-02
ca94e44e,f38a405c,4,2026-05-02
ca94e44e,00005cfe,3,2026-05-02
ca94e44e,c3c3c055,51,2026-05-03
ca94e44e,1e928b78,51,2026-05-03
ca94e44e,2d56c0e9,54,2026-05-03
ca94e44e,e9e77a6b,50,2026-05-03
ca94e44e,32e45181,31,2026-05-04
ca94e44e,a1a53ce5,29,2026-05-04
ca94e44e,1bde3b17,29,2026-05-04
ca94e44e,36ce7562,28,2026-05-04
ca94e44e,57c8288f,28,2026-05-04
ca94e44e,c92f1b98,28,2026-05-04
ca94e44e,d450c9d4,50,2026-05-05
ca94e44e,d4e13abd,50,2026-05-05
ca94e44e,002603d3,52,2026-05-05
ca94e44e,4ec61b4e,51,2026-05-05
ca94e44e,583dbac5,22,2026-05-06
ca94e44e,b08e45eb,19,2026-05-06
ca94e44e,4b3122a9,23,2026-05-06
ca94e44e,7c063cdb,21,2026-05-06
ca94e44e,1cbf0188,3,2026-05-07
ca94e44e,ee81667c,3,2026-05-07
ca94e44e,c968780f,3,2026-05-07
ca94e44e,448246a3,3,2026-05-07
ca94e44e,54a97dc7,3,2026-05-07
ca94e44e,98b3a432,59,2026-05-08
ca94e44e,9e55626d,60,2026-05-08
ca94e44e,d28d41fc,20,2026-05-09
ca94e44e,d2639c88,19,2026-05-09
ca94e44e,93e20e48,18,2026-05-09
ca94e44e,426fc274,19,2026-05-09
ca94e44e,fffcdc03,6,2026-05-10
ca94e44e,e266f1ec,7,2026-05-10
ca94e44e,92e29f07,3,2026-05-10
ca94e44e,828daad3,6,2026-05-10
ca94e44e,5e314c8d,6,2026-05-10
ca94e44e,2e1c68d4,3,2026-05-11
ca94e44e,14f9d70f,3,2026-05-11
ca94e44e,d3326283,3,2026-05-11
ca94e44e,1003430a,3,2026-05-12
ca94e44e,0259c5a1,3,2026-05-12
ca94e44e,3d445ba9,3,2026-05-12
ca94e44e,da51f975,3,2026-05-12
ca94e44e,9a942afe,12,2026-05-13
ca94e44e,d74bab35,15,2026-05-13
ca94e44e,c31d2edc,13,2026-05-13
ca94e44e,982311a0,15,2026-05-13
ca94e44e,4431981c,15,2026-05-13
ca94e44e,93017765,35,2026-05-14
ca94e44e,443785c8,37,2026-05-14
ca94e44e,87875c3e,34,2026-05-14
ca94e44e,2e8edd91,32,2026-05-15
ca94e44e,95805821,36,2026-05-15
ca94e44e,8b2787bd,33,2026-05-15
ca94e44e,b03f811b,33,2026-05-15
ca94e44e,78ee9bd6,35,2026-05-16
ca94e44e,fc7366bf,33,2026-05-16
ca94e44e,969a06cb,36,2026-05-16
ca94e44e,0558b592,29,2026-05-16
ca94e44e,afa52c2f,7,2026-05-17
ca94e44e,9256f9b2,6,2026-05-17
ca94e44e,467659db,7,2026-05-17
ca94e44e,48202254,7,2026-05-17
ca94e44e,cccc7b6b,5,2026-05-17
ca94e44e,404e46ee,6,2026-05-17
ca94e44e,91347bef,7,2026-05-17
ca94e44e,6a61cd98,6,2026-05-18
ca94e44e,c3ac478b,8,2026-05-18
ca94e44e,cf6241ed,6,2026-05-18
ca94e44e,e4c016df,6,2026-05-18
ca94e44e,75a7b4d6,5,2026-05-18
ca94e44e,41f732dc,6,2026-05-18
ca94e44e,0358deab,7,2026-05-18
ca94e44e,949f1e1a,6,2026-05-19
ca94e44e,baab2126,6,2026-05-19
ca94e44e,46f29adc,9,2026-05-19
ca94e44e,58961eb3,6,2026-05-19
ca94e44e,b2cb6dac,7,2026-05-19
ca94e44e,7f62d99d,66,2026-05-20
ca94e44e,6a57018c,68,2026-05-20
ca94e44e,2ca5f937,41,2026-05-21
ca94e44e,9802c083,37,2026-05-21
ca94e44e,5925d79e,38,2026-05-21
ca94e44e,42adff70,3,2026-05-22
ca94e44e,c210eb9e,3,2026-05-22
ca94e44e,ba13be32,3,2026-05-22
ca94e44e,dd491cb8,3,2026-05-22
ca94e44e,5232e815,3,2026-05-23
ca94e44e,b4812c07,3,2026-05-23
ca94e44e,faf64363,3,2026-05-23
ca94e44e,403c2163,3,2026-05-23
ca94e44e,86d4542d,3,2026-05-23
ca94e44e,8c5cce0f,20,2026-05-24
ca94e44e,f66394a6,21,2026-05-24
ca94e44e,8a90bd71,17,2026-05-24
ca94e44e,21f181cd,18,2026-05-24
ca94e44e,bf7a009e,20,2026-05-24
ca94e44e,6b498f60,20,2026-05-24
ca94e44e,8f6bfce8,19,2026-05-24
ca94e44e,90f596b8,17,2026-05-25
ca94e44e,5bc174e0,15,2026-05-25
ca94e44e,9bd2c4c4,19,2026-05-25
ca94e44e,66005fda,19,2026-05-25
ca94e44e,a21cc135,17,2026-05-25
ca94e44e,5600ff06,17,2026-05-25
ca94e44e,41ab5ba7,12,2026-05-26
ca94e44e,82a32560,11,2026-05-26
ca94e44e,615617fb,13,2026-05-26
ca94e44e,4085107b,15,2026-05-26
ca94e44e,187a74c0,14,2026-05-26
ca94e44e,bc19ffcb,31,2026-05-27
ca94e44e,2101d2d6,33,2026-05-27
ca94e44e,69e06a29,37,2026-05-27
ca94e44e,10d5fde1,33,2026-05-27
ca94e44e,8a12c9d3,33,2026-05-27
ca94e44e,e48aa3d0,3,2026-05-28
ca94e44e,a402f00d,3,2026-05-28
ca94e44e,cc6ca0a4,3,2026-05-28
ca94e44e,29c43835,3,2026-05-28
ca94e44e,9ac550bb,3,2026-05-29
ca94e44e,f56cf6eb,3,2026-05-29
ca94e44e,e42b8184,15,2026-05-30
ca94e44e,2c320dd3,13,2026-05-30
ca94e44e,cfff448e,17,2026-05-30
ca94e44e,a4fa407f,14,2026-05-30
ca94e44e,3723ecb8,3,2026-05-31
ca94e44e,5d7a262c,3,2026-05-31
ca94e44e,06ba2e52,3,2026-05-31
d6fc7ae6,3c32f1d5,21,2026-05-01
d6fc7ae6,9a9904cb,18,2026-05-01
d6fc7ae6,4378af12,20,2026-05-01
d6fc7ae6,114cc5e6,20,2026-05-01
d6fc7ae6,1aa56368,21,2026-05-01
d6fc7ae6,a5f4abb5,19,2026-05-01
d6fc7ae6,f0ab361e,28,2026-05-02
d6fc7ae6,3a225faf,31,2026-05-02
d6fc7ae6,14f9c6cf,28,2026-05-02
d6fc7ae6,bb403863,31,2026-05-02
d6fc7ae6,9976e8d9,3,2026-05-03
d6fc7ae6,d3e122ca,3,2026-05-03
d6fc7ae6,22b61650,3,2026-05-03
d6fc7ae6,6da873ba,3,2026-05-03
d6fc7ae6,5bc01494,3,2026-05-03
d6fc7ae6,7d6e3960,14,2026-05-04
d6fc7ae6,cf7cdae7,13,2026-05-04
d6fc7ae6,8521ed57,15,2026-05-05
d6fc7ae6,8c9e3f1a,12,2026-05-05
d6fc7ae6,8aae5e62,14,2026-05-05
d6fc7ae6,a6548103,8,2026-05-06
d6fc7ae6,07edc144,9,2026-05-06
d6fc7ae6,0c3af486,8,2026-05-06
d6fc7ae6,5b656807,3,2026-05-07
d6fc7ae6,35be3eae,3,2026-05-07
d6fc7ae6,3c0c8ec0,3,2026-05-07
d6fc7ae6,dd0254b9,3,2026-05-07
d6fc7ae6,ad89af41,3,2026-05-07
d6fc7ae6,39c904eb,3,2026-05-08
d6fc7ae6,fa7f6ac6,3,2026-05-08
d6fc7ae6,54f9ad4b,3,2026-05-08
d6fc7ae6,d5257ea2,3,2026-05-08
d6fc7ae6,b64b5fff,3,2026-05-08
d6fc7ae6,19292341,44,2026-05-09
d6fc7ae6,b330f093,46,2026-05-09
d6fc7ae6,9977723a,41,2026-05-10
d6fc7ae6,527052b5,39,2026-05-10
d6fc7ae6,bd1ecab6,42,2026-05-10
d6fc7ae6,447b5656,5,2026-05-11
d6fc7ae6,ce806796,5,2026-05-11
d6fc7ae6,e15ecae3,5,2026-05-11
d6fc7ae6,03a20388,6,2026-05-11
d6fc7ae6,53f72f05,5,2026-05-11
d6fc7ae6,42287d87,29,2026-05-12
d6fc7ae6,a45194a6,29,2026-05-12
d6fc7ae6,104d0916,25,2026-05-12
d6fc7ae6,35c49cb0,27,2026-05-12
d6fc7ae6,3531fc81,27,2026-05-12
d6fc7ae6,0d33f358,15,2026-05-13
d6fc7ae6,6700a61d,15,2026-05-13
d6fc7ae6,cdb5267f,13,2026-05-13
d6fc7ae6,80038631,13,2026-05-13
d6fc7ae6,3ba13c5d,13,2026-05-13
d6fc7ae6,17571d17,20,2026-05-14
d6fc7ae6,bac6fc9d,18,2026-05-14
d6fc7ae6,aac4b37f,15,2026-05-14
d6fc7ae6,4d64a8aa,17,2026-05-14
d6fc7ae6,b389cf81,19,2026-05-14
d6fc7ae6,05643cf1,15,2026-05-15
d6fc7ae6,f448d080,16,2026-05-15
d6fc7ae6,40c9bdf0,14,2026-05-15
d6fc7ae6,c96cf196,3,2026-05-16
d6fc7ae6,5a31b7aa,3,2026-05-16
d6fc7ae6,6a8062ab,3,2026-05-16
d6fc7ae6,d7a54a3d,17,2026-05-17
d6fc7ae6,cde94247,17,2026-05-17
d6fc7ae6,3b1d7279,18,2026-05-17
d6fc7ae6,1e914ea0,15,2026-05-17
d6fc7ae6,7d4b81e0,16,2026-05-17
d6fc7ae6,ed824eaa,16,2026-05-17
d6fc7ae6,d1fd5e72,16,2026-05-17
d6fc7ae6,26077229,3,2026-05-18
d6fc7ae6,160c919b,3,2026-05-18
d6fc7ae6,6efdae82,3,2026-05-18
d6fc7ae6,345a6efd,3,2026-05-18
d6fc7ae6,b0850ae2,85,2026-05-19
d6fc7ae6,8f7ef1e4,86,2026-05-19
d6fc7ae6,1b78858e,83,2026-05-19
d6fc7ae6,6c2e0a2f,86,2026-05-19
d6fc7ae6,580c9723,82,2026-05-19
d6fc7ae6,68aa052a,33,2026-05-20
d6fc7ae6,026eae39,31,2026-05-20
d6fc7ae6,3ede8516,30,2026-05-20
d6fc7ae6,7fb6dbc5,32,2026-05-20
d6fc7ae6,ca2764c8,34,2026-05-20
d6fc7ae6,a8fffbfa,32,2026-05-20
d6fc7ae6,2924053c,9,2026-05-21
d6fc7ae6,7390787f,9,2026-05-21
d6fc7ae6,4b22a5bc,3,2026-05-22
d6fc7ae6,6e0eb2c8,3,2026-05-22
d6fc7ae6,44a34d7f,3,2026-05-22
d6fc7ae6,3d8eb7b8,3,2026-05-22
d6fc7ae6,ee2fb9a7,3,2026-05-22
d6fc7ae6,8989c2c7,53,2026-05-23
d6fc7ae6,fb55d6a4,54,2026-05-23
d6fc7ae6,e7c21e53,56,2026-05-23
d6fc7ae6,3bcf18de,53,2026-05-23
d6fc7ae6,3219d4ac,54,2026-05-23
d6fc7ae6,bcedf90c,21,2026-05-24
d6fc7ae6,cd2ab60b,19,2026-05-24
d6fc7ae6,8afbe903,16,2026-05-24
d6fc7ae6,0b3ea4f1,16,2026-05-24
d6fc7ae6,7d141a5d,38,2026-05-25
d6fc7ae6,00e218c7,35,2026-05-25
d6fc7ae6,c02a5878,30,2026-05-26
d6fc7ae6,a6ea4d89,33,2026-05-26
d6fc7ae6,f1ee383e,28,2026-05-26
d6fc7ae6,44f727f1,33,2026-05-26
d6fc7ae6,22e54dc1,30,2026-05-26
d6fc7ae6,8daa096a,8,2026-05-27
d6fc7ae6,e9bbc564,7,2026-05-27
d6fc7ae6,63eac159,7,2026-05-27
d6fc7ae6,479f0183,5,2026-05-27
d6fc7ae6,b4493872,11,2026-05-27
d6fc7ae6,c77feecb,7,2026-05-27
d6fc7ae6,efa32828,35,2026-05-28
d6fc7ae6,2bc78816,35,2026-05-28
d6fc7ae6,5f32d5d5,32,2026-05-28
d6fc7ae6,810c9677,3,2026-05-29
d6fc7ae6,901f1985,3,2026-05-29
d6fc7ae6,63e20bab,3,2026-05-29
d6fc7ae6,549a3551,3,2026-05-29
d6fc7ae6,cd0f3c17,16,2026-05-30
d6fc7ae6,8e06bd3a,14,2026-05-30
d6fc7ae6,754d071e,16,2026-05-30
d6fc7ae6,36ab9013,14,2026-05-30
d6fc7ae6,6094b630,3,2026-05-31
d6fc7ae6,149c46c7,3,2026-05-31
d6fc7ae6,5f1336db,4,2026-05-31
d6fc7ae6,42b0358e,3,2026-05-31
d6fc7ae6,242abe3a,3,2026-05-31
d6fc7ae6,54c911b5,3,2026-05-31
3ba87b05,a05dd172,41,2026-05-01
3ba87b05,fb6d7f89,39,2026-05-01
3ba87b05,afb6e947,40,2026-05-01
3ba87b05,e91dbea9,25,2026-05-02
3ba87b05,74b00b64,25,2026-05-02
3ba87b05,1d62f8bd,24,2026-05-02
3ba87b05,0eaa3ba5,18,2026-05-03
3ba87b05,4920c1f4,6,2026-05-04
3ba87b05,679c5717,9,2026-05-04
3ba87b05,18d8dc73,20,2026-05-05
3ba87b05,0a7f8247,22,2026-05-05
3ba87b05,161e383e,24,2026-05-05
3ba87b05,3c5e2655,22,2026-05-05
3ba87b05,4f95dc2b,10,2026-05-06
3ba87b05,0b591ef4,14,2026-05-06
3ba87b05,a4829297,10,2026-05-06
3ba87b05,07f62138,15,2026-05-07
3ba87b05,aa392c64,15,2026-05-07
3ba87b05,ef4f28f0,19,2026-05-07
3ba87b05,74a5aa54,4,2026-05-08
3ba87b05,cd4877f1,3,2026-05-08
3ba87b05,5513d4a7,4,2026-05-08
3ba87b05,43237053,4,2026-05-08
3ba87b05,23c42552,36,2026-05-09
3ba87b05,70e052a9,36,2026-05-09
3ba87b05,a51b24e0,3,2026-05-10
3ba87b05,26b1251f,3,2026-05-10
3ba87b05,1e8fba20,3,2026-05-10
3ba87b05,51ad8fae,35,2026-05-11
3ba87b05,c3bd67aa,37,2026-05-11
3ba87b05,bb1505a8,35,2026-05-11
3ba87b05,bcff9356,3,2026-05-12
3ba87b05,9f847414,3,2026-05-12
3ba87b05,c55df6fb,3,2026-05-13
3ba87b05,fb0bbe43,3,2026-05-13
3ba87b05,3d915032,3,2026-05-13
3ba87b05,1b44e8a1,54,2026-05-14
3ba87b05,b4e9ddfd,35,2026-05-15
3ba87b05,2a2d4b94,36,2026-05-15
3ba87b05,71d23eec,35,2026-05-15
3ba87b05,705b10c5,3,2026-05-16
3ba87b05,21912162,3,2026-05-16
3ba87b05,a537c696,3,2026-05-16
3ba87b05,8807a5b9,3,2026-05-16
3ba87b05,60a941fa,27,2026-05-17
3ba87b05,07cebfb1,27,2026-05-17
3ba87b05,2665104a,27,2026-05-17
3ba87b05,92f472db,24,2026-05-17
3ba87b05,df28905d,25,2026-05-18
3ba87b05,e36da754,19,2026-05-18
3ba87b05,da6f378b,30,2026-05-19
3ba87b05,7a2f128f,32,2026-05-19
3ba87b05,7c885a26,29,2026-05-19
3ba87b05,17427d3c,23,2026-05-20
3ba87b05,b5f57ccf,24,2026-05-20
3ba87b05,63d9f2ae,22,2026-05-20
3ba87b05,0eaa7fc5,57,2026-05-21
3ba87b05,6f229ce2,62,2026-05-21
3ba87b05,4b0e4d76,59,2026-05-21
3ba87b05,485de04c,58,2026-05-21
3ba87b05,21e387c0,32,2026-05-22
3ba87b05,a2b69ab5,35,2026-05-22
3ba87b05,5d1cdae0,35,2026-05-22
3ba87b05,0c5135a6,39,2026-05-23
3ba87b05,956e43d2,49,2026-05-24
3ba87b05,1d2bcbfc,48,2026-05-24
3ba87b05,e6a39a54,6,2026-05-25
3ba87b05,6c816891,10,2026-05-25
3ba87b05,e51146bb,8,2026-05-25
3ba87b05,56ccfeb2,10,2026-05-25
3ba87b05,bcb593c7,9,2026-05-25
3ba87b05,579d4b2a,12,2026-05-26
3ba87b05,b17d4dd5,15,2026-05-26
3ba87b05,7f888f33,19,2026-05-26
3ba87b05,f4960bfc,16,2026-05-27
3ba87b05,cd833852,18,2026-05-27
3ba87b05,d59e0037,16,2026-05-28
3ba87b05,6428ba9b,13,2026-05-28
3ba87b05,deb23226,10,2026-05-29
3ba87b05,87645018,11,2026-05-29
3ba87b05,d4c68b72,24,2026-05-30
3ba87b05,e7514990,22,2026-05-30
3ba87b05,7aab0483,61,2026-05-31
3ba87b05,e53fa1c6,63,2026-05-31
3ba87b05,f341d5c9,63,2026-05-31
3ba87b05,9b071b73,62,2026-05-31
a93d3c32,14ae0ce8,38,2026-05-01
a93d3c32,fb925991,39,2026-05-01
a93d3c32,f2e0b6fb,37,2026-05-01
a93d3c32,46ca1696,14,2026-05-02
a93d3c32,6e0f16c2,13,2026-05-02
a93d3c32,6151b3dc,59,2026-05-03
a93d3c32,6ebcb334,59,2026-05-03
a93d3c32,234a9852,5,2026-05-04
a93d3c32,f6f80f7c,5,2026-05-04
a93d3c32,b6469d93,5,2026-05-04
a93d3c32,2c60af03,3,2026-05-05
a93d3c32,5097043d,3,2026-05-05
a93d3c32,cd9fe280,3,2026-05-05
a93d3c32,95fa89be,72,2026-05-06
a93d3c32,e781bc42,71,2026-05-06
a93d3c32,e1014da5,3,2026-05-07
a93d3c32,8b86714f,3,2026-05-07
a93d3c32,037df926,3,2026-05-08
a93d3c32,c5f9e4a6,3,2026-05-08
a93d3c32,eead8eb3,3,2026-05-08
a93d3c32,fab58edb,76,2026-05-09
a93d3c32,e2953bf3,75,2026-05-09
a93d3c32,a269ef0c,76,2026-05-09
a93d3c32,a669cc1b,49,2026-05-10
a93d3c32,51d400fc,54,2026-05-10
a93d3c32,058790ec,52,2026-05-10
a93d3c32,3eb750f3,47,2026-05-11
a93d3c32,e131ca7b,48,2026-05-11
a93d3c32,6a807d77,45,2026-05-11
a93d3c32,cc901101,3,2026-05-12
a93d3c32,c70d59d9,3,2026-05-12
a93d3c32,2565b77c,60,2026-05-13
a93d3c32,7321a412,60,2026-05-13
a93d3c32,e4f0fb32,40,2026-05-14
a93d3c32,72c02aa7,36,2026-05-14
a93d3c32,83833d7c,37,2026-05-14
a93d3c32,ddc0b284,59,2026-05-15
a93d3c32,41096480,57,2026-05-15
a93d3c32,fb9c5eb7,61,2026-05-15
a93d3c32,172d75a6,33,2026-05-16
a93d3c32,af6aa3ba,34,2026-05-16
a93d3c32,c633779c,21,2026-05-17
a93d3c32,db6550ad,28,2026-05-17
a93d3c32,5d6aec1a,22,2026-05-17
a93d3c32,ce881553,22,2026-05-17
a93d3c32,d0f695eb,22,2026-05-18
a93d3c32,f6b285a9,24,2026-05-18
a93d3c32,f8cb2e9b,25,2026-05-18
a93d3c32,ea58eae7,35,2026-05-19
a93d3c32,b2917965,40,2026-05-19
a93d3c32,fc8ea0d1,34,2026-05-20
a93d3c32,4f9f7f2b,35,2026-05-20
a93d3c32,e1c70174,33,2026-05-20
a93d3c32,86c6d5dd,4,2026-05-21
a93d3c32,f36331a7,7,2026-05-21
a93d3c32,bc9c9634,4,2026-05-21
a93d3c32,1f47dd58,31,2026-05-22
a93d3c32,c60ef83c,32,2026-05-22
a93d3c32,377c082e,3,2026-05-23
a93d3c32,4fa8ea2d,3,2026-05-23
a93d3c32,68f745b2,3,2026-05-23
a93d3c32,857dc4c5,3,2026-05-23
a93d3c32,fd9bb6e4,66,2026-05-24
a93d3c32,6a065c05,66,2026-05-24
a93d3c32,33cf03e3,67,2026-05-24
a93d3c32,480321e2,50,2026-05-25
a93d3c32,732cfc1f,47,2026-05-25
a93d3c32,5fff5a74,58,2026-05-26
a93d3c32,ff7136a7,59,2026-05-26
a93d3c32,b6736900,39,2026-05-27
a93d3c32,0a4c6fa8,37,2026-05-27
a93d3c32,1c4fb2de,39,2026-05-27
a93d3c32,20485a2a,3,2026-05-28
a93d3c32,d73d44e1,4,2026-05-28
a93d3c32,9910b866,5,2026-05-28
a93d3c32,c3b50a0c,48,2026-05-29
a93d3c32,3d902309,48,2026-05-29
a93d3c32,fd3e153b,40,2026-05-30
a93d3c32,b5b6e950,39,2026-05-30
a93d3c32,3f05b5f7,3,2026-05-31
a93d3c32,63b1644a,3,2026-05-31
0ececf8d,57d94e39,54,2026-05-01
0ececf8d,99b927d2,56,2026-05-01
0ececf8d,cff3ebee,55,2026-05-01
0ececf8d,ed4a7351,3,2026-05-02
0ececf8d,47e35a01,3,2026-05-02
0ececf8d,20268c1e,20,2026-05-03
0ececf8d,01a39edc,19,2026-05-03
0ececf8d,492f1ba2,22,2026-05-03
0ececf8d,7af1c2d7,29,2026-05-04
0ececf8d,bc144c76,3,2026-05-05
0ececf8d,69d6c6eb,3,2026-05-05
0ececf8d,7e3a9739,3,2026-05-05
0ececf8d,307b0b73,3,2026-05-05
0ececf8d,d3974a95,3,2026-05-06
0ececf8d,a7aaee41,3,2026-05-06
0ececf8d,8dbbefea,22,2026-05-07
0ececf8d,e8a0077a,23,2026-05-07
0ececf8d,e4cab57b,3,2026-05-08
0ececf8d,dcf781dc,3,2026-05-08
0ececf8d,6e5c072d,3,2026-05-08
0ececf8d,c43ae0a9,3,2026-05-09
0ececf8d,64a6aff0,3,2026-05-09
0ececf8d,531f19cd,90,2026-05-10
0ececf8d,08385206,92,2026-05-10
0ececf8d,85c39ae1,91,2026-05-10
0ececf8d,abd46a94,3,2026-05-11
0ececf8d,108e244d,3,2026-05-11
0ececf8d,3f5d25bd,3,2026-05-12
0ececf8d,66200873,3,2026-05-12
0ececf8d,c2a451d7,3,2026-05-12
0ececf8d,29d6ecdf,6,2026-05-13
0ececf8d,82150c22,4,2026-05-13
0ececf8d,db59a055,49,2026-05-14
0ececf8d,6d4fa9d7,48,2026-05-14
0ececf8d,d6713e95,3,2026-05-15
0ececf8d,15d3e4ea,3,2026-05-15
0ececf8d,d2dcd042,3,2026-05-15
0ececf8d,3afb8f4f,51,2026-05-16
0ececf8d,1d17c965,49,2026-05-16
0ececf8d,3e69a761,34,2026-05-17
0ececf8d,e0326be2,37,2026-05-17
0ececf8d,78cdda4f,51,2026-05-18
0ececf8d,c6250074,51,2026-05-18
0ececf8d,f116d09a,61,2026-05-19
0ececf8d,058f2bb1,62,2026-05-19
0ececf8d,7501203b,61,2026-05-19
0ececf8d,d21d3627,70,2026-05-20
0ececf8d,36bc101a,67,2026-05-20
0ececf8d,f8256ef6,38,2026-05-21
0ececf8d,a644af73,35,2026-05-21
0ececf8d,322a77c9,3,2026-05-22
0ececf8d,bfc2aa97,3,2026-05-22
0ececf8d,6a822b7d,3,2026-05-22
0ececf8d,72c4140c,3,2026-05-23
0ececf8d,610c5cec,3,2026-05-23
0ececf8d,7ec68036,38,2026-05-24
0ececf8d,310a1008,39,2026-05-24
0ececf8d,2ff33bf1,35,2026-05-24
0ececf8d,104ccc2e,36,2026-05-24
0ececf8d,16004b8b,3,2026-05-25
0ececf8d,37878ebe,3,2026-05-25
0ececf8d,47d3c07e,22,2026-05-26
0ececf8d,f2a8a654,100,2026-05-27
0ececf8d,362db14f,100,2026-05-27
0ececf8d,6cde15b7,100,2026-05-27
0ececf8d,6f15e5c3,43,2026-05-28
0ececf8d,642ffff9,46,2026-05-28
0ececf8d,5de80ee4,21,2026-05-29
0ececf8d,2758943d,20,2026-05-29
0ececf8d,cf1737b3,19,2026-05-29
0ececf8d,8cc4ca4c,3,2026-05-30
0ececf8d,c386983d,29,2026-05-31
0ececf8d,7d3d032e,34,2026-05-31
0ececf8d,a5e51207,32,2026-05-31
49a34b4b,1035e027,10,2026-05-01
49a34b4b,465a11fc,11,2026-05-01
49a34b4b,57b98930,9,2026-05-01
49a34b4b,1a5acb8a,26,2026-05-02
49a34b4b,065418a7,24,2026-05-02
49a34b4b,52482efc,3,2026-05-03
49a34b4b,eac10c0e,3,2026-05-03
49a34b4b,46727e56,3,2026-05-03
49a34b4b,2ae30c47,3,2026-05-03
49a34b4b,455dab3c,3,2026-05-04
49a34b4b,80e134f9,3,2026-05-04
49a34b4b,40bd58e9,3,2026-05-04
49a34b4b,1bf50f76,3,2026-05-04
49a34b4b,f4e6d23c,3,2026-05-04
49a34b4b,143fe059,3,2026-05-05
49a34b4b,82465cd6,3,2026-05-05
49a34b4b,f97b42b9,3,2026-05-05
49a34b4b,52a22037,3,2026-05-05
49a34b4b,24089de4,28,2026-05-06
49a34b4b,d059d864,27,2026-05-06
49a34b4b,183aeb68,28,2026-05-06
49a34b4b,c2f3463b,27,2026-05-06
49a34b4b,b70e6740,40,2026-05-07
49a34b4b,d98ee533,42,2026-05-07
49a34b4b,4e0a5cc0,40,2026-05-07
49a34b4b,e0d381e8,42,2026-05-07
49a34b4b,a37abd7a,41,2026-05-07
49a34b4b,5e79ab71,6,2026-05-08
49a34b4b,beb119f5,9,2026-05-08
49a34b4b,7d6a881e,3,2026-05-09
49a34b4b,8f2507ef,3,2026-05-09
49a34b4b,704ad169,3,2026-05-09
49a34b4b,492d4993,4,2026-05-09
49a34b4b,766b44e4,28,2026-05-10
49a34b4b,a4a47964,30,2026-05-10
49a34b4b,9eb43f65,31,2026-05-10
49a34b4b,dbf616d7,29,2026-05-10
49a34b4b,dda8c9ba,33,2026-05-11
49a34b4b,a58d3716,38,2026-05-11
49a34b4b,4d1afbcc,39,2026-05-11
49a34b4b,40b6b65a,36,2026-05-11
49a34b4b,505d77ae,35,2026-05-11
49a34b4b,72e05e14,36,2026-05-11
49a34b4b,d9c7f491,3,2026-05-12
49a34b4b,6866ddf9,3,2026-05-12
49a34b4b,6ea79617,3,2026-05-12
49a34b4b,038b3d0a,3,2026-05-12
49a34b4b,f8d1cc18,3,2026-05-13
49a34b4b,2b4993f1,3,2026-05-13
49a34b4b,c8b36955,3,2026-05-13
49a34b4b,ad1e6e5e,18,2026-05-14
49a34b4b,c941e11b,17,2026-05-14
49a34b4b,442aedc9,18,2026-05-14
49a34b4b,ffcc69fe,16,2026-05-14
49a34b4b,c4961c11,15,2026-05-14
49a34b4b,d4ed918c,18,2026-05-14
49a34b4b,66207228,18,2026-05-14
49a34b4b,6517112e,14,2026-05-15
49a34b4b,9c2c1c99,17,2026-05-15
49a34b4b,f6136467,17,2026-05-15
49a34b4b,e4dc6579,16,2026-05-15
49a34b4b,a121c017,15,2026-05-16
49a34b4b,c1ff7f63,12,2026-05-16
49a34b4b,261bef44,13,2026-05-16
49a34b4b,1b137649,3,2026-05-17
49a34b4b,6ef1ccc6,3,2026-05-17
49a34b4b,67636e7b,3,2026-05-17
49a34b4b,b176dffe,3,2026-05-17
49a34b4b,963c2ceb,3,2026-05-17
49a34b4b,59b2cc77,3,2026-05-18
49a34b4b,64d7704d,3,2026-05-18
49a34b4b,74f98d7b,3,2026-05-18
49a34b4b,519eac07,3,2026-05-18
49a34b4b,8329ca3e,3,2026-05-18
49a34b4b,70302c7e,40,2026-05-19
49a34b4b,84674eca,40,2026-05-19
49a34b4b,3ff37787,42,2026-05-19
49a34b4b,2d989e8d,38,2026-05-19
49a34b4b,ce35cd06,42,2026-05-19
49a34b4b,5ace561a,4,2026-05-20
49a34b4b,7379a898,3,2026-05-20
49a34b4b,a35bc65f,3,2026-05-20
49a34b4b,079897b6,3,2026-05-20
49a34b4b,9c4cbbd4,4,2026-05-20
49a34b4b,06ae162c,3,2026-05-21
49a34b4b,6ba9b425,3,2026-05-21
49a34b4b,6c658950,3,2026-05-21
49a34b4b,b4b022e5,57,2026-05-22
49a34b4b,f170920b,56,2026-05-22
49a34b4b,64aa1def,57,2026-05-22
49a34b4b,7e37226e,55,2026-05-22
49a34b4b,796f0d69,54,2026-05-22
49a34b4b,8e0bfa45,4,2026-05-23
49a34b4b,beae3a2e,3,2026-05-23
49a34b4b,858888ee,3,2026-05-23
49a34b4b,3fbe314f,3,2026-05-23
49a34b4b,69ef691f,4,2026-05-23
49a34b4b,0106ad8d,3,2026-05-23
49a34b4b,61df6055,16,2026-05-24
49a34b4b,66df2337,19,2026-05-24
49a34b4b,3265b093,18,2026-05-24
49a34b4b,1e9c9eda,3,2026-05-25
49a34b4b,6dc1d5ac,3,2026-05-25
49a34b4b,7c3c80c9,3,2026-05-25
49a34b4b,cbaf495a,3,2026-05-25
49a34b4b,6ee7544f,3,2026-05-25
49a34b4b,ad3c4633,13,2026-05-26
49a34b4b,e49614b1,11,2026-05-26
49a34b4b,08aa88c5,13,2026-05-26
49a34b4b,6d1a0b9a,12,2026-05-26
49a34b4b,27359e71,3,2026-05-27
49a34b4b,cb67cc10,3,2026-05-27
49a34b4b,14761714,3,2026-05-27
49a34b4b,14012c2f,3,2026-05-27
49a34b4b,636f9575,3,2026-05-27
49a34b4b,4418a51d,15,2026-05-28
49a34b4b,a6930bfb,15,2026-05-28
49a34b4b,75a7ec50,14,2026-05-28
49a34b4b,d4f86873,31,2026-05-29
49a34b4b,84e1686b,30,2026-05-29
49a34b4b,c5bcb54f,31,2026-05-29
49a34b4b,f7a86b3e,30,2026-05-29
49a34b4b,42895613,3,2026-05-30
49a34b4b,7c4cfe5b,3,2026-05-30
49a34b4b,df184d07,3,2026-05-30
49a34b4b,4103c35b,3,2026-05-30
49a34b4b,84dfce49,37,2026-05-31
49a34b4b,a7149652,37,2026-05-31
49a34b4b,c94f3a18,34,2026-05-31
4039f843,d9365cab,33,2026-05-01
4039f843,e719a65d,36,2026-05-01
4039f843,96553389,48,2026-05-02
4039f843,d9f889f9,48,2026-05-02
4039f843,0f079ac4,65,2026-05-03
4039f843,4cec60fc,63,2026-05-03
4039f843,ccc2e287,71,2026-05-04
4039f843,ffc84a38,71,2026-05-04
4039f843,2131f755,50,2026-05-05
4039f843,66c16363,50,2026-05-05
4039f843,7a348390,13,2026-05-06
4039f843,71d4ce05,12,2026-05-06
4039f843,1849162d,14,2026-05-06
4039f843,289af7f4,3,2026-05-07
4039f843,60c8a58a,3,2026-05-07
4039f843,53a7c7fa,3,2026-05-08
4039f843,fc64ed75,3,2026-05-08
4039f843,44cd5f59,46,2026-05-09
4039f843,5b9b47b0,46,2026-05-09
4039f843,7afc6043,3,2026-05-10
4039f843,29d84969,3,2026-05-10
4039f843,fe6dd1f1,3,2026-05-10
4039f843,5bc2898c,52,2026-05-11
4039f843,60d88c3a,53,2026-05-11
4039f843,9d8e72f2,51,2026-05-11
4039f843,7d417ae5,18,2026-05-12
4039f843,ccff4931,16,2026-05-12
4039f843,0c26bf30,17,2026-05-12
4039f843,b613387a,12,2026-05-12
4039f843,baa32025,16,2026-05-12
4039f843,724d22c3,29,2026-05-13
4039f843,c6fefe71,27,2026-05-13
4039f843,76bb6f60,27,2026-05-13
4039f843,7d4436b3,23,2026-05-14
4039f843,5c9b8845,24,2026-05-14
4039f843,55b2f895,22,2026-05-14
4039f843,23aa5ef6,24,2026-05-14
4039f843,3e1f9f28,6,2026-05-15
4039f843,0d8e5b24,6,2026-05-15
4039f843,a7aeb411,3,2026-05-16
4039f843,fa793fe5,3,2026-05-16
4039f843,3d3ea09f,3,2026-05-16
4039f843,12e7440d,3,2026-05-17
4039f843,aa3573aa,3,2026-05-17
4039f843,47d457ae,3,2026-05-17
4039f843,551d71db,20,2026-05-18
4039f843,282a55ba,19,2026-05-18
4039f843,70c641b7,19,2026-05-18
4039f843,42ed1171,3,2026-05-19
4039f843,c5782974,3,2026-05-19
4039f843,af6f6c3a,27,2026-05-20
4039f843,b7d84102,23,2026-05-20
4039f843,c7e7d50d,23,2026-05-20
4039f843,ed0ff8de,33,2026-05-21
4039f843,9717a5a1,28,2026-05-21
4039f843,c8ac2f50,23,2026-05-22
4039f843,0b89a21c,24,2026-05-22
4039f843,ecdd8a07,3,2026-05-23
4039f843,a293ae2a,3,2026-05-23
4039f843,027dc02f,26,2026-05-24
4039f843,afe6e5ec,26,2026-05-24
4039f843,6c6d7299,26,2026-05-24
4039f843,4b5fe425,3,2026-05-25
4039f843,2fbe4886,3,2026-05-25
4039f843,0cfb7d8e,3,2026-05-25
4039f843,a43a8544,30,2026-05-26
4039f843,fa729e9e,29,2026-05-26
4039f843,027f6c97,62,2026-05-27
4039f843,e16b3a47,58,2026-05-27
4039f843,9e4b5c4d,14,2026-05-28
4039f843,55bfa84b,14,2026-05-28
4039f843,4bd68647,11,2026-05-28
4039f843,80d79d8a,3,2026-05-29
4039f843,785de40c,3,2026-05-29
4039f843,95061b81,3,2026-05-29
4039f843,4402a61c,23,2026-05-30
4039f843,45494d08,24,2026-05-30
4039f843,7e412796,21,2026-05-30
4039f843,f6483cdb,10,2026-05-31
4039f843,0ab6f407,9,2026-05-31
4039f843,9638106e,10,2026-05-31
aaa8d5c1,9882fc3f,3,2026-05-01
aaa8d5c1,c9e81afd,3,2026-05-01
aaa8d5c1,d3cbebed,3,2026-05-01
aaa8d5c1,0f91f6cb,3,2026-05-01
aaa8d5c1,fd80c2fe,3,2026-05-01
aaa8d5c1,e2e49d42,3,2026-05-01
aaa8d5c1,dad8bf9e,3,2026-05-01
aaa8d5c1,b452ea04,3,2026-05-01
aaa8d5c1,4327dd51,3,2026-05-01
aaa8d5c1,606ec8c8,3,2026-05-02
aaa8d5c1,8ebfc80d,3,2026-05-02
aaa8d5c1,05b2ed3b,3,2026-05-02
aaa8d5c1,be7318ca,3,2026-05-02
aaa8d5c1,934be3ea,3,2026-05-02
aaa8d5c1,8a3e0313,3,2026-05-02
aaa8d5c1,7bdb22bd,3,2026-05-02
aaa8d5c1,db48658f,3,2026-05-02
aaa8d5c1,e8acad1e,3,2026-05-02
aaa8d5c1,c0dcdb07,3,2026-05-02
aaa8d5c1,0466bac5,5,2026-05-03
aaa8d5c1,ec08c516,3,2026-05-03
aaa8d5c1,5b2cc3e2,3,2026-05-03
aaa8d5c1,7f5944c4,7,2026-05-03
aaa8d5c1,bb315267,5,2026-05-03
aaa8d5c1,9462ebe6,3,2026-05-03
aaa8d5c1,9b216f80,6,2026-05-03
aaa8d5c1,347b6464,4,2026-05-03
aaa8d5c1,d2536e2c,6,2026-05-03
aaa8d5c1,ee27fb1a,5,2026-05-03
aaa8d5c1,ff516b35,20,2026-05-04
aaa8d5c1,8ed19f24,21,2026-05-04
aaa8d5c1,753bc69b,21,2026-05-04
aaa8d5c1,989d8848,20,2026-05-04
aaa8d5c1,be685b66,20,2026-05-04
aaa8d5c1,39e39ec9,20,2026-05-04
aaa8d5c1,d8c1d83f,20,2026-05-04
aaa8d5c1,222403b0,22,2026-05-04
aaa8d5c1,a4a1f3d2,16,2026-05-05
aaa8d5c1,481c73db,15,2026-05-05
aaa8d5c1,c19f6b6c,16,2026-05-05
aaa8d5c1,0c419b3a,18,2026-05-05
aaa8d5c1,0f396da4,18,2026-05-05
aaa8d5c1,a5361317,17,2026-05-05
aaa8d5c1,3cf208c7,20,2026-05-05
aaa8d5c1,80a18b34,3,2026-05-06
aaa8d5c1,8c62d80a,3,2026-05-06
aaa8d5c1,54dec3c1,3,2026-05-06
aaa8d5c1,0475d215,3,2026-05-06
aaa8d5c1,9a628a87,3,2026-05-06
aaa8d5c1,974f291e,3,2026-05-06
aaa8d5c1,bb69f1bb,3,2026-05-06
aaa8d5c1,5f993d46,28,2026-05-07
aaa8d5c1,e28abcde,29,2026-05-07
aaa8d5c1,08b3d3fe,29,2026-05-07
aaa8d5c1,411e38eb,32,2026-05-07
aaa8d5c1,2ed2dac4,27,2026-05-07
aaa8d5c1,ded958c0,29,2026-05-07
aaa8d5c1,bc02a6df,24,2026-05-08
aaa8d5c1,2c853fab,25,2026-05-08
aaa8d5c1,2c4dff7d,25,2026-05-08
aaa8d5c1,7d934337,23,2026-05-08
aaa8d5c1,b338b07f,25,2026-05-08
aaa8d5c1,73eb7b56,3,2026-05-09
aaa8d5c1,c9c3b6b0,3,2026-05-09
aaa8d5c1,eb73b2f2,4,2026-05-09
aaa8d5c1,c3b3768a,3,2026-05-09
aaa8d5c1,0d8483ea,3,2026-05-09
aaa8d5c1,4e008107,3,2026-05-09
aaa8d5c1,2669499e,3,2026-05-09
aaa8d5c1,593c5b23,3,2026-05-09
aaa8d5c1,63ebd4b0,3,2026-05-10
aaa8d5c1,5cb2c74c,3,2026-05-10
aaa8d5c1,7b50074c,3,2026-05-10
aaa8d5c1,51860c03,3,2026-05-10
aaa8d5c1,c16ae718,3,2026-05-10
aaa8d5c1,4eec1884,3,2026-05-10
aaa8d5c1,771c873d,3,2026-05-10
aaa8d5c1,fed0f0a4,3,2026-05-10
aaa8d5c1,ad242e5d,14,2026-05-11
aaa8d5c1,12fd8dc9,13,2026-05-11
aaa8d5c1,5c7e8e09,13,2026-05-11
aaa8d5c1,5618dbce,13,2026-05-11
aaa8d5c1,7319e3ec,11,2026-05-11
aaa8d5c1,682c5daa,12,2026-05-11
aaa8d5c1,42be07e2,12,2026-05-11
aaa8d5c1,6d0861d6,11,2026-05-11
aaa8d5c1,c8a15df8,11,2026-05-11
aaa8d5c1,462325d8,6,2026-05-12
aaa8d5c1,fab429e5,8,2026-05-12
aaa8d5c1,d3c14c28,3,2026-05-12
aaa8d5c1,3b11bf98,3,2026-05-12
aaa8d5c1,e55bdf9d,3,2026-05-13
aaa8d5c1,ba762bf3,3,2026-05-13
aaa8d5c1,5be7c994,3,2026-05-13
aaa8d5c1,b7065686,3,2026-05-13
aaa8d5c1,d6b1d55c,3,2026-05-13
aaa8d5c1,c9974076,3,2026-05-13
aaa8d5c1,546294fe,3,2026-05-13
aaa8d5c1,19e83de9,3,2026-05-13
aaa8d5c1,65cd7cbc,36,2026-05-14
aaa8d5c1,4a9c16d5,35,2026-05-14
aaa8d5c1,165242dd,36,2026-05-14
aaa8d5c1,7e7a5e83,36,2026-05-14
aaa8d5c1,ed246903,35,2026-05-14
aaa8d5c1,19279f90,3,2026-05-15
aaa8d5c1,78957359,3,2026-05-15
aaa8d5c1,12a0c018,3,2026-05-15
aaa8d5c1,ea097d72,3,2026-05-15
aaa8d5c1,9d65ab4c,3,2026-05-15
aaa8d5c1,a912d56d,7,2026-05-16
aaa8d5c1,51c1706c,6,2026-05-16
aaa8d5c1,792688e4,3,2026-05-16
aaa8d5c1,2c2ff9d4,7,2026-05-16
aaa8d5c1,d14dfde9,7,2026-05-16
aaa8d5c1,ef04def9,4,2026-05-16
aaa8d5c1,79f9b2f5,7,2026-05-16
aaa8d5c1,6c6d15f4,7,2026-05-16
aaa8d5c1,bc5bea1c,5,2026-05-16
aaa8d5c1,acba9c67,3,2026-05-17
aaa8d5c1,e58c676c,3,2026-05-17
aaa8d5c1,79282fcd,3,2026-05-17
aaa8d5c1,1eb95ebd,3,2026-05-17
aaa8d5c1,80fcb31e,3,2026-05-17
aaa8d5c1,b7d5d9da,3,2026-05-17
aaa8d5c1,6debdc34,3,2026-05-17
aaa8d5c1,8c7add13,3,2026-05-17
aaa8d5c1,69e9fcd1,6,2026-05-18
aaa8d5c1,c9c372c6,3,2026-05-18
aaa8d5c1,0609fc03,7,2026-05-18
aaa8d5c1,19042ebc,5,2026-05-18
aaa8d5c1,8820a3c3,3,2026-05-18
aaa8d5c1,9b6844f7,7,2026-05-18
aaa8d5c1,4cf47754,3,2026-05-18
aaa8d5c1,e384d1b8,3,2026-05-18
aaa8d5c1,56648147,6,2026-05-18
aaa8d5c1,5aee5ae2,3,2026-05-19
aaa8d5c1,c35edbfb,3,2026-05-19
aaa8d5c1,3d009276,3,2026-05-19
aaa8d5c1,341190a6,3,2026-05-19
aaa8d5c1,1f81d054,3,2026-05-19
aaa8d5c1,8ff953d9,3,2026-05-19
aaa8d5c1,bafe787b,3,2026-05-19
aaa8d5c1,053bc1f8,4,2026-05-20
aaa8d5c1,0d121269,3,2026-05-20
aaa8d5c1,5b4aeb38,3,2026-05-20
aaa8d5c1,388e89ec,4,2026-05-20
aaa8d5c1,95c87488,5,2026-05-20
aaa8d5c1,fbf2d799,3,2026-05-20
aaa8d5c1,e224fcb3,3,2026-05-20
aaa8d5c1,4c78b053,22,2026-05-21
aaa8d5c1,081434d8,23,2026-05-21
aaa8d5c1,43a803e1,19,2026-05-21
aaa8d5c1,3e95f899,20,2026-05-21
aaa8d5c1,56939f7d,22,2026-05-21
aaa8d5c1,afb51e82,20,2026-05-21
aaa8d5c1,b2ce9000,22,2026-05-21
aaa8d5c1,38b07f23,21,2026-05-21
aaa8d5c1,83259c65,3,2026-05-22
aaa8d5c1,41743ea3,5,2026-05-22
aaa8d5c1,35656dfb,4,2026-05-22
aaa8d5c1,21039593,4,2026-05-22
aaa8d5c1,88c602b0,3,2026-05-22
aaa8d5c1,0adb02b3,4,2026-05-22
aaa8d5c1,be079dcf,3,2026-05-22
aaa8d5c1,a43caa27,4,2026-05-22
aaa8d5c1,78e5f0ce,3,2026-05-22
aaa8d5c1,7771ce26,3,2026-05-23
aaa8d5c1,f588086d,3,2026-05-23
aaa8d5c1,f15bf0bc,3,2026-05-23
aaa8d5c1,9ee91793,3,2026-05-23
aaa8d5c1,0cddc66f,3,2026-05-23
aaa8d5c1,567334a6,3,2026-05-23
aaa8d5c1,45217277,3,2026-05-23
aaa8d5c1,01cb4478,18,2026-05-24
aaa8d5c1,f7b211ec,18,2026-05-24
aaa8d5c1,10e4334e,15,2026-05-24
aaa8d5c1,8498e927,17,2026-05-24
aaa8d5c1,715c6841,9,2026-05-25
aaa8d5c1,146e6d22,6,2026-05-25
aaa8d5c1,37a0c57f,7,2026-05-25
aaa8d5c1,5f4f3d3c,7,2026-05-25
aaa8d5c1,8f218c14,9,2026-05-25
aaa8d5c1,5ae04e9d,8,2026-05-25
aaa8d5c1,f4adebd2,9,2026-05-25
aaa8d5c1,a334a20a,3,2026-05-26
aaa8d5c1,36c3799a,3,2026-05-26
aaa8d5c1,8ed26d10,3,2026-05-26
aaa8d5c1,96a282ff,3,2026-05-26
aaa8d5c1,018f310e,3,2026-05-26
aaa8d5c1,273aa785,3,2026-05-26
aaa8d5c1,b509a02e,3,2026-05-26
aaa8d5c1,80f6655c,18,2026-05-27
aaa8d5c1,c0a5e15c,16,2026-05-27
aaa8d5c1,89b2764c,18,2026-05-27
aaa8d5c1,5531f5ae,18,2026-05-27
aaa8d5c1,c38bf993,17,2026-05-27
aaa8d5c1,38bbb116,16,2026-05-27
aaa8d5c1,7369263a,15,2026-05-27
aaa8d5c1,ffed466d,18,2026-05-27
aaa8d5c1,72c0d40d,15,2026-05-27
aaa8d5c1,6f7e4431,11,2026-05-28
aaa8d5c1,c13c90ea,12,2026-05-28
aaa8d5c1,f0ff6aa6,9,2026-05-28
aaa8d5c1,31b5f3b6,8,2026-05-28
aaa8d5c1,e0838c8b,10,2026-05-28
aaa8d5c1,4f51c921,8,2026-05-28
aaa8d5c1,b32b461e,10,2026-05-28
aaa8d5c1,af672e67,10,2026-05-28
aaa8d5c1,021a1f09,16,2026-05-29
aaa8d5c1,2eb0ab5a,15,2026-05-29
aaa8d5c1,bf03b675,16,2026-05-29
aaa8d5c1,9d93d06f,14,2026-05-29
aaa8d5c1,b0946309,18,2026-05-29
aaa8d5c1,ab8b22e7,17,2026-05-29
aaa8d5c1,17904eed,17,2026-05-29
aaa8d5c1,2d93e62a,12,2026-05-29
aaa8d5c1,0ed667d6,14,2026-05-29
aaa8d5c1,a23b8164,15,2026-05-29
aaa8d5c1,e3f5db89,3,2026-05-30
aaa8d5c1,aae69a76,3,2026-05-30
aaa8d5c1,40eab004,3,2026-05-30
aaa8d5c1,901a5b33,3,2026-05-30
aaa8d5c1,e91bda89,3,2026-05-30
aaa8d5c1,cbfb0f34,3,2026-05-30
aaa8d5c1,1e28b7c9,3,2026-05-30
aaa8d5c1,d1e4d8fe,3,2026-05-30
aaa8d5c1,875cc987,25,2026-05-31
aaa8d5c1,f065fb1f,26,2026-05-31
aaa8d5c1,4aecc012,27,2026-05-31
aaa8d5c1,ffc20566,24,2026-05-31
aaa8d5c1,1569d468,24,2026-05-31
aaa8d5c1,2749d741,27,2026-05-31
aaa8d5c1,4cd083f7,23,2026-05-31
f75b8a41,57b254eb,40,2026-05-01
f75b8a41,977523a4,65,2026-05-02
f75b8a41,aaa10b8f,68,2026-05-02
f75b8a41,5bbf311e,12,2026-05-03
f75b8a41,9f36c9ee,38,2026-05-04
f75b8a41,6f2418c6,40,2026-05-04
f75b8a41,74ada570,28,2026-05-05
f75b8a41,3603b58e,30,2026-05-05
f75b8a41,68678142,45,2026-05-06
f75b8a41,663180cc,46,2026-05-06
f75b8a41,a04d8caf,47,2026-05-06
f75b8a41,12106cdc,47,2026-05-07
f75b8a41,6023038c,48,2026-05-07
f75b8a41,3bd16ee1,18,2026-05-08
f75b8a41,c02615ee,20,2026-05-08
f75b8a41,f537762d,18,2026-05-08
f75b8a41,00dda41b,17,2026-05-08
f75b8a41,c109308c,5,2026-05-09
f75b8a41,2573794f,5,2026-05-09
f75b8a41,5f639a63,6,2026-05-09
f75b8a41,f4ff7348,35,2026-05-10
f75b8a41,a80ae8ce,37,2026-05-10
f75b8a41,3f3c15ed,35,2026-05-10
f75b8a41,6637ecbe,34,2026-05-10
f75b8a41,2aacc44c,22,2026-05-11
f75b8a41,ed7b0ece,73,2026-05-12
f75b8a41,1911cf8a,74,2026-05-12
f75b8a41,37683df9,72,2026-05-12
f75b8a41,7cb3326f,3,2026-05-13
f75b8a41,1eac6b82,25,2026-05-14
f75b8a41,56d60514,25,2026-05-14
f75b8a41,4eb02ad1,23,2026-05-14
f75b8a41,c51f8f4d,3,2026-05-15
f75b8a41,3684bfdf,3,2026-05-15
f75b8a41,37949d2f,3,2026-05-15
f75b8a41,8d172139,3,2026-05-16
f75b8a41,6dff522d,3,2026-05-16
f75b8a41,8c9016b2,54,2026-05-17
f75b8a41,99090b5c,52,2026-05-17
f75b8a41,7824316a,50,2026-05-17
f75b8a41,190ec125,41,2026-05-18
f75b8a41,3f3851c2,42,2026-05-18
f75b8a41,f0d3ef6e,12,2026-05-19
f75b8a41,45d41e82,14,2026-05-19
f75b8a41,6079ec9a,15,2026-05-19
f75b8a41,d9db7bfb,14,2026-05-19
f75b8a41,508f80d8,18,2026-05-20
f75b8a41,5b333b6b,16,2026-05-20
f75b8a41,ba278528,6,2026-05-21
f75b8a41,063d08ac,5,2026-05-21
f75b8a41,57c719a9,8,2026-05-21
f75b8a41,a022970f,28,2026-05-22
f75b8a41,907f8de0,27,2026-05-22
f75b8a41,e023a3c2,24,2026-05-23
f75b8a41,e72c0521,25,2026-05-23
f75b8a41,5b92be93,26,2026-05-23
f75b8a41,077ffc6f,24,2026-05-24
f75b8a41,acb8745c,25,2026-05-24
f75b8a41,308916f4,24,2026-05-24
f75b8a41,a29fe13f,51,2026-05-25
f75b8a41,0b7d8012,53,2026-05-25
f75b8a41,7e877bd9,52,2026-05-25
f75b8a41,ef3ed801,3,2026-05-26
f75b8a41,97afb19b,3,2026-05-26
f75b8a41,2d39dea7,3,2026-05-26
f75b8a41,5675313f,3,2026-05-27
f75b8a41,1eae46a5,3,2026-05-27
f75b8a41,16b6aec9,62,2026-05-28
f75b8a41,fcc0044b,64,2026-05-28
f75b8a41,480c954c,66,2026-05-28
f75b8a41,4a6ea487,21,2026-05-29
f75b8a41,1367baee,20,2026-05-29
f75b8a41,faeacc40,3,2026-05-30
f75b8a41,e604f734,3,2026-05-30
f75b8a41,aea0d23f,3,2026-05-30
f75b8a41,707bada3,45,2026-05-31
f75b8a41,387da3f6,43,2026-05-31
f75b8a41,81067b61,41,2026-05-31
5c7c8de7,722eb932,3,2026-05-01
5c7c8de7,4c34f335,3,2026-05-01
5c7c8de7,ac3c09f9,3,2026-05-01
5c7c8de7,417e32d5,3,2026-05-01
5c7c8de7,73c269f8,3,2026-05-01
5c7c8de7,2ee37c57,3,2026-05-01
5c7c8de7,741f0ced,3,2026-05-01
5c7c8de7,2c6fa8f3,3,2026-05-01
5c7c8de7,1ef406c3,3,2026-05-01
5c7c8de7,e25a44f4,12,2026-05-02
5c7c8de7,9d52b483,7,2026-05-02
5c7c8de7,2629a350,9,2026-05-02
5c7c8de7,cffb71a1,8,2026-05-02
5c7c8de7,72a2d80d,10,2026-05-02
5c7c8de7,6feb6e77,8,2026-05-02
5c7c8de7,b1060947,13,2026-05-03
5c7c8de7,a138243e,14,2026-05-03
5c7c8de7,33102951,12,2026-05-03
5c7c8de7,49a2eb93,12,2026-05-03
5c7c8de7,e24bb032,12,2026-05-03
5c7c8de7,0e8b2f57,12,2026-05-03
5c7c8de7,43a4e303,15,2026-05-03
5c7c8de7,323c807a,13,2026-05-03
5c7c8de7,2a9f17a2,10,2026-05-03
5c7c8de7,04ded05d,14,2026-05-03
5c7c8de7,3903f877,3,2026-05-04
5c7c8de7,fc45a683,3,2026-05-04
5c7c8de7,59f1ebcf,3,2026-05-04
5c7c8de7,9d4a3208,3,2026-05-04
5c7c8de7,cf2d473e,3,2026-05-04
5c7c8de7,bf895241,3,2026-05-05
5c7c8de7,c50e788e,3,2026-05-05
5c7c8de7,41a853bc,3,2026-05-05
5c7c8de7,85890f4b,3,2026-05-05
5c7c8de7,ba0b0b31,3,2026-05-05
5c7c8de7,71e1f087,3,2026-05-05
5c7c8de7,1943590c,3,2026-05-05
5c7c8de7,cabc7afc,3,2026-05-05
5c7c8de7,1bf4c475,3,2026-05-05
5c7c8de7,f3623de2,3,2026-05-06
5c7c8de7,9df56eef,3,2026-05-06
5c7c8de7,1cc7e0e7,3,2026-05-06
5c7c8de7,ebde7ee4,3,2026-05-06
5c7c8de7,21ad1cef,3,2026-05-06
5c7c8de7,98fcc115,3,2026-05-06
5c7c8de7,72f4f619,3,2026-05-06
5c7c8de7,ae507962,18,2026-05-07
5c7c8de7,3c17539c,23,2026-05-07
5c7c8de7,8faa2ca1,23,2026-05-07
5c7c8de7,c753645f,21,2026-05-07
5c7c8de7,b219975a,23,2026-05-07
5c7c8de7,42a94417,13,2026-05-08
5c7c8de7,6af5706d,10,2026-05-08
5c7c8de7,21cfe97a,11,2026-05-08
5c7c8de7,dc54a333,12,2026-05-08
5c7c8de7,dc6efe2f,12,2026-05-08
5c7c8de7,7a83d531,11,2026-05-08
5c7c8de7,3b792560,3,2026-05-09
5c7c8de7,a6f56f62,3,2026-05-09
5c7c8de7,12a4c33e,3,2026-05-09
5c7c8de7,bf38e396,3,2026-05-09
5c7c8de7,10753cbc,3,2026-05-09
5c7c8de7,84809bda,3,2026-05-09
5c7c8de7,22313959,3,2026-05-09
5c7c8de7,3b9ca124,3,2026-05-09
5c7c8de7,af5da5fa,3,2026-05-09
5c7c8de7,b57127bd,3,2026-05-09
5c7c8de7,2baa5b77,3,2026-05-09
5c7c8de7,ef16a66c,3,2026-05-10
5c7c8de7,28a94d6e,3,2026-05-10
5c7c8de7,efe00c25,3,2026-05-10
5c7c8de7,0b1adbeb,3,2026-05-10
5c7c8de7,1d06a2fc,3,2026-05-10
5c7c8de7,22971a69,3,2026-05-10
5c7c8de7,73820d08,3,2026-05-10
5c7c8de7,8f0c51aa,3,2026-05-11
5c7c8de7,4a383a3b,3,2026-05-11
5c7c8de7,b9a61f7c,3,2026-05-11
5c7c8de7,0d1a4868,3,2026-05-11
5c7c8de7,ffebc7d5,3,2026-05-11
5c7c8de7,1aa1209d,3,2026-05-11
5c7c8de7,9dd486e9,13,2026-05-12
5c7c8de7,61b9ff28,13,2026-05-12
5c7c8de7,2aba0d55,12,2026-05-12
5c7c8de7,8e2f188b,8,2026-05-12
5c7c8de7,41243311,10,2026-05-12
5c7c8de7,b247150b,3,2026-05-13
5c7c8de7,b9928ff1,3,2026-05-13
5c7c8de7,221583be,3,2026-05-13
5c7c8de7,ce9f9dad,3,2026-05-13
5c7c8de7,a83d46c7,3,2026-05-13
5c7c8de7,eb0dab45,3,2026-05-13
5c7c8de7,fd5ad63d,3,2026-05-13
5c7c8de7,f80d4e22,3,2026-05-13
5c7c8de7,cd9c2de9,3,2026-05-13
5c7c8de7,758e1c9b,3,2026-05-13
5c7c8de7,f49ab354,3,2026-05-14
5c7c8de7,c330958d,3,2026-05-14
5c7c8de7,4bedc75e,3,2026-05-14
5c7c8de7,996ef6ed,3,2026-05-14
5c7c8de7,88be6cea,3,2026-05-14
5c7c8de7,bcbc0bd7,3,2026-05-14
5c7c8de7,aacc275d,3,2026-05-14
5c7c8de7,ac512b13,3,2026-05-14
5c7c8de7,f34f26bc,3,2026-05-14
5c7c8de7,3cfa77a7,30,2026-05-15
5c7c8de7,1426ec96,29,2026-05-15
5c7c8de7,9c6d66d4,29,2026-05-15
5c7c8de7,330b2c05,31,2026-05-15
5c7c8de7,9e2f0419,3,2026-05-16
5c7c8de7,eb715c63,4,2026-05-16
5c7c8de7,23cbf672,3,2026-05-16
5c7c8de7,1c8fa399,3,2026-05-16
5c7c8de7,3e466a91,3,2026-05-16
5c7c8de7,3abc30d2,3,2026-05-16
5c7c8de7,1bf8c70f,3,2026-05-16
5c7c8de7,c8a5f0f9,4,2026-05-16
5c7c8de7,d7d66f51,3,2026-05-17
5c7c8de7,01e38798,3,2026-05-17
5c7c8de7,0fd3bf83,3,2026-05-17
5c7c8de7,1ab9afd5,3,2026-05-17
5c7c8de7,afd39cb8,3,2026-05-17
5c7c8de7,e7910f94,3,2026-05-17
5c7c8de7,96cd28f3,3,2026-05-17
5c7c8de7,5b6960ed,3,2026-05-18
5c7c8de7,dc75139f,3,2026-05-18
5c7c8de7,b824538d,3,2026-05-18
5c7c8de7,a06a6fcd,3,2026-05-18
5c7c8de7,250ea463,3,2026-05-18
5c7c8de7,fbce7816,3,2026-05-18
5c7c8de7,f275a9b0,3,2026-05-18
5c7c8de7,5e59b196,3,2026-05-18
5c7c8de7,51d10063,3,2026-05-18
5c7c8de7,4908ba5c,3,2026-05-19
5c7c8de7,5c4f9294,3,2026-05-19
5c7c8de7,0e6ce83c,3,2026-05-19
5c7c8de7,f111ea9c,3,2026-05-19
5c7c8de7,5344dcac,3,2026-05-19
5c7c8de7,96d70e2e,3,2026-05-20
5c7c8de7,45d2d696,3,2026-05-20
5c7c8de7,d41e4bf7,3,2026-05-20
5c7c8de7,6f5fd515,3,2026-05-20
5c7c8de7,0872d5f5,3,2026-05-20
5c7c8de7,d1f2b2ae,3,2026-05-20
5c7c8de7,190deb75,3,2026-05-20
5c7c8de7,c70d60e6,3,2026-05-20
5c7c8de7,3a4cbed4,22,2026-05-21
5c7c8de7,c3156a7d,22,2026-05-21
5c7c8de7,c59ac5f3,22,2026-05-21
5c7c8de7,db724b16,19,2026-05-21
5c7c8de7,cf4623bd,23,2026-05-21
5c7c8de7,c78b3462,20,2026-05-21
5c7c8de7,e0b9c830,21,2026-05-21
5c7c8de7,dde3b17c,19,2026-05-21
5c7c8de7,f3e1ad08,3,2026-05-22
5c7c8de7,c37fd186,3,2026-05-22
5c7c8de7,9a2a1138,3,2026-05-22
5c7c8de7,c8976985,3,2026-05-22
5c7c8de7,553b0b65,3,2026-05-22
5c7c8de7,e969e6cd,3,2026-05-22
5c7c8de7,0eb72d51,19,2026-05-23
5c7c8de7,5f67d314,21,2026-05-23
5c7c8de7,f2f33c67,20,2026-05-23
5c7c8de7,df55d8ba,18,2026-05-23
5c7c8de7,af33ad28,20,2026-05-23
5c7c8de7,013472e8,19,2026-05-23
5c7c8de7,c24262a2,4,2026-05-24
5c7c8de7,c00cb634,7,2026-05-24
5c7c8de7,a0522137,6,2026-05-24
5c7c8de7,65cbde23,7,2026-05-24
5c7c8de7,7a553c97,5,2026-05-24
5c7c8de7,237332f6,9,2026-05-24
5c7c8de7,fd4be8f0,6,2026-05-24
5c7c8de7,3b750667,9,2026-05-24
5c7c8de7,948a639a,3,2026-05-25
5c7c8de7,f287e692,3,2026-05-25
5c7c8de7,dbd20564,3,2026-05-25
5c7c8de7,d296f72b,3,2026-05-25
5c7c8de7,dd42d917,3,2026-05-25
5c7c8de7,e26e1f18,3,2026-05-25
5c7c8de7,d6155674,3,2026-05-25
5c7c8de7,42a632d1,3,2026-05-25
5c7c8de7,84b8d089,3,2026-05-26
5c7c8de7,57d1e217,3,2026-05-26
5c7c8de7,126d6ada,3,2026-05-26
5c7c8de7,59f898bb,3,2026-05-26
5c7c8de7,42f98e34,3,2026-05-26
5c7c8de7,f6bacce5,3,2026-05-26
5c7c8de7,08798e66,3,2026-05-26
5c7c8de7,afeced83,3,2026-05-26
5c7c8de7,daeffae0,14,2026-05-27
5c7c8de7,5d651d0f,12,2026-05-27
5c7c8de7,c589594a,14,2026-05-27
5c7c8de7,76b4009e,15,2026-05-27
5c7c8de7,ef6f9e83,15,2026-05-27
5c7c8de7,5f1f5a11,15,2026-05-27
5c7c8de7,a3baef73,7,2026-05-28
5c7c8de7,8dc6d85b,9,2026-05-28
5c7c8de7,a5dddf2a,7,2026-05-28
5c7c8de7,803cfb03,12,2026-05-28
5c7c8de7,d61a6096,10,2026-05-28
5c7c8de7,3d0e799f,10,2026-05-28
5c7c8de7,de47b80c,8,2026-05-28
5c7c8de7,ab657fa6,3,2026-05-29
5c7c8de7,702634cc,3,2026-05-29
5c7c8de7,63d47cc2,3,2026-05-29
5c7c8de7,25b63ac1,3,2026-05-29
5c7c8de7,cd3c31d2,3,2026-05-29
5c7c8de7,aa07860b,3,2026-05-29
5c7c8de7,28484b32,3,2026-05-29
5c7c8de7,65e301a1,3,2026-05-29
5c7c8de7,2310997f,12,2026-05-30
5c7c8de7,c5b45e48,10,2026-05-30
5c7c8de7,2bfca81d,14,2026-05-30
5c7c8de7,cb2b23c7,12,2026-05-30
5c7c8de7,8e4e0b7f,12,2026-05-30
5c7c8de7,931440c7,14,2026-05-30
5c7c8de7,ca8147c3,14,2026-05-30
5c7c8de7,5f5b4f19,12,2026-05-30
5c7c8de7,81ae8502,5,2026-05-31
5c7c8de7,2f9c4507,3,2026-05-31
5c7c8de7,cf6fee3d,5,2026-05-31
5c7c8de7,80448fd1,4,2026-05-31
5c7c8de7,8c03b6b0,4,2026-05-31
5c7c8de7,eb111e19,3,2026-05-31
5c7c8de7,05399ba3,6,2026-05-31
5c7c8de7,acc42c23,3,2026-05-31
3c3694eb,212108e4,43,2026-05-01
3c3694eb,bd4fa544,40,2026-05-01
3c3694eb,fe5d3d7e,42,2026-05-01
3c3694eb,a61f47d7,41,2026-05-01
3c3694eb,610b42cc,43,2026-05-01
3c3694eb,f48d8f42,9,2026-05-02
3c3694eb,0556f0f1,11,2026-05-02
3c3694eb,bbd41377,10,2026-05-02
3c3694eb,2d1480d3,9,2026-05-02
3c3694eb,6a9b24c4,13,2026-05-02
3c3694eb,b8427b57,14,2026-05-02
3c3694eb,7438d2a8,3,2026-05-03
3c3694eb,049c0086,3,2026-05-03
3c3694eb,2adcedbd,3,2026-05-03
3c3694eb,345d9517,3,2026-05-03
3c3694eb,d29a73b1,3,2026-05-03
3c3694eb,3c0fcf9d,29,2026-05-04
3c3694eb,6cc18681,29,2026-05-04
3c3694eb,ad880e18,30,2026-05-04
3c3694eb,cceda9ff,26,2026-05-04
3c3694eb,d7867e9e,28,2026-05-04
3c3694eb,bdca7e43,28,2026-05-04
3c3694eb,fa1c0a77,25,2026-05-05
3c3694eb,53c7d56e,24,2026-05-05
3c3694eb,bc60d163,26,2026-05-05
3c3694eb,7a13eb2c,26,2026-05-05
3c3694eb,a6d1f6de,3,2026-05-06
3c3694eb,b54e90de,3,2026-05-06
3c3694eb,f9fd2f25,3,2026-05-06
3c3694eb,f420d181,3,2026-05-07
3c3694eb,ea8d3ceb,3,2026-05-07
3c3694eb,be38a738,3,2026-05-07
3c3694eb,32997c3a,3,2026-05-07
3c3694eb,8171ff22,3,2026-05-07
3c3694eb,354fed47,26,2026-05-08
3c3694eb,cd904ff6,28,2026-05-08
3c3694eb,e47190fd,24,2026-05-08
3c3694eb,02572614,23,2026-05-08
3c3694eb,04add291,26,2026-05-08
3c3694eb,bdadb8b8,24,2026-05-08
3c3694eb,a6d60242,32,2026-05-09
3c3694eb,5813ebdb,35,2026-05-09
3c3694eb,50bae7a1,33,2026-05-09
3c3694eb,b717b6bd,3,2026-05-10
3c3694eb,ee54d08b,3,2026-05-10
3c3694eb,bd7bec39,3,2026-05-10
3c3694eb,7d5c4653,3,2026-05-10
3c3694eb,eba6bc35,3,2026-05-10
3c3694eb,6a1e5258,3,2026-05-11
3c3694eb,1001be30,3,2026-05-11
3c3694eb,b10698bb,3,2026-05-11
3c3694eb,8409d582,3,2026-05-11
3c3694eb,61326a2f,15,2026-05-12
3c3694eb,79186e7b,12,2026-05-12
3c3694eb,66d6241a,14,2026-05-12
3c3694eb,521e825b,14,2026-05-12
3c3694eb,07b5f7aa,3,2026-05-13
3c3694eb,58a86cad,3,2026-05-13
3c3694eb,48c606bf,3,2026-05-13
3c3694eb,cb87f193,3,2026-05-13
3c3694eb,31cea06f,3,2026-05-14
3c3694eb,a4d9c142,3,2026-05-14
3c3694eb,ccc4a196,3,2026-05-14
3c3694eb,a7570666,3,2026-05-14
3c3694eb,12f959cb,3,2026-05-14
3c3694eb,2b64732d,3,2026-05-14
3c3694eb,4e478343,3,2026-05-14
3c3694eb,71afca8b,3,2026-05-14
3c3694eb,96c59bc7,3,2026-05-14
3c3694eb,017d7de0,4,2026-05-15
3c3694eb,dc81a326,3,2026-05-15
3c3694eb,4398bdf4,3,2026-05-15
3c3694eb,58749621,3,2026-05-15
3c3694eb,df92a2c7,3,2026-05-16
3c3694eb,0fcc3aee,3,2026-05-16
3c3694eb,9ec283fd,3,2026-05-16
3c3694eb,0931415e,3,2026-05-16
3c3694eb,778c9a9c,3,2026-05-16
3c3694eb,b86674eb,3,2026-05-16
3c3694eb,c6ee50f4,3,2026-05-17
3c3694eb,ff8af891,3,2026-05-17
3c3694eb,da78b745,3,2026-05-17
3c3694eb,6d0c9287,3,2026-05-17
3c3694eb,94c6a3b9,15,2026-05-18
3c3694eb,b1faddc7,13,2026-05-18
3c3694eb,157120f5,13,2026-05-18
3c3694eb,b7851ca4,10,2026-05-18
3c3694eb,21f7f50c,12,2026-05-18
3c3694eb,321c49a2,14,2026-05-18
3c3694eb,1acbbaa4,34,2026-05-19
3c3694eb,afdfb802,33,2026-05-19
3c3694eb,f6612cbf,3,2026-05-20
3c3694eb,5a0c3729,3,2026-05-20
3c3694eb,3152b389,3,2026-05-20
3c3694eb,bb2e79d9,3,2026-05-20
3c3694eb,922d3706,3,2026-05-21
3c3694eb,f774d20a,3,2026-05-21
3c3694eb,9e6ad2a7,3,2026-05-21
3c3694eb,64bcce6e,3,2026-05-21
3c3694eb,e192ce63,24,2026-05-22
3c3694eb,98d12568,23,2026-05-22
3c3694eb,c13bd799,21,2026-05-22
3c3694eb,94614938,24,2026-05-22
3c3694eb,0afdde05,23,2026-05-22
3c3694eb,c246f616,22,2026-05-22
3c3694eb,4c52c204,3,2026-05-23
3c3694eb,41cfb474,3,2026-05-23
3c3694eb,4ee8a635,3,2026-05-23
3c3694eb,67236d74,3,2026-05-23
3c3694eb,e0587175,3,2026-05-23
3c3694eb,346101c0,3,2026-05-23
3c3694eb,cb92109e,5,2026-05-24
3c3694eb,635c2e65,3,2026-05-24
3c3694eb,e5787690,3,2026-05-24
3c3694eb,4f3a6ee6,6,2026-05-24
3c3694eb,12743343,3,2026-05-24
3c3694eb,0ec00080,16,2026-05-25
3c3694eb,2d0dbf62,14,2026-05-25
3c3694eb,4f03155d,14,2026-05-25
3c3694eb,b93b5ef8,17,2026-05-25
3c3694eb,1067c0c0,16,2026-05-25
3c3694eb,ebbddfae,3,2026-05-26
3c3694eb,424adb0b,3,2026-05-26
3c3694eb,00b1ad30,3,2026-05-26
3c3694eb,8a6405ec,3,2026-05-26
3c3694eb,8af4ab7d,3,2026-05-26
3c3694eb,35f7a84b,3,2026-05-26
3c3694eb,08671fb5,3,2026-05-26
3c3694eb,f1869bed,3,2026-05-27
3c3694eb,73dde08d,3,2026-05-27
3c3694eb,8a666981,3,2026-05-27
3c3694eb,abf5f159,3,2026-05-27
3c3694eb,a29d9f08,3,2026-05-28
3c3694eb,c645fc88,3,2026-05-28
3c3694eb,09a54181,3,2026-05-28
3c3694eb,774c7812,3,2026-05-28
3c3694eb,da107672,3,2026-05-28
3c3694eb,4bcba74f,3,2026-05-29
3c3694eb,e1e64ad7,4,2026-05-29
3c3694eb,539ba4be,3,2026-05-29
3c3694eb,70edcc65,3,2026-05-29
3c3694eb,8af924f7,12,2026-05-30
3c3694eb,9231e3b1,15,2026-05-30
3c3694eb,ed1b9691,12,2026-05-30
3c3694eb,85067839,3,2026-05-31
3c3694eb,8810b5df,3,2026-05-31
3c3694eb,67bc0d89,3,2026-05-31
ad4c84c0,6693646a,9,2026-05-01
ad4c84c0,ba67ae52,10,2026-05-01
ad4c84c0,1a16f260,10,2026-05-01
ad4c84c0,8c4f37ea,7,2026-05-01
ad4c84c0,af116cfc,8,2026-05-01
ad4c84c0,52ab3950,8,2026-05-01
ad4c84c0,56c9f9c6,9,2026-05-01
ad4c84c0,74c6f1ca,8,2026-05-01
ad4c84c0,4a54d10c,11,2026-05-02
ad4c84c0,1f73a062,6,2026-05-02
ad4c84c0,a8c54298,9,2026-05-02
ad4c84c0,cf608fe3,9,2026-05-02
ad4c84c0,8032e356,10,2026-05-02
ad4c84c0,cd5fe97d,9,2026-05-02
ad4c84c0,0fd5f7e8,6,2026-05-02
ad4c84c0,5c1d74a7,9,2026-05-02
ad4c84c0,d3a86485,9,2026-05-02
ad4c84c0,ac8b682c,3,2026-05-03
ad4c84c0,358ce717,3,2026-05-03
ad4c84c0,8baf2682,3,2026-05-03
ad4c84c0,bfc2d6e8,3,2026-05-03
ad4c84c0,fff6a57a,3,2026-05-03
ad4c84c0,25fa5e5e,3,2026-05-03
ad4c84c0,fde390e3,3,2026-05-04
ad4c84c0,4a6a1067,4,2026-05-04
ad4c84c0,d879b17b,3,2026-05-04
ad4c84c0,56cebb66,3,2026-05-04
ad4c84c0,9796d3e4,3,2026-05-04
ad4c84c0,59ab6710,3,2026-05-04
ad4c84c0,56724cc2,7,2026-05-04
ad4c84c0,ddc7ea66,3,2026-05-05
ad4c84c0,5cc037d3,3,2026-05-05
ad4c84c0,ccd8ea24,3,2026-05-05
ad4c84c0,77a84208,3,2026-05-05
ad4c84c0,5ac20eaa,3,2026-05-05
ad4c84c0,88d46cff,3,2026-05-05
ad4c84c0,6049ea70,3,2026-05-05
ad4c84c0,f22cc363,3,2026-05-05
ad4c84c0,4c0de5f2,3,2026-05-06
ad4c84c0,5d9c8567,3,2026-05-06
ad4c84c0,55a8ac41,3,2026-05-06
ad4c84c0,d49b5239,3,2026-05-06
ad4c84c0,d288b249,3,2026-05-06
ad4c84c0,e2f5f412,3,2026-05-06
ad4c84c0,5bd647a6,3,2026-05-06
ad4c84c0,de63fb2e,3,2026-05-06
ad4c84c0,7789b593,14,2026-05-07
ad4c84c0,b9db4ba3,16,2026-05-07
ad4c84c0,ab8dcdbb,16,2026-05-07
ad4c84c0,32327c84,17,2026-05-07
ad4c84c0,c2a0744d,14,2026-05-07
ad4c84c0,0acbfe3d,17,2026-05-07
ad4c84c0,432c2db0,17,2026-05-07
ad4c84c0,9a0298d5,17,2026-05-07
ad4c84c0,77e6a77f,12,2026-05-07
ad4c84c0,5c1c0767,19,2026-05-08
ad4c84c0,7248663b,20,2026-05-08
ad4c84c0,7a849a1c,20,2026-05-08
ad4c84c0,cc6fa5d6,22,2026-05-08
ad4c84c0,9923f1b5,19,2026-05-08
ad4c84c0,ae3afb22,21,2026-05-08
ad4c84c0,8f8b4c9e,3,2026-05-09
ad4c84c0,f4c539bc,3,2026-05-09
ad4c84c0,cc521a20,3,2026-05-09
ad4c84c0,5e4187cb,3,2026-05-09
ad4c84c0,7da5fd78,3,2026-05-09
ad4c84c0,cece31e6,3,2026-05-09
ad4c84c0,4a345de6,3,2026-05-09
ad4c84c0,06864c81,3,2026-05-09
ad4c84c0,df00ad0b,3,2026-05-09
ad4c84c0,2d8af7fa,15,2026-05-10
ad4c84c0,c81ed134,16,2026-05-10
ad4c84c0,ddab5fe0,14,2026-05-10
ad4c84c0,73d1a3f3,14,2026-05-10
ad4c84c0,443a94c7,15,2026-05-10
ad4c84c0,bfe8513f,14,2026-05-10
ad4c84c0,0b5f6383,19,2026-05-11
ad4c84c0,52857099,22,2026-05-11
ad4c84c0,dfcd2b16,26,2026-05-11
ad4c84c0,766417e5,20,2026-05-11
ad4c84c0,0c2ec1aa,20,2026-05-11
ad4c84c0,82d1758f,20,2026-05-11
ad4c84c0,b3154763,20,2026-05-11
ad4c84c0,6778faa4,8,2026-05-12
ad4c84c0,9ef046ad,9,2026-05-12
ad4c84c0,dab4d0db,9,2026-05-12
ad4c84c0,d8d3172c,10,2026-05-12
ad4c84c0,2afa0e96,6,2026-05-12
ad4c84c0,c973d081,8,2026-05-12
ad4c84c0,75f52797,10,2026-05-12
ad4c84c0,c80e130e,3,2026-05-13
ad4c84c0,5b0e412d,4,2026-05-13
ad4c84c0,08b8ae09,5,2026-05-13
ad4c84c0,c29764b0,5,2026-05-13
ad4c84c0,a0858036,7,2026-05-13
ad4c84c0,95ee0e54,4,2026-05-13
ad4c84c0,4a5b5cea,4,2026-05-13
ad4c84c0,8d84bcf1,4,2026-05-13
ad4c84c0,39fa398e,3,2026-05-14
ad4c84c0,4b0b6538,3,2026-05-14
ad4c84c0,1368797d,3,2026-05-14
ad4c84c0,a87bf7d4,3,2026-05-14
ad4c84c0,ec5e80f3,3,2026-05-14
ad4c84c0,fc969f8d,3,2026-05-15
ad4c84c0,c0fc1f11,3,2026-05-15
ad4c84c0,0822d734,3,2026-05-15
ad4c84c0,d19c2597,3,2026-05-15
ad4c84c0,9bf66f48,3,2026-05-15
ad4c84c0,294a9064,3,2026-05-16
ad4c84c0,125caa29,3,2026-05-16
ad4c84c0,f3082a10,3,2026-05-16
ad4c84c0,4c9f8e65,3,2026-05-16
ad4c84c0,8480f5ef,3,2026-05-16
ad4c84c0,0c1d24e9,3,2026-05-16
ad4c84c0,5fd33489,3,2026-05-16
ad4c84c0,a5dc9eb2,3,2026-05-16
ad4c84c0,c73b8205,3,2026-05-16
ad4c84c0,aaabd83e,3,2026-05-17
ad4c84c0,f72855cb,3,2026-05-17
ad4c84c0,978a1a26,3,2026-05-17
ad4c84c0,715b1038,3,2026-05-17
ad4c84c0,bda9828f,3,2026-05-17
ad4c84c0,8380f036,3,2026-05-17
ad4c84c0,e4fe2e5b,3,2026-05-17
ad4c84c0,643f4011,7,2026-05-18
ad4c84c0,144f8f7b,8,2026-05-18
ad4c84c0,f8190660,7,2026-05-18
ad4c84c0,29b464ff,9,2026-05-18
ad4c84c0,05a6d43e,10,2026-05-18
ad4c84c0,8c836f39,8,2026-05-18
ad4c84c0,596aadbd,8,2026-05-18
ad4c84c0,95134bb9,3,2026-05-19
ad4c84c0,94a81e80,3,2026-05-19
ad4c84c0,ab29d454,3,2026-05-19
ad4c84c0,a792c908,3,2026-05-19
ad4c84c0,5b624130,3,2026-05-19
ad4c84c0,fc1c6fe6,14,2026-05-20
ad4c84c0,f95983c8,13,2026-05-20
ad4c84c0,0a14640f,13,2026-05-20
ad4c84c0,351850ad,15,2026-05-20
ad4c84c0,75744f1d,12,2026-05-20
ad4c84c0,0885977a,14,2026-05-20
ad4c84c0,899a970f,12,2026-05-20
ad4c84c0,1d97d766,27,2026-05-21
ad4c84c0,0087a387,26,2026-05-21
ad4c84c0,af93e16c,29,2026-05-21
ad4c84c0,24a7b31e,29,2026-05-21
ad4c84c0,5253ec56,29,2026-05-21
ad4c84c0,e3c7603e,30,2026-05-21
ad4c84c0,84eeea0a,30,2026-05-21
ad4c84c0,f193793e,30,2026-05-21
ad4c84c0,5515424d,28,2026-05-21
ad4c84c0,ef675179,29,2026-05-21
ad4c84c0,7aadaa80,3,2026-05-22
ad4c84c0,3e547749,3,2026-05-22
ad4c84c0,e8a3aa8b,3,2026-05-22
ad4c84c0,0f9bf183,3,2026-05-22
ad4c84c0,aaa52314,3,2026-05-22
ad4c84c0,1722c7e3,3,2026-05-22
ad4c84c0,b231ff7b,3,2026-05-22
ad4c84c0,da7765bc,3,2026-05-22
ad4c84c0,628745ca,8,2026-05-23
ad4c84c0,ac9b3280,11,2026-05-23
ad4c84c0,71379127,11,2026-05-23
ad4c84c0,4313b44d,9,2026-05-23
ad4c84c0,e886da0d,9,2026-05-23
ad4c84c0,a2134fc9,9,2026-05-23
ad4c84c0,7fdb297e,3,2026-05-24
ad4c84c0,0af4a95a,3,2026-05-24
ad4c84c0,9af596c8,3,2026-05-24
ad4c84c0,e16ad990,3,2026-05-24
ad4c84c0,f06b3598,3,2026-05-24
ad4c84c0,3fd3b3db,3,2026-05-24
ad4c84c0,06ff0a4b,3,2026-05-24
ad4c84c0,af8f6fe4,3,2026-05-24
ad4c84c0,ca8cd946,3,2026-05-25
ad4c84c0,c481dc44,3,2026-05-25
ad4c84c0,a7a7794c,3,2026-05-25
ad4c84c0,d9c00beb,3,2026-05-25
ad4c84c0,d15bf40a,3,2026-05-25
ad4c84c0,4142653f,3,2026-05-25
ad4c84c0,41950c9a,3,2026-05-25
ad4c84c0,9ff41acf,3,2026-05-26
ad4c84c0,a43647b0,3,2026-05-26
ad4c84c0,5c6d83c0,3,2026-05-26
ad4c84c0,23037bcc,3,2026-05-26
ad4c84c0,08cebc85,3,2026-05-26
ad4c84c0,a3c65b3f,3,2026-05-26
ad4c84c0,c4b340ba,21,2026-05-27
ad4c84c0,4ac177e9,18,2026-05-27
ad4c84c0,de41a76d,18,2026-05-27
ad4c84c0,58a54a48,16,2026-05-27
ad4c84c0,f99432ab,16,2026-05-27
ad4c84c0,3fc1a962,19,2026-05-27
ad4c84c0,7d24b6bc,18,2026-05-27
ad4c84c0,14ab7810,17,2026-05-27
ad4c84c0,b65f6bd6,29,2026-05-28
ad4c84c0,273f6f28,29,2026-05-28
ad4c84c0,698ed2f9,30,2026-05-28
ad4c84c0,be8d8a3f,31,2026-05-28
ad4c84c0,e1f9d7ad,26,2026-05-28
ad4c84c0,db80c799,31,2026-05-28
ad4c84c0,d674d86b,26,2026-05-28
ad4c84c0,cd1bcec1,22,2026-05-29
ad4c84c0,e691732b,24,2026-05-29
ad4c84c0,9d417759,25,2026-05-29
ad4c84c0,c6b0ae43,21,2026-05-29
ad4c84c0,860fabbb,20,2026-05-29
ad4c84c0,0f63ed05,23,2026-05-29
ad4c84c0,5420e848,3,2026-05-30
ad4c84c0,ac0c4fa0,3,2026-05-30
ad4c84c0,829c5d12,3,2026-05-30
ad4c84c0,f4627b11,3,2026-05-30
ad4c84c0,5047d79f,3,2026-05-30
ad4c84c0,dfc3b807,3,2026-05-30
ad4c84c0,899d679d,13,2026-05-31
ad4c84c0,3cf85ae8,14,2026-05-31
ad4c84c0,3bc6ccdb,14,2026-05-31
ad4c84c0,6d20c0b0,13,2026-05-31
ad4c84c0,483485da,13,2026-05-31
ad4c84c0,a276f537,11,2026-05-31
ad4c84c0,b6816034,16,2026-05-31
ad4c84c0,af0a3c59,11,2026-05-31
ad4c84c0,0fb326f4,12,2026-05-31
67a55654,21bbf40c,3,2026-05-01
67a55654,ff2c8a27,3,2026-05-01
67a55654,cec0db5d,3,2026-05-01
67a55654,6d365ee0,3,2026-05-01
67a55654,6e378263,4,2026-05-01
67a55654,aa8b684f,3,2026-05-01
67a55654,651c2ab6,3,2026-05-01
67a55654,b00be37e,4,2026-05-01
67a55654,13b61042,3,2026-05-02
67a55654,7ddb5e8e,3,2026-05-02
67a55654,5ee5663f,3,2026-05-02
67a55654,bc5ecc0e,3,2026-05-02
67a55654,d1fa4ee1,3,2026-05-02
67a55654,9ff85bfe,3,2026-05-02
67a55654,95041574,3,2026-05-02
67a55654,9dc56e7c,18,2026-05-03
67a55654,c68e69eb,18,2026-05-03
67a55654,524e2861,19,2026-05-03
67a55654,099980dc,17,2026-05-03
67a55654,c630fc75,20,2026-05-03
67a55654,fb8dcb1e,18,2026-05-03
67a55654,323a8842,16,2026-05-03
67a55654,67853cbc,3,2026-05-04
67a55654,58fceaa5,3,2026-05-04
67a55654,106e5b9e,3,2026-05-04
67a55654,a02bbab2,3,2026-05-04
67a55654,1c6e45bc,3,2026-05-04
67a55654,7c0a5e7a,3,2026-05-04
67a55654,f20317d5,3,2026-05-04
67a55654,2459f60b,6,2026-05-05
67a55654,3fe47761,9,2026-05-05
67a55654,b74756ae,6,2026-05-05
67a55654,33620042,4,2026-05-05
67a55654,d01873cd,6,2026-05-05
67a55654,9a389213,5,2026-05-05
67a55654,48b6672b,7,2026-05-05
67a55654,e91b1879,3,2026-05-06
67a55654,99be2a22,3,2026-05-06
67a55654,8849b3ff,5,2026-05-06
67a55654,3ee2884e,4,2026-05-06
67a55654,761a2a98,5,2026-05-06
67a55654,76eaa1aa,3,2026-05-06
67a55654,dcae0cad,5,2026-05-06
67a55654,34707696,4,2026-05-06
67a55654,8c68500b,5,2026-05-06
67a55654,c8767b54,3,2026-05-07
67a55654,ccb8360a,3,2026-05-07
67a55654,42958bd0,3,2026-05-07
67a55654,3b8f96e4,3,2026-05-07
67a55654,425cf463,3,2026-05-07
67a55654,b6a87571,3,2026-05-07
67a55654,93c779ce,3,2026-05-07
67a55654,cfa2a387,3,2026-05-07
67a55654,7e093826,3,2026-05-07
67a55654,62778dd7,3,2026-05-07
67a55654,89e31cbe,3,2026-05-08
67a55654,cd27da65,3,2026-05-08
67a55654,d41b44f8,3,2026-05-08
67a55654,d5c8f95c,3,2026-05-08
67a55654,d7a1719f,3,2026-05-08
67a55654,151229d2,3,2026-05-08
67a55654,fdd5e86b,3,2026-05-08
67a55654,6113f190,17,2026-05-09
67a55654,62a1e9dd,17,2026-05-09
67a55654,8ff87dc2,17,2026-05-09
67a55654,1a305dc6,14,2026-05-09
67a55654,c9a1c8ea,16,2026-05-09
67a55654,ead096b8,3,2026-05-10
67a55654,a6d5c936,3,2026-05-10
67a55654,8624ec3c,3,2026-05-10
67a55654,ee1eb94c,3,2026-05-10
67a55654,24e91b09,3,2026-05-10
67a55654,7207c4fd,3,2026-05-10
67a55654,da9c963a,3,2026-05-10
67a55654,6f93093b,3,2026-05-11
67a55654,3d962b82,3,2026-05-11
67a55654,a18bb003,3,2026-05-11
67a55654,a5970abd,3,2026-05-11
67a55654,a6a56e27,3,2026-05-11
67a55654,bb8776e0,3,2026-05-11
67a55654,d105215a,3,2026-05-11
67a55654,0a30f9f0,3,2026-05-12
67a55654,96ae19b0,3,2026-05-12
67a55654,49e2b77e,3,2026-05-12
67a55654,d8071b4c,3,2026-05-12
67a55654,12ab896e,3,2026-05-12
67a55654,e3a4b658,3,2026-05-12
67a55654,fe508d3c,3,2026-05-12
67a55654,a0467724,3,2026-05-12
67a55654,ed03ad80,3,2026-05-13
67a55654,c2ce24c9,3,2026-05-13
67a55654,ad329eb1,3,2026-05-13
67a55654,561410ef,3,2026-05-13
67a55654,3972b812,3,2026-05-13
67a55654,12350c10,3,2026-05-13
67a55654,9be2606d,3,2026-05-13
67a55654,71374485,3,2026-05-14
67a55654,ff5030e0,3,2026-05-14
67a55654,5334e4ee,3,2026-05-14
67a55654,1da3e3f3,3,2026-05-14
67a55654,28a9e019,3,2026-05-14
67a55654,b03886da,3,2026-05-14
67a55654,96020129,3,2026-05-14
67a55654,66390148,27,2026-05-15
67a55654,8fafafa2,28,2026-05-15
67a55654,5e006096,28,2026-05-15
67a55654,5347ee72,28,2026-05-15
67a55654,b0684ab0,29,2026-05-15
67a55654,7f509792,26,2026-05-15
67a55654,317fbde9,27,2026-05-15
67a55654,fbfb8378,5,2026-05-16
67a55654,8896a4a4,5,2026-05-16
67a55654,938b50fb,8,2026-05-16
67a55654,934870ea,5,2026-05-16
67a55654,1f4ae566,7,2026-05-16
67a55654,dc3d923c,7,2026-05-16
67a55654,279688b5,9,2026-05-16
67a55654,f93012ee,16,2026-05-17
67a55654,8342767f,16,2026-05-17
67a55654,cd8e0d68,19,2026-05-17
67a55654,30908bb6,17,2026-05-17
67a55654,c3f78a91,16,2026-05-17
67a55654,5e6f2a89,16,2026-05-17
67a55654,7a43aa50,14,2026-05-17
67a55654,a7ba5cc8,16,2026-05-17
67a55654,85d0b0b9,19,2026-05-17
67a55654,082e672a,27,2026-05-18
67a55654,de856a34,31,2026-05-18
67a55654,98854bce,30,2026-05-18
67a55654,31c5e3a8,28,2026-05-18
67a55654,ab032b86,32,2026-05-18
67a55654,6736cba7,26,2026-05-18
67a55654,6159d991,30,2026-05-18
67a55654,c66a4d86,10,2026-05-19
67a55654,612bcd18,9,2026-05-19
67a55654,8739cd03,11,2026-05-19
67a55654,6de733d3,8,2026-05-19
67a55654,9df7ed0c,7,2026-05-19
67a55654,fa83c33e,6,2026-05-19
67a55654,ae06bf6b,8,2026-05-19
67a55654,4db6d7e5,5,2026-05-19
67a55654,9a75519b,10,2026-05-19
67a55654,bff8f172,3,2026-05-20
67a55654,31fadd2f,3,2026-05-20
67a55654,c564730f,3,2026-05-20
67a55654,4a8ef409,3,2026-05-20
67a55654,bd81f288,3,2026-05-20
67a55654,88312874,3,2026-05-20
67a55654,6a4b35d3,3,2026-05-20
67a55654,9c42bda3,3,2026-05-20
67a55654,20950871,3,2026-05-20
67a55654,1392c0f7,13,2026-05-21
67a55654,96677953,14,2026-05-21
67a55654,98e5c4df,14,2026-05-21
67a55654,eec693f8,15,2026-05-21
67a55654,8ad368ef,15,2026-05-21
67a55654,79cc708a,11,2026-05-21
67a55654,516ee191,10,2026-05-22
67a55654,e0bd3966,10,2026-05-22
67a55654,89b644b8,8,2026-05-22
67a55654,f5246a6d,10,2026-05-22
67a55654,22aa6dfb,13,2026-05-22
67a55654,9df47733,11,2026-05-22
67a55654,5a76fd42,11,2026-05-22
67a55654,29862e8c,10,2026-05-22
67a55654,670f386c,11,2026-05-22
67a55654,9eda5fc3,5,2026-05-23
67a55654,0d3ceb78,3,2026-05-23
67a55654,a8fb3596,3,2026-05-23
67a55654,f23752f8,3,2026-05-24
67a55654,f6aefe10,3,2026-05-24
67a55654,ee0946a9,3,2026-05-24
67a55654,def50392,3,2026-05-24
67a55654,07c3c57b,3,2026-05-24
67a55654,d8815856,3,2026-05-24
67a55654,47ba1aa5,3,2026-05-24
67a55654,37fab6ed,3,2026-05-24
67a55654,9aa8b795,3,2026-05-24
67a55654,56a4d77a,3,2026-05-25
67a55654,bf0c6bf7,3,2026-05-25
67a55654,f94cddd2,3,2026-05-25
67a55654,e8fd5dc9,3,2026-05-25
67a55654,c303bd74,3,2026-05-25
67a55654,12ccace3,3,2026-05-25
67a55654,a0831d23,3,2026-05-25
67a55654,ee1b0e2a,3,2026-05-25
67a55654,3d5ec0a0,3,2026-05-25
67a55654,5172297c,3,2026-05-26
67a55654,42fc0958,3,2026-05-26
67a55654,f1b5381f,3,2026-05-26
67a55654,c96aee06,3,2026-05-26
67a55654,ea203e65,4,2026-05-26
67a55654,fcd127e9,3,2026-05-26
67a55654,e9f6fbe3,3,2026-05-26
67a55654,0055ca9a,3,2026-05-26
67a55654,b256b479,3,2026-05-26
67a55654,b41c3c04,3,2026-05-26
67a55654,b472dd90,3,2026-05-26
67a55654,a32664a1,3,2026-05-26
67a55654,e0f9c3ae,17,2026-05-27
67a55654,d04ed8bb,17,2026-05-27
67a55654,094957a4,20,2026-05-27
67a55654,bfda0a43,17,2026-05-27
67a55654,ef509d57,17,2026-05-27
67a55654,a762ce2d,15,2026-05-27
67a55654,9bc32227,14,2026-05-27
67a55654,92bdce40,15,2026-05-27
67a55654,de3dcedc,3,2026-05-28
67a55654,2110760d,3,2026-05-28
67a55654,3042bb10,3,2026-05-28
67a55654,62303d05,3,2026-05-28
67a55654,cf66e081,3,2026-05-28
67a55654,e47b2ef9,3,2026-05-28
67a55654,2b6b8b94,3,2026-05-29
67a55654,3000b93c,3,2026-05-29
67a55654,7e18fb42,3,2026-05-29
67a55654,46daa3e6,3,2026-05-29
67a55654,7eb07d2a,27,2026-05-30
67a55654,7ea1b7bf,27,2026-05-30
67a55654,de6b6571,25,2026-05-30
67a55654,c5082370,25,2026-05-30
67a55654,9e942465,23,2026-05-30
67a55654,16bfee39,25,2026-05-30
67a55654,a4624cb5,24,2026-05-30
67a55654,adee4386,3,2026-05-31
67a55654,81e10098,3,2026-05-31
67a55654,7761c458,3,2026-05-31
67a55654,bc77ce18,3,2026-05-31
67a55654,6d3e3ad1,3,2026-05-31
67a55654,05991c57,3,2026-05-31
67a55654,2e66494a,3,2026-05-31
67a55654,f7466516,3,2026-05-31
a36f1d2e,25d6c3cf,3,2026-05-01
a36f1d2e,c574a9b3,3,2026-05-01
a36f1d2e,ddb696e4,3,2026-05-01
a36f1d2e,fbe3797c,39,2026-05-02
a36f1d2e,7602ef57,39,2026-05-02
a36f1d2e,fbccb9b3,39,2026-05-02
a36f1d2e,f72495ea,15,2026-05-03
a36f1d2e,802d5edc,13,2026-05-03
a36f1d2e,079e1174,3,2026-05-04
a36f1d2e,ea46f6f2,3,2026-05-04
a36f1d2e,26a7c5b9,28,2026-05-05
a36f1d2e,9ad1a19a,27,2026-05-05
a36f1d2e,4368489a,29,2026-05-05
a36f1d2e,aab0608e,14,2026-05-06
a36f1d2e,9eea28d7,14,2026-05-07
a36f1d2e,4fbb8f9b,11,2026-05-07
a36f1d2e,f90ce619,37,2026-05-08
a36f1d2e,578db409,40,2026-05-08
a36f1d2e,5bf91817,3,2026-05-09
a36f1d2e,95b5984e,3,2026-05-09
a36f1d2e,cc91c7be,14,2026-05-10
a36f1d2e,2117aab7,43,2026-05-11
a36f1d2e,3324534e,42,2026-05-11
a36f1d2e,6c0afb35,42,2026-05-11
a36f1d2e,347aa9ec,15,2026-05-12
a36f1d2e,014832e9,16,2026-05-12
a36f1d2e,8e18c5f8,19,2026-05-12
a36f1d2e,f6654143,17,2026-05-12
a36f1d2e,5032f6fb,34,2026-05-13
a36f1d2e,575909da,35,2026-05-13
a36f1d2e,2f7bd832,56,2026-05-14
a36f1d2e,71206856,53,2026-05-14
a36f1d2e,3a22bc89,7,2026-05-15
a36f1d2e,bbd1d324,6,2026-05-15
a36f1d2e,b9be348c,5,2026-05-15
a36f1d2e,8706287a,32,2026-05-16
a36f1d2e,80167282,32,2026-05-16
a36f1d2e,81cd8a5a,32,2026-05-16
a36f1d2e,b9d56dd2,5,2026-05-17
a36f1d2e,4572ee05,5,2026-05-17
a36f1d2e,3fb48c80,64,2026-05-18
a36f1d2e,841c96a5,63,2026-05-18
a36f1d2e,70fb14d0,34,2026-05-19
a36f1d2e,8c354ae0,31,2026-05-19
a36f1d2e,973e0373,3,2026-05-20
a36f1d2e,c1895cc1,3,2026-05-20
a36f1d2e,7e0f0099,3,2026-05-20
a36f1d2e,83c0f6bf,6,2026-05-21
a36f1d2e,497b6d29,3,2026-05-22
a36f1d2e,f7fa0688,3,2026-05-22
a36f1d2e,8052da00,3,2026-05-22
a36f1d2e,36e59bf7,3,2026-05-23
a36f1d2e,fc18d29b,3,2026-05-23
a36f1d2e,3f0a7029,3,2026-05-23
a36f1d2e,a621103a,44,2026-05-24
a36f1d2e,260b27be,42,2026-05-24
a36f1d2e,63d91fda,43,2026-05-24
a36f1d2e,eb451e2f,32,2026-05-25
a36f1d2e,42616d63,35,2026-05-25
a36f1d2e,b0b21ab3,8,2026-05-26
a36f1d2e,4ad6b89e,25,2026-05-27
a36f1d2e,1dc6137f,24,2026-05-27
a36f1d2e,d2d25a2d,41,2026-05-28
a36f1d2e,8307cf22,41,2026-05-28
a36f1d2e,9f013574,25,2026-05-29
a36f1d2e,a4ca36f2,24,2026-05-29
a36f1d2e,e84015a5,26,2026-05-29
a36f1d2e,6e01e7b7,4,2026-05-30
a36f1d2e,ae291437,4,2026-05-30
a36f1d2e,e60109ee,29,2026-05-31
a36f1d2e,761bd14e,28,2026-05-31
a36f1d2e,a0eb7112,29,2026-05-31
ac7335aa,d792db16,7,2026-05-01
ac7335aa,de0de237,7,2026-05-01
ac7335aa,03a1a1fb,6,2026-05-01
ac7335aa,39abcb5a,9,2026-05-01
ac7335aa,67fd2034,7,2026-05-01
ac7335aa,cfb698d3,5,2026-05-01
ac7335aa,7a332bdd,6,2026-05-01
ac7335aa,d62d218b,7,2026-05-01
ac7335aa,895de557,12,2026-05-02
ac7335aa,bf16f724,10,2026-05-02
ac7335aa,5dc0d0de,10,2026-05-02
ac7335aa,1709de4f,12,2026-05-02
ac7335aa,895164cb,9,2026-05-02
ac7335aa,b089e125,7,2026-05-02
ac7335aa,2a2a3214,9,2026-05-02
ac7335aa,b1f26b22,12,2026-05-02
ac7335aa,0b56e5a7,7,2026-05-03
ac7335aa,85d3fff2,5,2026-05-03
ac7335aa,0b70b65d,7,2026-05-03
ac7335aa,bcb42410,5,2026-05-03
ac7335aa,8026b74c,8,2026-05-03
ac7335aa,4ac4068c,6,2026-05-03
ac7335aa,239cd0a5,10,2026-05-03
ac7335aa,396feee5,9,2026-05-03
ac7335aa,24a2ba4a,5,2026-05-03
ac7335aa,ee468e07,6,2026-05-03
ac7335aa,23b07777,5,2026-05-04
ac7335aa,fdea04c5,6,2026-05-04
ac7335aa,360f57d7,6,2026-05-04
ac7335aa,5a0de6dd,4,2026-05-04
ac7335aa,a18a179a,5,2026-05-04
ac7335aa,d515da74,7,2026-05-04
ac7335aa,f4262a5a,5,2026-05-04
ac7335aa,cbdc7069,4,2026-05-04
ac7335aa,17474f27,5,2026-05-04
ac7335aa,02781a02,11,2026-05-05
ac7335aa,1d2d4deb,13,2026-05-05
ac7335aa,c44da1c1,12,2026-05-05
ac7335aa,eae1cfae,10,2026-05-05
ac7335aa,dc6ee7ca,14,2026-05-05
ac7335aa,2ed6aa84,13,2026-05-05
ac7335aa,ef0a71c4,10,2026-05-05
ac7335aa,e2f9413e,17,2026-05-06
ac7335aa,a28ca20e,20,2026-05-06
ac7335aa,8cac281b,19,2026-05-06
ac7335aa,7cbd4063,19,2026-05-06
ac7335aa,be46127b,20,2026-05-06
ac7335aa,bfc77052,18,2026-05-06
ac7335aa,60fc0908,3,2026-05-07
ac7335aa,38a711f5,3,2026-05-07
ac7335aa,da292eee,3,2026-05-07
ac7335aa,8d7f61e9,3,2026-05-07
ac7335aa,90102571,3,2026-05-07
ac7335aa,647998ea,3,2026-05-07
ac7335aa,43d7b959,3,2026-05-07
ac7335aa,d5a90caf,3,2026-05-08
ac7335aa,faf0f54f,3,2026-05-08
ac7335aa,5e57f154,3,2026-05-08
ac7335aa,dbc0a93e,3,2026-05-08
ac7335aa,b25439f1,3,2026-05-08
ac7335aa,a09da91e,3,2026-05-08
ac7335aa,c16589a1,3,2026-05-08
ac7335aa,d33e6062,3,2026-05-09
ac7335aa,a4e26940,3,2026-05-09
ac7335aa,090fd06e,3,2026-05-09
ac7335aa,01ea0bae,3,2026-05-09
ac7335aa,af3639f8,3,2026-05-09
ac7335aa,e4a8d690,3,2026-05-09
ac7335aa,67e40cb0,3,2026-05-09
ac7335aa,8fbff6bc,3,2026-05-09
ac7335aa,21af566f,3,2026-05-10
ac7335aa,7309f369,3,2026-05-10
ac7335aa,d8682edc,3,2026-05-10
ac7335aa,c59d13ba,3,2026-05-10
ac7335aa,881134d2,3,2026-05-10
ac7335aa,6e4e24a6,3,2026-05-10
ac7335aa,acaab668,3,2026-05-10
ac7335aa,1785e69f,3,2026-05-10
ac7335aa,5fbeda02,3,2026-05-11
ac7335aa,e55433f8,3,2026-05-11
ac7335aa,3e1d8df8,3,2026-05-11
ac7335aa,f66bd5ac,3,2026-05-11
ac7335aa,a05e28b8,3,2026-05-11
ac7335aa,613036f1,3,2026-05-11
ac7335aa,42dae160,3,2026-05-11
ac7335aa,11e2331b,3,2026-05-11
ac7335aa,cc1f136f,3,2026-05-11
ac7335aa,43a2dd64,3,2026-05-11
ac7335aa,3d67027e,3,2026-05-12
ac7335aa,caa947b2,3,2026-05-12
ac7335aa,72161530,3,2026-05-12
ac7335aa,b849762d,3,2026-05-12
ac7335aa,93a84c00,3,2026-05-12
ac7335aa,6b219bcf,3,2026-05-12
ac7335aa,58eb30f8,3,2026-05-12
ac7335aa,8d141ad6,3,2026-05-13
ac7335aa,ce05e676,3,2026-05-13
ac7335aa,fc83ac84,3,2026-05-13
ac7335aa,544451ec,3,2026-05-13
ac7335aa,661e13c6,3,2026-05-13
ac7335aa,388a25f4,3,2026-05-13
ac7335aa,64a510b2,3,2026-05-13
ac7335aa,36cf2ef7,3,2026-05-14
ac7335aa,0be79ca6,3,2026-05-14
ac7335aa,91dd83ef,3,2026-05-14
ac7335aa,e6f72d55,3,2026-05-14
ac7335aa,24f934d8,3,2026-05-14
ac7335aa,caea0a5c,3,2026-05-14
ac7335aa,4a3c73fc,3,2026-05-14
ac7335aa,e9ca2753,3,2026-05-14
ac7335aa,ee573088,22,2026-05-15
ac7335aa,4f25edf5,18,2026-05-15
ac7335aa,40f23d2d,20,2026-05-15
ac7335aa,2e21f51f,21,2026-05-15
ac7335aa,f7a9629a,19,2026-05-15
ac7335aa,b263dcab,19,2026-05-15
ac7335aa,7100ed51,20,2026-05-15
ac7335aa,169d1a09,6,2026-05-16
ac7335aa,5954d2e4,8,2026-05-16
ac7335aa,f724b74f,7,2026-05-16
ac7335aa,07d606cf,6,2026-05-16
ac7335aa,5d922cfa,7,2026-05-16
ac7335aa,e2a51cd0,3,2026-05-16
ac7335aa,721b6795,5,2026-05-16
ac7335aa,71ef6455,9,2026-05-16
ac7335aa,97546113,3,2026-05-17
ac7335aa,33db1c96,3,2026-05-17
ac7335aa,aac54506,3,2026-05-17
ac7335aa,94ba8e49,3,2026-05-17
ac7335aa,53e90803,3,2026-05-17
ac7335aa,d4159e11,3,2026-05-17
ac7335aa,a0a8f559,3,2026-05-17
ac7335aa,6cd7f1ad,26,2026-05-18
ac7335aa,7eabdfb5,27,2026-05-18
ac7335aa,0a851ab7,24,2026-05-18
ac7335aa,e1c81544,24,2026-05-18
ac7335aa,d4478a14,23,2026-05-18
ac7335aa,d161c4fa,33,2026-05-19
ac7335aa,a4d6e11e,33,2026-05-19
ac7335aa,83e77c29,33,2026-05-19
ac7335aa,870abfc3,33,2026-05-19
ac7335aa,8c6e7924,32,2026-05-19
ac7335aa,502dda7b,33,2026-05-19
ac7335aa,6f9ce44e,32,2026-05-19
ac7335aa,730705bb,32,2026-05-19
ac7335aa,1f622245,33,2026-05-19
ac7335aa,5a212624,3,2026-05-20
ac7335aa,0d9ee0a5,3,2026-05-20
ac7335aa,5b3caa1e,3,2026-05-20
ac7335aa,558b1924,3,2026-05-20
ac7335aa,4afe556b,3,2026-05-20
ac7335aa,f74f020d,3,2026-05-20
ac7335aa,5924ac6f,3,2026-05-20
ac7335aa,054a89fe,3,2026-05-20
ac7335aa,11f7efce,8,2026-05-21
ac7335aa,c2e89431,7,2026-05-21
ac7335aa,b8f00b26,8,2026-05-21
ac7335aa,2885af9e,8,2026-05-21
ac7335aa,c13b3c8a,6,2026-05-21
ac7335aa,302965f8,8,2026-05-21
ac7335aa,5910c0be,7,2026-05-21
ac7335aa,ebab4d06,10,2026-05-21
ac7335aa,21d421cc,14,2026-05-22
ac7335aa,801a03e2,9,2026-05-22
ac7335aa,112ca4cc,10,2026-05-22
ac7335aa,e4b01fd8,8,2026-05-22
ac7335aa,c110e405,10,2026-05-22
ac7335aa,17e167e8,9,2026-05-22
ac7335aa,ba6ca2b6,10,2026-05-22
ac7335aa,b4385dc6,12,2026-05-22
ac7335aa,738b402c,11,2026-05-22
ac7335aa,1e3b5c9f,12,2026-05-22
ac7335aa,38167623,8,2026-05-23
ac7335aa,80dae5cd,7,2026-05-23
ac7335aa,273ce9c4,8,2026-05-23
ac7335aa,638cf56d,7,2026-05-23
ac7335aa,cb88e9a9,5,2026-05-23
ac7335aa,b95eec27,9,2026-05-23
ac7335aa,b0ab2cc0,5,2026-05-23
ac7335aa,f9d52310,7,2026-05-23
ac7335aa,9d178ba9,9,2026-05-23
ac7335aa,38196fe5,6,2026-05-24
ac7335aa,809f9080,8,2026-05-24
ac7335aa,321553a9,9,2026-05-24
ac7335aa,11163b7f,8,2026-05-24
ac7335aa,f508884c,9,2026-05-24
ac7335aa,9b130542,4,2026-05-24
ac7335aa,71323e13,6,2026-05-24
ac7335aa,dba7efe1,5,2026-05-25
ac7335aa,05030cbc,3,2026-05-25
ac7335aa,fce0d9de,4,2026-05-25
ac7335aa,8bcf78e5,3,2026-05-25
ac7335aa,76a76ce6,3,2026-05-25
ac7335aa,5d528c55,3,2026-05-25
ac7335aa,8962f022,5,2026-05-25
ac7335aa,8e74dbe6,16,2026-05-26
ac7335aa,f5be8411,15,2026-05-26
ac7335aa,0f71111d,13,2026-05-26
ac7335aa,376d2fbc,17,2026-05-26
ac7335aa,abb0e51e,17,2026-05-26
ac7335aa,5395ec6a,14,2026-05-26
ac7335aa,4a68afaa,16,2026-05-26
ac7335aa,7b02a2e6,14,2026-05-26
ac7335aa,14d23fb9,18,2026-05-26
ac7335aa,d31acb4a,17,2026-05-26
ac7335aa,2eb8e2ad,6,2026-05-27
ac7335aa,77781d05,8,2026-05-27
ac7335aa,754e13f8,8,2026-05-27
ac7335aa,5ba7503b,6,2026-05-27
ac7335aa,5e099958,9,2026-05-27
ac7335aa,4a057af9,7,2026-05-27
ac7335aa,00a5c804,5,2026-05-27
ac7335aa,221887fd,7,2026-05-27
ac7335aa,e2ae29e3,6,2026-05-27
ac7335aa,15ee1ef7,3,2026-05-28
ac7335aa,3a29ce43,3,2026-05-28
ac7335aa,80dded3c,3,2026-05-28
ac7335aa,57d482b2,3,2026-05-28
ac7335aa,1e7a1197,3,2026-05-28
ac7335aa,ba91322b,3,2026-05-28
ac7335aa,7fb4b35f,5,2026-05-29
ac7335aa,0dd4387f,5,2026-05-29
ac7335aa,548d10ca,8,2026-05-29
ac7335aa,0166290f,8,2026-05-29
ac7335aa,defb6132,5,2026-05-29
ac7335aa,4a7bc257,3,2026-05-29
ac7335aa,f16dac09,4,2026-05-29
ac7335aa,43e534df,7,2026-05-29
ac7335aa,caa4dffe,3,2026-05-30
ac7335aa,0818d5d1,3,2026-05-30
ac7335aa,0a278306,3,2026-05-30
ac7335aa,e17ddbfa,3,2026-05-30
ac7335aa,24e54b38,3,2026-05-30
ac7335aa,bbc44663,3,2026-05-30
ac7335aa,b3fa3d98,3,2026-05-30
ac7335aa,d4414628,3,2026-05-30
ac7335aa,b0fb40f7,3,2026-05-30
ac7335aa,fb4e742e,3,2026-05-31
ac7335aa,1a1360d6,3,2026-05-31
ac7335aa,085c9efa,3,2026-05-31
ac7335aa,e485581f,3,2026-05-31
ac7335aa,fb2115eb,3,2026-05-31
ac7335aa,0427dbd6,3,2026-05-31
ac7335aa,b232ab2f,3,2026-05-31
ac7335aa,c7fe487a,3,2026-05-31
ac7335aa,08504026,3,2026-05-31
ac7335aa,2535d54f,3,2026-05-31
fe18c2de,e3046c0a,42,2026-05-01
fe18c2de,b1caf6f3,40,2026-05-01
fe18c2de,35497730,18,2026-05-02
fe18c2de,45211a17,3,2026-05-03
fe18c2de,f1a7618d,3,2026-05-03
fe18c2de,0830ea8f,3,2026-05-03
fe18c2de,4be57848,30,2026-05-04
fe18c2de,0f3cc8e3,3,2026-05-05
fe18c2de,299c3c45,5,2026-05-06
fe18c2de,e999fbe6,3,2026-05-07
fe18c2de,9d452bf6,3,2026-05-07
fe18c2de,489f6633,10,2026-05-08
fe18c2de,6f537956,10,2026-05-08
fe18c2de,0dc6260b,12,2026-05-08
fe18c2de,9c94e467,50,2026-05-09
fe18c2de,a13cd568,51,2026-05-09
fe18c2de,b88d7e2f,50,2026-05-09
fe18c2de,ec99584d,30,2026-05-10
fe18c2de,4619c8a8,35,2026-05-10
fe18c2de,09dc3d3b,45,2026-05-11
fe18c2de,f4f86706,43,2026-05-11
fe18c2de,06cb6ea6,42,2026-05-11
fe18c2de,f7efad2d,3,2026-05-12
fe18c2de,51169b5a,3,2026-05-12
fe18c2de,a761f3c1,3,2026-05-12
fe18c2de,1202fda0,3,2026-05-13
fe18c2de,15f2bba8,3,2026-05-13
fe18c2de,2734714f,3,2026-05-13
fe18c2de,2358b7a6,27,2026-05-14
fe18c2de,210ea350,25,2026-05-14
fe18c2de,695fe0cb,26,2026-05-14
fe18c2de,7b4b3cf5,41,2026-05-15
fe18c2de,5765145f,42,2026-05-15
fe18c2de,8575ab35,53,2026-05-16
fe18c2de,52ea3f2f,55,2026-05-16
fe18c2de,908ee123,53,2026-05-16
fe18c2de,185f527b,29,2026-05-17
fe18c2de,0a62b97e,31,2026-05-17
fe18c2de,d229f5e8,31,2026-05-18
fe18c2de,d0ed59a6,57,2026-05-19
fe18c2de,45b4f833,59,2026-05-19
fe18c2de,2af4bfc3,11,2026-05-20
fe18c2de,fa8d873b,10,2026-05-20
fe18c2de,93892012,12,2026-05-20
fe18c2de,9b29b7d9,12,2026-05-20
fe18c2de,84c63570,20,2026-05-21
fe18c2de,9ef86ee3,18,2026-05-21
fe18c2de,f8fd81b6,24,2026-05-21
fe18c2de,63a52421,38,2026-05-22
fe18c2de,c7c17179,40,2026-05-22
fe18c2de,595477ea,38,2026-05-22
fe18c2de,79501e02,14,2026-05-23
fe18c2de,ca7a64c2,16,2026-05-23
fe18c2de,9e5e813b,16,2026-05-23
fe18c2de,eddf2484,37,2026-05-24
fe18c2de,af9d1746,44,2026-05-25
fe18c2de,985e8c90,43,2026-05-25
fe18c2de,a4eb2284,41,2026-05-25
fe18c2de,40487e18,3,2026-05-26
fe18c2de,caa4c88d,3,2026-05-26
fe18c2de,305229c9,3,2026-05-27
fe18c2de,79bf577a,3,2026-05-27
fe18c2de,0502e647,60,2026-05-28
fe18c2de,1d77f2fe,58,2026-05-28
fe18c2de,3db8c9ce,60,2026-05-28
fe18c2de,3e154309,49,2026-05-29
fe18c2de,872a3fd1,49,2026-05-29
fe18c2de,bc7634fc,51,2026-05-29
fe18c2de,a63d50a5,26,2026-05-30
fe18c2de,79470ec1,18,2026-05-30
fe18c2de,d43397d7,23,2026-05-30
fe18c2de,75a27b94,22,2026-05-30
fe18c2de,e57ed0b3,3,2026-05-31
fe18c2de,fedab0fc,3,2026-05-31
4df65939,89a9a4be,5,2026-05-01
4df65939,c4d4ecd2,6,2026-05-01
4df65939,0e640c07,38,2026-05-02
4df65939,e8105078,41,2026-05-02
4df65939,7f4aa600,20,2026-05-03
4df65939,770bfbc7,20,2026-05-03
4df65939,bfa40325,11,2026-05-04
4df65939,b7936d58,8,2026-05-04
4df65939,0074b55f,56,2026-05-05
4df65939,302b46ac,3,2026-05-06
4df65939,cfdedca5,6,2026-05-06
4df65939,9b1ef3c5,48,2026-05-07
4df65939,d0862612,53,2026-05-07
4df65939,b88eee73,7,2026-05-08
4df65939,db43d62a,9,2026-05-08
4df65939,94a95efa,11,2026-05-08
4df65939,4415d251,44,2026-05-09
4df65939,ba8e40fd,60,2026-05-10
4df65939,86176ef4,62,2026-05-10
4df65939,7c3b75ab,59,2026-05-10
4df65939,365f0de2,28,2026-05-11
4df65939,49d939fe,24,2026-05-11
4df65939,a9d09996,41,2026-05-12
4df65939,e8de2338,42,2026-05-12
4df65939,f3db8f16,3,2026-05-13
4df65939,7dc5801e,3,2026-05-13
4df65939,21e7af19,3,2026-05-14
4df65939,00ab6b0b,3,2026-05-14
4df65939,6bff2d29,19,2026-05-15
4df65939,a0733d44,19,2026-05-15
4df65939,d69fed6d,3,2026-05-16
4df65939,3f9ade96,3,2026-05-16
4df65939,ab76c426,73,2026-05-17
4df65939,8cf74005,74,2026-05-17
4df65939,96f94c7d,74,2026-05-17
4df65939,bb5cb906,76,2026-05-17
4df65939,80e0b96f,3,2026-05-18
4df65939,e59fda7c,3,2026-05-18
4df65939,3b75f5ae,3,2026-05-18
4df65939,80c31d95,34,2026-05-19
4df65939,ac4dd9e2,3,2026-05-20
4df65939,20f17181,3,2026-05-20
4df65939,22423620,3,2026-05-20
4df65939,c513a636,3,2026-05-20
4df65939,ff3709f2,28,2026-05-21
4df65939,8e8ab71c,26,2026-05-21
4df65939,19fdd0b0,3,2026-05-22
4df65939,84af6da7,3,2026-05-22
4df65939,b1d2ba78,3,2026-05-22
4df65939,42388e2b,40,2026-05-23
4df65939,02c6f777,39,2026-05-23
4df65939,999a4d99,76,2026-05-24
4df65939,03d55712,77,2026-05-24
4df65939,fedfbcef,19,2026-05-25
4df65939,9330f8e7,18,2026-05-25
4df65939,bde7e586,8,2026-05-26
4df65939,cb9c26b0,22,2026-05-27
4df65939,5fa00395,19,2026-05-27
4df65939,edd7282f,34,2026-05-28
4df65939,3acd47b3,33,2026-05-28
4df65939,c6fad877,42,2026-05-29
4df65939,34fcdde0,43,2026-05-29
4df65939,b56bd277,3,2026-05-30
4df65939,35fe5b2e,3,2026-05-30
4df65939,6562697f,3,2026-05-31
4df65939,88c678b4,3,2026-05-31
4df65939,870ac82a,3,2026-05-31
2006f400,f7a388e9,3,2026-05-01
2006f400,310d4c88,3,2026-05-01
2006f400,681311e9,3,2026-05-01
2006f400,0f18e640,3,2026-05-01
2006f400,52adcebc,3,2026-05-01
2006f400,01efea7c,3,2026-05-01
2006f400,b2627d62,22,2026-05-02
2006f400,f21a4ef0,20,2026-05-02
2006f400,416f5f4d,20,2026-05-02
2006f400,84fa2362,22,2026-05-02
2006f400,9cf1c4eb,22,2026-05-02
2006f400,a9ba64e1,18,2026-05-02
2006f400,990c9ffe,17,2026-05-02
2006f400,4e486d7f,7,2026-05-03
2006f400,2f9a8065,7,2026-05-03
2006f400,47f09b41,3,2026-05-03
2006f400,b5564479,5,2026-05-03
2006f400,4a84760f,6,2026-05-03
2006f400,7d4ea46f,5,2026-05-03
2006f400,30593105,6,2026-05-03
2006f400,2e76e985,3,2026-05-03
2006f400,429bc227,29,2026-05-04
2006f400,bc7c82fd,29,2026-05-04
2006f400,72641f01,27,2026-05-04
2006f400,3c4f0f1e,29,2026-05-04
2006f400,f9b2079d,24,2026-05-04
2006f400,9ef18a2e,30,2026-05-04
2006f400,b369df4f,26,2026-05-04
2006f400,0c5978b2,30,2026-05-04
2006f400,2a4f9ac3,35,2026-05-05
2006f400,8eb4309b,36,2026-05-05
2006f400,095e21ca,37,2026-05-05
2006f400,da48836a,37,2026-05-05
2006f400,262c1dec,37,2026-05-05
2006f400,c6192ce0,34,2026-05-05
2006f400,b0a67ed9,40,2026-05-05
2006f400,ef62bc41,37,2026-05-05
2006f400,24234c39,36,2026-05-05
2006f400,5b3f24ff,20,2026-05-06
2006f400,c77fd7de,22,2026-05-06
2006f400,f3102d62,19,2026-05-06
2006f400,622ffd74,19,2026-05-06
2006f400,8df4ad15,20,2026-05-06
2006f400,4e2fe0c4,22,2026-05-06
2006f400,28928914,13,2026-05-07
2006f400,2b54aebc,13,2026-05-07
2006f400,bec1ccad,14,2026-05-07
2006f400,a0ef3b13,12,2026-05-07
2006f400,86e308f3,13,2026-05-07
2006f400,9cec1d0f,14,2026-05-07
2006f400,7ece233b,12,2026-05-07
2006f400,f804cd93,15,2026-05-07
2006f400,b0b6aec2,15,2026-05-08
2006f400,d0ae24a8,13,2026-05-08
2006f400,4659b772,15,2026-05-08
2006f400,9a6b34dc,13,2026-05-08
2006f400,fa5edc34,10,2026-05-08
2006f400,819d98f9,14,2026-05-08
2006f400,50b60c98,12,2026-05-08
2006f400,d414c2dc,3,2026-05-09
2006f400,a6e3b99a,3,2026-05-09
2006f400,55715c9d,3,2026-05-09
2006f400,b2beeadf,3,2026-05-09
2006f400,fac3c63f,3,2026-05-09
2006f400,25d42087,3,2026-05-09
2006f400,b3356d6d,3,2026-05-09
2006f400,712119e6,3,2026-05-09
2006f400,96c95b37,3,2026-05-09
2006f400,57a789ca,3,2026-05-09
2006f400,1310d6e0,3,2026-05-09
2006f400,529fc64e,6,2026-05-10
2006f400,9a929c14,5,2026-05-10
2006f400,1ce793d9,6,2026-05-10
2006f400,4cfd1ff8,3,2026-05-10
2006f400,0874035e,4,2026-05-10
2006f400,0233591a,9,2026-05-10
2006f400,0213d2c3,3,2026-05-11
2006f400,33dc7285,3,2026-05-11
2006f400,a113293b,3,2026-05-11
2006f400,f604b81f,3,2026-05-11
2006f400,73b32c2d,3,2026-05-11
2006f400,d003b924,3,2026-05-11
2006f400,57de760d,38,2026-05-12
2006f400,0f3baa28,37,2026-05-12
2006f400,11a90a23,38,2026-05-12
2006f400,8ddc84d9,38,2026-05-12
2006f400,97c2593e,39,2026-05-12
2006f400,4556d3ee,38,2026-05-12
2006f400,e2b72c9e,14,2026-05-13
2006f400,052ef06f,15,2026-05-13
2006f400,9f5f1549,16,2026-05-13
2006f400,9f0256fc,16,2026-05-13
2006f400,78ec5f8c,16,2026-05-13
2006f400,15311544,16,2026-05-13
2006f400,9846d215,16,2026-05-13
2006f400,bef574f5,16,2026-05-13
2006f400,009de319,3,2026-05-14
2006f400,369283b5,3,2026-05-14
2006f400,9782c62c,3,2026-05-14
2006f400,2fef1e92,3,2026-05-14
2006f400,315a27fc,3,2026-05-14
2006f400,da91ff2e,3,2026-05-14
2006f400,d2751d6a,3,2026-05-14
2006f400,ba790131,3,2026-05-15
2006f400,a01388a4,3,2026-05-15
2006f400,4bc13812,3,2026-05-15
2006f400,75643856,3,2026-05-15
2006f400,fde706d2,3,2026-05-15
2006f400,36ab43f5,3,2026-05-15
2006f400,147e1fd6,3,2026-05-15
2006f400,b2a0e4aa,3,2026-05-15
2006f400,8f5a6b94,4,2026-05-16
2006f400,41b9737a,3,2026-05-16
2006f400,ffbc52a0,3,2026-05-16
2006f400,a592ffe1,3,2026-05-16
2006f400,daac6514,3,2026-05-16
2006f400,e54c475a,3,2026-05-16
2006f400,ee227db7,3,2026-05-16
2006f400,a413704e,14,2026-05-17
2006f400,1051c64c,14,2026-05-17
2006f400,a7191c83,13,2026-05-17
2006f400,17073934,13,2026-05-17
2006f400,9dcaf434,11,2026-05-17
2006f400,08c03f0a,12,2026-05-17
2006f400,fa05e860,12,2026-05-17
2006f400,53996588,11,2026-05-17
2006f400,09a99c88,3,2026-05-18
2006f400,97b7e6b0,3,2026-05-18
2006f400,51f5918b,3,2026-05-18
2006f400,e915b473,3,2026-05-18
2006f400,0a6b3e28,3,2026-05-18
2006f400,ec4c6290,3,2026-05-18
2006f400,099c30b5,3,2026-05-19
2006f400,26964e9d,3,2026-05-19
2006f400,26eeb70c,3,2026-05-19
2006f400,43eeb0b0,5,2026-05-19
2006f400,c2e60946,3,2026-05-19
2006f400,5bccd94a,4,2026-05-19
2006f400,9c3daa6a,3,2026-05-19
2006f400,be9de2ef,3,2026-05-19
2006f400,f8cdd9e4,17,2026-05-20
2006f400,fe993815,14,2026-05-20
2006f400,4593e4d8,16,2026-05-20
2006f400,9afff613,16,2026-05-20
2006f400,d2b03cdc,18,2026-05-20
2006f400,8800b11d,17,2026-05-20
2006f400,42704d78,14,2026-05-20
2006f400,d17b2171,15,2026-05-20
2006f400,1da43bae,17,2026-05-20
2006f400,4e39ab4f,8,2026-05-21
2006f400,e0462ec5,7,2026-05-21
2006f400,83d8477a,11,2026-05-21
2006f400,26e1f102,8,2026-05-21
2006f400,c8341951,8,2026-05-21
2006f400,541e0a6b,11,2026-05-21
2006f400,a309c1cb,13,2026-05-21
2006f400,7678c006,3,2026-05-22
2006f400,7b1ffe28,3,2026-05-22
2006f400,33aa6980,3,2026-05-22
2006f400,c0ed325a,3,2026-05-22
2006f400,d41cf5a4,3,2026-05-22
2006f400,0e8ae64a,3,2026-05-22
2006f400,42e1d2c9,3,2026-05-22
2006f400,858235ce,3,2026-05-23
2006f400,53afa0bb,4,2026-05-23
2006f400,95adee4e,3,2026-05-23
2006f400,cc79259b,3,2026-05-23
2006f400,aa9ce73c,3,2026-05-23
2006f400,9283e6f8,3,2026-05-23
2006f400,90d4b7ef,7,2026-05-24
2006f400,8d8ddd49,10,2026-05-24
2006f400,ba8e1acb,11,2026-05-24
2006f400,9a3f6ac4,10,2026-05-24
2006f400,1646ace2,10,2026-05-24
2006f400,e4198cfe,9,2026-05-24
2006f400,563b9bf0,9,2026-05-24
2006f400,bd86358b,8,2026-05-24
2006f400,21fdf59a,4,2026-05-25
2006f400,3d38c630,7,2026-05-25
2006f400,0b6e5911,4,2026-05-25
2006f400,3ba0ba5d,5,2026-05-25
2006f400,117b32b3,5,2026-05-25
2006f400,1c440df3,5,2026-05-25
2006f400,adac9e3f,3,2026-05-25
2006f400,98c7ebae,6,2026-05-25
2006f400,7af04d26,7,2026-05-26
2006f400,006a9a88,7,2026-05-26
2006f400,a0500a90,9,2026-05-26
2006f400,447757b7,9,2026-05-26
2006f400,2cdf4a12,10,2026-05-26
2006f400,c4e4e963,10,2026-05-26
2006f400,03a823ac,7,2026-05-27
2006f400,87e147a7,5,2026-05-27
2006f400,211db86b,8,2026-05-27
2006f400,6edd7657,7,2026-05-27
2006f400,a156877f,8,2026-05-27
2006f400,e1e6e466,7,2026-05-27
2006f400,50c7f51c,11,2026-05-28
2006f400,3d692a6b,9,2026-05-28
2006f400,d597eaee,10,2026-05-28
2006f400,4cc9eb88,10,2026-05-28
2006f400,a4c0b1dd,13,2026-05-28
2006f400,99b2d163,8,2026-05-28
2006f400,cd11a425,11,2026-05-28
2006f400,125ee12b,11,2026-05-28
2006f400,504c45a6,9,2026-05-28
2006f400,36f0f1a9,19,2026-05-29
2006f400,2a3f8942,19,2026-05-29
2006f400,e9bcd3f9,17,2026-05-29
2006f400,d3f461f5,19,2026-05-29
2006f400,d3c0ccaa,19,2026-05-29
2006f400,69182761,19,2026-05-29
2006f400,f8672c24,34,2026-05-30
2006f400,7eb8bcc8,34,2026-05-30
2006f400,37c089ca,33,2026-05-30
2006f400,a728a3c0,37,2026-05-30
2006f400,88ce233e,33,2026-05-30
2006f400,4c6b0ba2,21,2026-05-31
2006f400,4dde0c58,21,2026-05-31
2006f400,c3c9f059,23,2026-05-31
2006f400,516ac96c,18,2026-05-31
2006f400,92b78650,21,2026-05-31
2006f400,ec1dbf23,21,2026-05-31
2006f400,a8bdabae,21,2026-05-31
824b7e6b,b0d887a7,3,2026-05-01
824b7e6b,c84d99b3,3,2026-05-01
824b7e6b,21b0625e,3,2026-05-01
824b7e6b,910c5775,3,2026-05-01
824b7e6b,507eb6d2,3,2026-05-01
824b7e6b,2106f95d,3,2026-05-01
824b7e6b,9ea27161,3,2026-05-01
824b7e6b,bcd43dda,3,2026-05-01
824b7e6b,dcc7f657,3,2026-05-01
824b7e6b,b2f359ad,3,2026-05-02
824b7e6b,b18e078d,3,2026-05-02
824b7e6b,07aafdd7,3,2026-05-02
824b7e6b,d4bf91a0,3,2026-05-02
824b7e6b,c3df11e1,3,2026-05-02
824b7e6b,890424ad,3,2026-05-02
824b7e6b,4bd1923f,3,2026-05-02
824b7e6b,04c2593b,3,2026-05-02
824b7e6b,1b1428e8,3,2026-05-02
824b7e6b,a99e511e,35,2026-05-03
824b7e6b,b43598a0,36,2026-05-03
824b7e6b,af8ee257,32,2026-05-03
824b7e6b,f86529cc,37,2026-05-03
824b7e6b,9dc4d477,34,2026-05-03
824b7e6b,a2e7d72d,40,2026-05-03
824b7e6b,2c726d85,34,2026-05-03
824b7e6b,cf0f3cf9,35,2026-05-03
824b7e6b,fb0c4923,3,2026-05-04
824b7e6b,105070dc,3,2026-05-04
824b7e6b,b40debab,3,2026-05-04
824b7e6b,204fa5ae,3,2026-05-04
824b7e6b,70856bed,3,2026-05-04
824b7e6b,ac91e850,3,2026-05-04
824b7e6b,542a6fd2,3,2026-05-04
824b7e6b,45c251b8,3,2026-05-04
824b7e6b,271f8192,7,2026-05-05
824b7e6b,084b3b27,8,2026-05-05
824b7e6b,222fda1e,6,2026-05-05
824b7e6b,d54618fb,5,2026-05-05
824b7e6b,0b304ed5,6,2026-05-05
824b7e6b,2de5b554,7,2026-05-05
824b7e6b,bb4daa22,6,2026-05-05
824b7e6b,22636f5d,5,2026-05-06
824b7e6b,6ca20254,4,2026-05-06
824b7e6b,f2b3666d,3,2026-05-06
824b7e6b,2b4fae68,3,2026-05-06
824b7e6b,ef230b18,4,2026-05-06
824b7e6b,90610f32,3,2026-05-07
824b7e6b,69d7567c,3,2026-05-07
824b7e6b,ce424aa7,3,2026-05-07
824b7e6b,8f66c2e3,3,2026-05-07
824b7e6b,d9a9294d,3,2026-05-07
824b7e6b,e9cac1ee,10,2026-05-08
824b7e6b,090c61ea,10,2026-05-08
824b7e6b,89b20204,9,2026-05-08
824b7e6b,fd9fb79e,11,2026-05-08
824b7e6b,7d27f0cd,7,2026-05-08
824b7e6b,e501de55,12,2026-05-08
824b7e6b,e78f67a8,11,2026-05-09
824b7e6b,d8388d0e,11,2026-05-09
824b7e6b,001863b0,10,2026-05-09
824b7e6b,d9c3fc09,11,2026-05-09
824b7e6b,194cc5f2,11,2026-05-09
824b7e6b,5ac07c24,10,2026-05-09
824b7e6b,480904cc,11,2026-05-09
824b7e6b,06d32fc2,12,2026-05-09
824b7e6b,d5c46b74,10,2026-05-09
824b7e6b,21f4fcf4,3,2026-05-10
824b7e6b,4d5088c8,3,2026-05-10
824b7e6b,c30369ef,3,2026-05-10
824b7e6b,8747b1bc,3,2026-05-10
824b7e6b,19334554,3,2026-05-10
824b7e6b,b66a5581,3,2026-05-10
824b7e6b,afbbeeae,3,2026-05-10
824b7e6b,77f47041,20,2026-05-11
824b7e6b,17edb6f0,16,2026-05-11
824b7e6b,6ba3d179,19,2026-05-11
824b7e6b,9643128c,18,2026-05-11
824b7e6b,59fc79a9,22,2026-05-11
824b7e6b,0a79dc34,19,2026-05-11
824b7e6b,e3b5c7e7,20,2026-05-11
824b7e6b,ac0675a9,19,2026-05-11
824b7e6b,5f14330d,26,2026-05-12
824b7e6b,a61a2e9b,24,2026-05-12
824b7e6b,70cb3d0d,25,2026-05-12
824b7e6b,011f87d8,26,2026-05-12
824b7e6b,474a9b2c,26,2026-05-12
824b7e6b,fc5f21ac,28,2026-05-12
824b7e6b,1321c0ad,25,2026-05-12
824b7e6b,d95a9710,26,2026-05-12
824b7e6b,c3b5b741,25,2026-05-12
824b7e6b,5311f0fb,23,2026-05-12
824b7e6b,9c1354a3,17,2026-05-13
824b7e6b,add24fbf,15,2026-05-13
824b7e6b,9a53ea2e,15,2026-05-13
824b7e6b,daf84a78,19,2026-05-13
824b7e6b,4131f3cc,18,2026-05-13
824b7e6b,f5394b6b,15,2026-05-13
824b7e6b,28ad2e7e,19,2026-05-13
824b7e6b,e0a2e6d7,19,2026-05-14
824b7e6b,550ede51,18,2026-05-14
824b7e6b,13177d9f,20,2026-05-14
824b7e6b,13c8c5a9,17,2026-05-14
824b7e6b,a1083616,19,2026-05-14
824b7e6b,152f776b,17,2026-05-14
824b7e6b,d4293b45,17,2026-05-14
824b7e6b,7cbb2f7e,19,2026-05-14
824b7e6b,370d3fc5,13,2026-05-15
824b7e6b,f4b2c6b7,15,2026-05-15
824b7e6b,68bf152e,13,2026-05-15
824b7e6b,27b3402d,18,2026-05-15
824b7e6b,ddfe482f,11,2026-05-15
824b7e6b,316bf1e4,15,2026-05-15
824b7e6b,f73e782d,14,2026-05-15
824b7e6b,dc6e937e,16,2026-05-15
824b7e6b,82365e30,16,2026-05-16
824b7e6b,9841dda6,16,2026-05-16
824b7e6b,01530a39,17,2026-05-16
824b7e6b,2d6751bb,14,2026-05-16
824b7e6b,548db28c,14,2026-05-16
824b7e6b,588379fc,17,2026-05-16
824b7e6b,9d476df7,13,2026-05-16
824b7e6b,c6724172,17,2026-05-16
824b7e6b,e90422f8,14,2026-05-16
824b7e6b,b220d948,18,2026-05-17
824b7e6b,eff7c216,17,2026-05-17
824b7e6b,054d96c8,19,2026-05-17
824b7e6b,1c5eec32,16,2026-05-17
824b7e6b,5b884a24,16,2026-05-17
824b7e6b,2db7b2f4,17,2026-05-17
824b7e6b,873bc93f,13,2026-05-17
824b7e6b,97886978,15,2026-05-17
824b7e6b,ee326237,3,2026-05-18
824b7e6b,57b5c40a,3,2026-05-18
824b7e6b,0cef1946,3,2026-05-18
824b7e6b,8b9097fa,3,2026-05-18
824b7e6b,a26b6281,3,2026-05-18
824b7e6b,61bbc989,3,2026-05-18
824b7e6b,5024e470,3,2026-05-18
824b7e6b,010b3b66,3,2026-05-18
824b7e6b,f7ad74a7,3,2026-05-18
824b7e6b,7f3cca5d,3,2026-05-19
824b7e6b,ac13fe2c,3,2026-05-19
824b7e6b,d5bbfad4,3,2026-05-19
824b7e6b,148e2d8b,3,2026-05-19
824b7e6b,2fb76794,3,2026-05-19
824b7e6b,16526642,3,2026-05-19
824b7e6b,c3684a84,3,2026-05-19
824b7e6b,bef51360,3,2026-05-19
824b7e6b,73332dfb,3,2026-05-19
824b7e6b,1b04f709,24,2026-05-20
824b7e6b,4fec677d,24,2026-05-20
824b7e6b,de356c91,27,2026-05-20
824b7e6b,6eddb45a,23,2026-05-20
824b7e6b,25069a79,24,2026-05-20
824b7e6b,5ef0c4fa,23,2026-05-20
824b7e6b,4944d1a1,27,2026-05-20
824b7e6b,c443c096,27,2026-05-20
824b7e6b,78ee73b7,7,2026-05-21
824b7e6b,3954b1f8,4,2026-05-21
824b7e6b,98a4a661,4,2026-05-21
824b7e6b,ba855c81,7,2026-05-21
824b7e6b,dee20d89,4,2026-05-21
824b7e6b,f73b71c4,4,2026-05-21
824b7e6b,f363d8af,6,2026-05-21
824b7e6b,b962b21a,4,2026-05-21
824b7e6b,cfd34578,3,2026-05-22
824b7e6b,a9d2b041,3,2026-05-22
824b7e6b,198c1e22,3,2026-05-22
824b7e6b,2092b5fa,3,2026-05-22
824b7e6b,ffb3f622,3,2026-05-22
824b7e6b,010a0178,3,2026-05-22
824b7e6b,d2f21cbe,12,2026-05-23
824b7e6b,27ee8374,13,2026-05-23
824b7e6b,ea81a628,11,2026-05-23
824b7e6b,d573f38a,10,2026-05-23
824b7e6b,35d0b29d,12,2026-05-23
824b7e6b,13cee6d5,12,2026-05-23
824b7e6b,71882535,13,2026-05-23
824b7e6b,04eaab8a,13,2026-05-23
824b7e6b,0f7d2bbf,13,2026-05-23
824b7e6b,0c0ce026,14,2026-05-23
824b7e6b,04f520ba,11,2026-05-24
824b7e6b,de55adba,13,2026-05-24
824b7e6b,ab945007,14,2026-05-24
824b7e6b,0db56f8f,14,2026-05-24
824b7e6b,5196c499,13,2026-05-24
824b7e6b,35c8f733,11,2026-05-24
824b7e6b,0ce34b4a,13,2026-05-24
824b7e6b,270453a4,11,2026-05-24
824b7e6b,c035c3eb,3,2026-05-25
824b7e6b,0e84f1a7,3,2026-05-25
824b7e6b,eaa97cc1,3,2026-05-25
824b7e6b,d68d6fa5,3,2026-05-25
824b7e6b,90edfe6e,3,2026-05-25
824b7e6b,2559000c,3,2026-05-25
824b7e6b,2d9f13f7,3,2026-05-25
824b7e6b,9e90b113,5,2026-05-26
824b7e6b,d9512c2c,7,2026-05-26
824b7e6b,a35b6002,4,2026-05-26
824b7e6b,38575209,4,2026-05-26
824b7e6b,370d3da0,6,2026-05-26
824b7e6b,ed127284,4,2026-05-26
824b7e6b,e82f51e0,8,2026-05-26
824b7e6b,a0f87ad6,3,2026-05-27
824b7e6b,4b7cdea2,3,2026-05-27
824b7e6b,4af90797,3,2026-05-27
824b7e6b,57e01283,3,2026-05-27
824b7e6b,788ee3ab,3,2026-05-27
824b7e6b,81d798c0,3,2026-05-28
824b7e6b,4eaecb76,3,2026-05-28
824b7e6b,00fa158b,3,2026-05-28
824b7e6b,10558fa6,3,2026-05-28
824b7e6b,4948526d,3,2026-05-28
824b7e6b,584ca5ee,3,2026-05-28
824b7e6b,3c91c92d,3,2026-05-28
824b7e6b,551583c4,8,2026-05-29
824b7e6b,a02d329b,7,2026-05-29
824b7e6b,46408d45,6,2026-05-29
824b7e6b,446c2c8a,8,2026-05-29
824b7e6b,7f921a13,9,2026-05-29
824b7e6b,89a294a0,8,2026-05-29
824b7e6b,cebd4a68,3,2026-05-30
824b7e6b,cf28b9a9,3,2026-05-30
824b7e6b,35e1c90c,3,2026-05-30
824b7e6b,12c64809,3,2026-05-30
824b7e6b,aa81a0c0,3,2026-05-30
824b7e6b,67f59b05,11,2026-05-31
824b7e6b,b61145a4,11,2026-05-31
824b7e6b,d40856b3,12,2026-05-31
824b7e6b,de444908,13,2026-05-31
824b7e6b,2b80e2b8,9,2026-05-31
824b7e6b,7f2aef76,10,2026-05-31
824b7e6b,fc33cba4,13,2026-05-31
824b7e6b,bacb8252,13,2026-05-31
824b7e6b,09fba0c5,10,2026-05-31
c2806128,99657ed8,3,2026-05-01
c2806128,3afe0996,3,2026-05-01
c2806128,b7d3008a,3,2026-05-01
c2806128,dd9dc60f,3,2026-05-01
c2806128,8c63e77d,3,2026-05-01
c2806128,71cafbbd,3,2026-05-01
c2806128,7a960928,3,2026-05-01
c2806128,232858cb,17,2026-05-02
c2806128,f67f41f3,17,2026-05-02
c2806128,2db84e24,16,2026-05-02
c2806128,43a199f2,16,2026-05-02
c2806128,b81e59f8,18,2026-05-02
c2806128,5a3e9d39,16,2026-05-02
c2806128,5da98fa7,11,2026-05-02
c2806128,407b7e5a,15,2026-05-03
c2806128,98109a90,13,2026-05-03
c2806128,ee1a54cf,16,2026-05-03
c2806128,2cc6fb89,15,2026-05-03
c2806128,6af54148,15,2026-05-03
c2806128,0e879a24,16,2026-05-03
c2806128,5529a122,14,2026-05-03
c2806128,a26030ca,16,2026-05-03
c2806128,13da292f,13,2026-05-03
c2806128,3ef6c19b,15,2026-05-03
c2806128,a8183555,17,2026-05-03
c2806128,882e11f2,3,2026-05-04
c2806128,af1c7842,3,2026-05-04
c2806128,94f0f86a,3,2026-05-04
c2806128,dd340442,3,2026-05-04
c2806128,4bc3b41d,3,2026-05-04
c2806128,58294d51,3,2026-05-04
c2806128,baa7ba55,15,2026-05-05
c2806128,f4097831,15,2026-05-05
c2806128,4a54bb5b,10,2026-05-05
c2806128,78e3e89b,13,2026-05-05
c2806128,43440949,14,2026-05-05
c2806128,a60ff63e,12,2026-05-05
c2806128,5e009dc7,15,2026-05-05
c2806128,bb2bc9b6,12,2026-05-05
c2806128,5983baf2,11,2026-05-05
c2806128,c5237355,37,2026-05-06
c2806128,db2670a4,37,2026-05-06
c2806128,5b1e47d3,34,2026-05-06
c2806128,120affe5,36,2026-05-06
c2806128,41585262,39,2026-05-06
c2806128,ef22d661,36,2026-05-06
c2806128,bd92569f,34,2026-05-06
c2806128,95266f01,35,2026-05-06
c2806128,c8d3c91d,3,2026-05-07
c2806128,e4b72a7d,3,2026-05-07
c2806128,3c11d529,3,2026-05-07
c2806128,14afb1ac,3,2026-05-07
c2806128,c70ce33e,3,2026-05-07
c2806128,7321eaf5,3,2026-05-07
c2806128,29368045,3,2026-05-07
c2806128,12e73247,3,2026-05-08
c2806128,732c0ef0,3,2026-05-08
c2806128,0f106200,3,2026-05-08
c2806128,af7a075b,3,2026-05-08
c2806128,bc322919,3,2026-05-08
c2806128,845cc824,3,2026-05-08
c2806128,75ae8d1f,3,2026-05-08
c2806128,981a5553,3,2026-05-08
c2806128,5ebd5e85,3,2026-05-08
c2806128,35310af2,3,2026-05-08
c2806128,93c2986e,3,2026-05-09
c2806128,a9c3722d,3,2026-05-09
c2806128,21e2a919,3,2026-05-09
c2806128,dd070aca,3,2026-05-09
c2806128,8270d852,3,2026-05-09
c2806128,956c84f3,3,2026-05-09
c2806128,cfcbec4d,3,2026-05-09
c2806128,e7bea60f,3,2026-05-10
c2806128,37a46813,3,2026-05-10
c2806128,e85626ff,3,2026-05-10
c2806128,8945cde9,4,2026-05-10
c2806128,8a431106,3,2026-05-10
c2806128,29c1438e,4,2026-05-10
c2806128,d300ec46,3,2026-05-10
c2806128,cbdcf8a2,3,2026-05-10
c2806128,cc5880a6,4,2026-05-10
c2806128,f2648fca,3,2026-05-11
c2806128,8f1763bd,3,2026-05-11
c2806128,897b0831,3,2026-05-11
c2806128,9e924b8e,3,2026-05-11
c2806128,9cd11fcf,3,2026-05-11
c2806128,f3301730,3,2026-05-12
c2806128,2f7507eb,3,2026-05-12
c2806128,8ccd7b18,3,2026-05-12
c2806128,8fe24e90,3,2026-05-12
c2806128,11420f67,3,2026-05-12
c2806128,205723f7,3,2026-05-12
c2806128,e7a35b56,3,2026-05-12
c2806128,2dbaa09e,3,2026-05-12
c2806128,182ac006,3,2026-05-12
c2806128,38f78407,3,2026-05-12
c2806128,a36fa1ab,3,2026-05-12
c2806128,0b7d0214,3,2026-05-13
c2806128,bd30b87a,3,2026-05-13
c2806128,b84b7d48,3,2026-05-13
c2806128,82e8407b,3,2026-05-13
c2806128,81da87b5,3,2026-05-13
c2806128,5542b3ca,3,2026-05-13
c2806128,1e967293,3,2026-05-13
c2806128,aa081642,3,2026-05-13
c2806128,3c13a119,3,2026-05-13
c2806128,cb8bc3d1,3,2026-05-14
c2806128,7adc62de,3,2026-05-14
c2806128,7b29aae5,3,2026-05-14
c2806128,23e2dcf0,3,2026-05-14
c2806128,c0e47fcc,3,2026-05-14
c2806128,92dea5dc,3,2026-05-14
c2806128,9a28579d,3,2026-05-14
c2806128,27949ea2,3,2026-05-15
c2806128,7c5df29a,3,2026-05-15
c2806128,a5bfc82f,3,2026-05-15
c2806128,f19861df,3,2026-05-15
c2806128,b5637785,3,2026-05-15
c2806128,fded9210,3,2026-05-15
c2806128,c56b5aa2,3,2026-05-15
c2806128,4c19a86a,3,2026-05-15
c2806128,b8459ec4,3,2026-05-15
c2806128,5e87eb46,16,2026-05-16
c2806128,7ae3da1e,12,2026-05-16
c2806128,a0865ee7,14,2026-05-16
c2806128,8295b789,13,2026-05-16
c2806128,2e25a685,13,2026-05-16
c2806128,dbbffc7c,6,2026-05-17
c2806128,4185d1b4,9,2026-05-17
c2806128,ff3a768b,4,2026-05-17
c2806128,f7945121,6,2026-05-17
c2806128,eafbaf7d,4,2026-05-17
c2806128,7e6196c5,9,2026-05-17
c2806128,febab4d8,8,2026-05-17
c2806128,ebecc470,8,2026-05-18
c2806128,5486d15e,4,2026-05-18
c2806128,4e566217,3,2026-05-18
c2806128,46e03207,6,2026-05-18
c2806128,cc805a11,4,2026-05-18
c2806128,2e5b60e3,4,2026-05-18
c2806128,9b52719e,7,2026-05-18
c2806128,6baa1d56,7,2026-05-19
c2806128,e5c32031,10,2026-05-19
c2806128,d2e50cad,11,2026-05-19
c2806128,a4a41c13,9,2026-05-19
c2806128,dcc46815,11,2026-05-19
c2806128,7df4a927,10,2026-05-19
c2806128,6938470c,23,2026-05-20
c2806128,920be52d,21,2026-05-20
c2806128,cd3e694c,21,2026-05-20
c2806128,7bc608d0,24,2026-05-20
c2806128,8073c61c,25,2026-05-20
c2806128,25e13dcc,22,2026-05-20
c2806128,925671f8,22,2026-05-20
c2806128,1c2c0fd4,22,2026-05-20
c2806128,9cf72aa2,21,2026-05-20
c2806128,95079c26,3,2026-05-21
c2806128,efde4ff8,3,2026-05-21
c2806128,6c2f6b81,3,2026-05-21
c2806128,47bbd259,3,2026-05-21
c2806128,bf680cd2,3,2026-05-21
c2806128,2f619d07,3,2026-05-21
c2806128,4af6d691,3,2026-05-21
c2806128,4dbebcb8,3,2026-05-21
c2806128,2dd9cdce,3,2026-05-21
c2806128,ff0129fc,3,2026-05-21
c2806128,6361544b,21,2026-05-22
c2806128,71b68df3,22,2026-05-22
c2806128,2e8940d6,22,2026-05-22
c2806128,762c9dac,27,2026-05-22
c2806128,2beba460,23,2026-05-22
c2806128,df15b69e,24,2026-05-22
c2806128,758d2a24,21,2026-05-22
c2806128,cacafe29,21,2026-05-22
c2806128,e579b411,6,2026-05-23
c2806128,702b6d6f,7,2026-05-23
c2806128,d16999e9,9,2026-05-23
c2806128,7a6ef5ca,8,2026-05-23
c2806128,50a4ff96,7,2026-05-23
c2806128,e74d9e2b,10,2026-05-23
c2806128,07983f73,10,2026-05-23
c2806128,8477d1fe,10,2026-05-23
c2806128,6445bd52,6,2026-05-23
c2806128,3edb332a,3,2026-05-24
c2806128,ac178405,3,2026-05-24
c2806128,b60117b0,3,2026-05-24
c2806128,1a4ccdb1,3,2026-05-24
c2806128,ad1baf36,3,2026-05-24
c2806128,af7607a9,3,2026-05-24
c2806128,82e21d65,3,2026-05-24
c2806128,304b107f,3,2026-05-24
c2806128,bcc24f14,3,2026-05-25
c2806128,ea26c9f5,3,2026-05-25
c2806128,e0343cd2,3,2026-05-25
c2806128,c61f2128,3,2026-05-25
c2806128,47355d2f,3,2026-05-25
c2806128,994e18f1,3,2026-05-25
c2806128,6ae142bd,3,2026-05-25
c2806128,42bce090,3,2026-05-25
c2806128,d7db753e,3,2026-05-25
c2806128,dedebbc4,3,2026-05-25
c2806128,c3540b47,15,2026-05-26
c2806128,339fe656,17,2026-05-26
c2806128,31f5f3d2,16,2026-05-26
c2806128,518dcfbd,18,2026-05-26
c2806128,ead289b1,16,2026-05-26
c2806128,9d71565a,12,2026-05-26
c2806128,ba325031,16,2026-05-26
c2806128,16f624c6,15,2026-05-26
c2806128,9fd6371a,17,2026-05-26
c2806128,e90feff8,19,2026-05-27
c2806128,1295c9a8,17,2026-05-27
c2806128,5c2309b6,19,2026-05-27
c2806128,0739784f,21,2026-05-27
c2806128,db91b38f,21,2026-05-27
c2806128,3c4d004c,20,2026-05-27
c2806128,29b71fea,8,2026-05-28
c2806128,f23c23cf,6,2026-05-28
c2806128,46843072,7,2026-05-28
c2806128,373ce071,8,2026-05-28
c2806128,9cfef424,9,2026-05-28
c2806128,5791babb,8,2026-05-28
c2806128,967fbecd,5,2026-05-28
c2806128,bf445d37,30,2026-05-29
c2806128,e21882f5,29,2026-05-29
c2806128,5a213884,34,2026-05-29
c2806128,527aaaed,30,2026-05-29
c2806128,7cad6ecd,32,2026-05-29
c2806128,0368b8c5,29,2026-05-29
c2806128,c5ee4447,31,2026-05-29
c2806128,153a5ac9,31,2026-05-29
c2806128,486746e2,29,2026-05-29
c2806128,10ef4172,8,2026-05-30
c2806128,bfe60295,7,2026-05-30
c2806128,57cb01f2,5,2026-05-30
c2806128,4610027a,6,2026-05-30
c2806128,e7c1810b,6,2026-05-30
c2806128,f076ae0e,4,2026-05-30
c2806128,fb36ee6b,6,2026-05-30
c2806128,b1e40757,8,2026-05-30
c2806128,f267afe3,30,2026-05-31
c2806128,906e68d3,34,2026-05-31
c2806128,be935d56,31,2026-05-31
c2806128,7cd27220,32,2026-05-31
c2806128,36162e60,32,2026-05-31
c2806128,d733ee17,35,2026-05-31
c2806128,2aef9311,33,2026-05-31
c2806128,949a7da8,32,2026-05-31
c2806128,e75809da,37,2026-05-31
189f669d,3c0a0c49,10,2026-05-01
189f669d,ba614585,12,2026-05-01
189f669d,8dba2015,12,2026-05-01
189f669d,0d4e9525,72,2026-05-02
189f669d,39c65187,72,2026-05-02
189f669d,d39630ee,35,2026-05-03
189f669d,b5d50055,38,2026-05-03
189f669d,683c90e6,37,2026-05-03
189f669d,83a37444,3,2026-05-04
189f669d,ca143edc,4,2026-05-04
189f669d,731e8201,3,2026-05-05
189f669d,b32b012d,3,2026-05-05
189f669d,41e5a48a,3,2026-05-05
189f669d,d50ebe54,22,2026-05-06
189f669d,d1d1aa34,21,2026-05-06
189f669d,e08c5125,37,2026-05-07
189f669d,b62adf68,40,2026-05-07
189f669d,808d2ae7,35,2026-05-07
189f669d,9063e742,6,2026-05-08
189f669d,35daef54,3,2026-05-09
189f669d,a5874dd9,3,2026-05-09
189f669d,fad2d2ae,19,2026-05-10
189f669d,ca656a6a,18,2026-05-10
189f669d,1c4bf9ea,3,2026-05-11
189f669d,603db6dd,3,2026-05-11
189f669d,d10061f1,29,2026-05-12
189f669d,ec7fab05,30,2026-05-12
189f669d,2cf1edd3,19,2026-05-13
189f669d,3fc70faf,15,2026-05-13
189f669d,c059dd2b,15,2026-05-13
189f669d,db31ec56,3,2026-05-14
189f669d,4dc6471b,3,2026-05-14
189f669d,dd90720a,14,2026-05-15
189f669d,513ac985,19,2026-05-15
189f669d,340b246b,12,2026-05-15
189f669d,553f429f,58,2026-05-16
189f669d,666cc105,58,2026-05-16
189f669d,e776a933,60,2026-05-16
189f669d,d9216366,8,2026-05-17
189f669d,eaa68036,9,2026-05-17
189f669d,9662bf57,3,2026-05-18
189f669d,23b6426b,54,2026-05-19
189f669d,0c041f44,54,2026-05-19
189f669d,3956f3c9,54,2026-05-19
189f669d,624afdf2,52,2026-05-19
189f669d,10e84346,3,2026-05-20
189f669d,6ca9a86f,3,2026-05-20
189f669d,53b64928,27,2026-05-21
189f669d,98255937,27,2026-05-21
189f669d,21a8a2aa,27,2026-05-21
189f669d,26a3855a,3,2026-05-22
189f669d,38f010cf,3,2026-05-22
189f669d,354b4585,28,2026-05-23
189f669d,588a3828,51,2026-05-24
189f669d,74e03575,48,2026-05-24
189f669d,2c639dd5,50,2026-05-24
189f669d,f040776d,3,2026-05-25
189f669d,297b1571,3,2026-05-25
189f669d,34b36c85,3,2026-05-25
189f669d,bb8cb829,3,2026-05-26
189f669d,80541a50,4,2026-05-26
189f669d,f8c1dfe5,22,2026-05-27
189f669d,f240bb26,20,2026-05-27
189f669d,fe297d81,22,2026-05-27
189f669d,e43de150,23,2026-05-27
189f669d,cae546dd,20,2026-05-28
189f669d,16fb5255,20,2026-05-28
189f669d,b88606f3,20,2026-05-28
189f669d,c4f99661,22,2026-05-28
189f669d,7d9edd8c,17,2026-05-29
189f669d,423ad8b6,20,2026-05-29
189f669d,5286f121,19,2026-05-29
189f669d,bd8bbb01,3,2026-05-30
189f669d,adf6eedb,3,2026-05-30
189f669d,eaadcd0c,37,2026-05-31
189f669d,4c10cee6,40,2026-05-31
bcc006c1,e77760dd,22,2026-05-01
bcc006c1,594e3c68,20,2026-05-01
bcc006c1,c9572633,23,2026-05-01
bcc006c1,9e2d6ebc,24,2026-05-01
bcc006c1,2b5b9cf8,21,2026-05-01
bcc006c1,38f51d7b,21,2026-05-01
bcc006c1,afa27174,3,2026-05-02
bcc006c1,282cfe20,3,2026-05-02
bcc006c1,1630d134,3,2026-05-02
bcc006c1,e8ef477b,3,2026-05-02
bcc006c1,c61ec752,3,2026-05-02
bcc006c1,3b44abed,3,2026-05-02
bcc006c1,8cf23c52,3,2026-05-02
bcc006c1,62a16375,3,2026-05-02
bcc006c1,94070e31,3,2026-05-02
bcc006c1,0e191e3e,4,2026-05-03
bcc006c1,a689511c,6,2026-05-03
bcc006c1,b7432cea,4,2026-05-03
bcc006c1,05998c1d,6,2026-05-03
bcc006c1,4e50a4cc,4,2026-05-03
bcc006c1,dadfc152,5,2026-05-03
bcc006c1,d5a3797e,4,2026-05-03
bcc006c1,26e59cec,9,2026-05-04
bcc006c1,b8b2e156,9,2026-05-04
bcc006c1,c441ef90,15,2026-05-04
bcc006c1,e83082fd,11,2026-05-04
bcc006c1,8d2ebfec,10,2026-05-04
bcc006c1,ba5da5ea,12,2026-05-04
bcc006c1,57d35f06,3,2026-05-05
bcc006c1,971545f7,3,2026-05-05
bcc006c1,bd453efd,3,2026-05-05
bcc006c1,485b7c23,3,2026-05-05
bcc006c1,bf747987,3,2026-05-05
bcc006c1,ebaf03b9,3,2026-05-05
bcc006c1,b825bc30,3,2026-05-05
bcc006c1,e0228659,3,2026-05-06
bcc006c1,6703cfc5,3,2026-05-06
bcc006c1,242aa0d2,3,2026-05-06
bcc006c1,b8ce8eb7,3,2026-05-06
bcc006c1,b2db94be,3,2026-05-06
bcc006c1,0e789191,8,2026-05-07
bcc006c1,a0dfb05a,8,2026-05-07
bcc006c1,6b7f2f0a,9,2026-05-07
bcc006c1,c610c3dd,11,2026-05-07
bcc006c1,a44bf22d,10,2026-05-07
bcc006c1,362e060e,11,2026-05-07
bcc006c1,6d4fdd1c,36,2026-05-08
bcc006c1,58defd00,33,2026-05-08
bcc006c1,e63da1b6,32,2026-05-08
bcc006c1,0a256b67,35,2026-05-08
bcc006c1,de593591,35,2026-05-08
bcc006c1,2121b12d,3,2026-05-09
bcc006c1,5f5b4483,3,2026-05-09
bcc006c1,b17dac25,3,2026-05-09
bcc006c1,4cfafb92,3,2026-05-09
bcc006c1,6008f8ac,3,2026-05-09
bcc006c1,2e32f865,9,2026-05-10
bcc006c1,3455e3d3,6,2026-05-10
bcc006c1,2850d9b3,7,2026-05-10
bcc006c1,f40f260e,7,2026-05-10
bcc006c1,170c81a2,9,2026-05-10
bcc006c1,1d941bcf,3,2026-05-11
bcc006c1,b821f1d9,3,2026-05-11
bcc006c1,a2188f02,3,2026-05-11
bcc006c1,0711386e,3,2026-05-11
bcc006c1,203c6ca2,3,2026-05-11
bcc006c1,507b08eb,3,2026-05-11
bcc006c1,1bbf8603,3,2026-05-11
bcc006c1,a8dce0f2,5,2026-05-12
bcc006c1,bb9bbcc7,7,2026-05-12
bcc006c1,f210779b,5,2026-05-12
bcc006c1,5baf0e08,4,2026-05-12
bcc006c1,40ad07f7,5,2026-05-12
bcc006c1,d3c61689,4,2026-05-12
bcc006c1,49adc531,7,2026-05-13
bcc006c1,9168f2b8,9,2026-05-13
bcc006c1,013ceda9,8,2026-05-13
bcc006c1,6f7529cc,6,2026-05-13
bcc006c1,e32d0a6a,9,2026-05-13
bcc006c1,5d2ac6df,8,2026-05-13
bcc006c1,a54107ba,8,2026-05-13
bcc006c1,61f5c669,7,2026-05-13
bcc006c1,21b0c80d,8,2026-05-13
bcc006c1,f47d4d72,27,2026-05-14
bcc006c1,5121c3a9,28,2026-05-14
bcc006c1,9cc4d7dc,29,2026-05-14
bcc006c1,be156584,30,2026-05-14
bcc006c1,fdc36460,32,2026-05-14
bcc006c1,b49636b7,27,2026-05-14
bcc006c1,1ea4256b,29,2026-05-14
bcc006c1,7251f603,30,2026-05-14
bcc006c1,dcd998f3,27,2026-05-14
bcc006c1,b53fc8a5,8,2026-05-15
bcc006c1,dc84b71e,8,2026-05-15
bcc006c1,57afa48a,7,2026-05-15
bcc006c1,32365b0e,7,2026-05-15
bcc006c1,23f7ce33,5,2026-05-15
bcc006c1,3f07f109,4,2026-05-15
bcc006c1,32c52019,6,2026-05-15
bcc006c1,47d09326,4,2026-05-15
bcc006c1,74e09cca,3,2026-05-16
bcc006c1,dee7981a,3,2026-05-16
bcc006c1,c18e1492,3,2026-05-16
bcc006c1,53aa8359,3,2026-05-16
bcc006c1,e18e7c80,3,2026-05-16
bcc006c1,8e7b09cd,3,2026-05-16
bcc006c1,92fc3ddf,3,2026-05-16
bcc006c1,48868eba,3,2026-05-16
bcc006c1,bafc6824,3,2026-05-16
bcc006c1,21a66dd6,3,2026-05-16
bcc006c1,5746c38f,7,2026-05-17
bcc006c1,d92412f0,4,2026-05-17
bcc006c1,facafa52,8,2026-05-17
bcc006c1,6200e770,8,2026-05-17
bcc006c1,4f05c4b7,5,2026-05-17
bcc006c1,54e640bd,6,2026-05-17
bcc006c1,13e338d2,6,2026-05-17
bcc006c1,a605d15c,6,2026-05-17
bcc006c1,eda20fc9,6,2026-05-17
bcc006c1,150f3e26,8,2026-05-17
bcc006c1,08843f37,3,2026-05-18
bcc006c1,a4ab056a,3,2026-05-18
bcc006c1,99a2fc15,3,2026-05-18
bcc006c1,83da3261,3,2026-05-18
bcc006c1,690801be,3,2026-05-18
bcc006c1,40c99dad,5,2026-05-19
bcc006c1,e5225a21,4,2026-05-19
bcc006c1,8d3257b5,4,2026-05-19
bcc006c1,cc84b3ca,3,2026-05-19
bcc006c1,1cdfe7cc,4,2026-05-19
bcc006c1,fb880f53,4,2026-05-19
bcc006c1,7504b94a,5,2026-05-19
bcc006c1,70b55391,3,2026-05-20
bcc006c1,72db5443,3,2026-05-20
bcc006c1,3647482d,3,2026-05-20
bcc006c1,f6914c7c,3,2026-05-20
bcc006c1,355af1aa,3,2026-05-20
bcc006c1,92479266,3,2026-05-20
bcc006c1,773f66c4,3,2026-05-20
bcc006c1,9bfa9fc6,3,2026-05-20
bcc006c1,0e058a65,3,2026-05-21
bcc006c1,1ab5b80c,3,2026-05-21
bcc006c1,f9c3484c,3,2026-05-21
bcc006c1,689a61bd,3,2026-05-21
bcc006c1,3172a072,3,2026-05-21
bcc006c1,9b8c8b1f,3,2026-05-21
bcc006c1,b0dd7549,3,2026-05-21
bcc006c1,5c8b10a4,3,2026-05-21
bcc006c1,6642bc21,3,2026-05-21
bcc006c1,cf0549cd,11,2026-05-22
bcc006c1,b84450a5,11,2026-05-22
bcc006c1,09dfe0f3,10,2026-05-22
bcc006c1,9cb6ab92,10,2026-05-22
bcc006c1,2a811735,11,2026-05-22
bcc006c1,49400365,10,2026-05-22
bcc006c1,079b5402,10,2026-05-22
bcc006c1,ea469694,4,2026-05-23
bcc006c1,f4c2eafa,4,2026-05-23
bcc006c1,f9a69dab,4,2026-05-23
bcc006c1,ec24090b,4,2026-05-23
bcc006c1,ee6d79e4,4,2026-05-23
bcc006c1,6110ac08,6,2026-05-23
bcc006c1,07e2fa89,3,2026-05-23
bcc006c1,01fdb80b,6,2026-05-23
bcc006c1,ad01d334,3,2026-05-23
bcc006c1,4d66ff5e,15,2026-05-24
bcc006c1,d7de46ce,15,2026-05-24
bcc006c1,cc7f51bc,16,2026-05-24
bcc006c1,2842bed1,15,2026-05-24
bcc006c1,fbefd49a,15,2026-05-24
bcc006c1,3dbcbfc4,17,2026-05-24
bcc006c1,99899463,15,2026-05-24
bcc006c1,55b3c62e,3,2026-05-25
bcc006c1,ef385858,3,2026-05-25
bcc006c1,93e63bbc,3,2026-05-25
bcc006c1,8a0bb8e4,3,2026-05-25
bcc006c1,28de8f8a,3,2026-05-25
bcc006c1,339d699f,3,2026-05-25
bcc006c1,f0964994,3,2026-05-25
bcc006c1,3e34d75a,3,2026-05-25
bcc006c1,00e5a940,3,2026-05-26
bcc006c1,c15e5e2c,3,2026-05-26
bcc006c1,c8761328,3,2026-05-26
bcc006c1,36de603f,3,2026-05-26
bcc006c1,eebee3a5,3,2026-05-26
bcc006c1,27ae9b03,3,2026-05-26
bcc006c1,b67fa0cf,3,2026-05-26
bcc006c1,a5018a42,11,2026-05-27
bcc006c1,b21ce567,10,2026-05-27
bcc006c1,57a8dc56,12,2026-05-27
bcc006c1,01a753f4,11,2026-05-27
bcc006c1,f51b897c,9,2026-05-27
bcc006c1,61b149e5,12,2026-05-27
bcc006c1,c4aee42c,12,2026-05-27
bcc006c1,bda74386,12,2026-05-27
bcc006c1,2627a715,3,2026-05-28
bcc006c1,e17bfd8d,4,2026-05-28
bcc006c1,7e03ce69,3,2026-05-28
bcc006c1,41b264e8,3,2026-05-28
bcc006c1,7b11cf33,3,2026-05-28
bcc006c1,63267b09,3,2026-05-28
bcc006c1,285bed82,5,2026-05-28
bcc006c1,d2e2b412,3,2026-05-28
bcc006c1,63a816dc,4,2026-05-28
bcc006c1,a8719615,10,2026-05-29
bcc006c1,092159eb,8,2026-05-29
bcc006c1,eeff8f1c,7,2026-05-29
bcc006c1,228effc6,7,2026-05-29
bcc006c1,d30ac24d,7,2026-05-29
bcc006c1,bd3e888e,8,2026-05-29
bcc006c1,31e7c85a,6,2026-05-29
bcc006c1,0110a75a,12,2026-05-30
bcc006c1,95c0996a,8,2026-05-30
bcc006c1,1b9c2c96,10,2026-05-30
bcc006c1,57528630,11,2026-05-30
bcc006c1,35ce858b,10,2026-05-30
bcc006c1,096dff52,11,2026-05-30
bcc006c1,58b5b5e9,12,2026-05-30
bcc006c1,2c3fe835,26,2026-05-31
bcc006c1,091e4c42,25,2026-05-31
bcc006c1,13d7ca6f,21,2026-05-31
bcc006c1,d1241b04,23,2026-05-31
bcc006c1,053c812f,26,2026-05-31
bcc006c1,81272006,25,2026-05-31
bcc006c1,c9201e54,25,2026-05-31
f5262b2a,48129f52,44,2026-05-01
f5262b2a,3873bdc4,41,2026-05-01
f5262b2a,e6d61c9c,41,2026-05-01
f5262b2a,cbf931b0,42,2026-05-01
f5262b2a,473d7f04,43,2026-05-01
f5262b2a,210e8ec1,8,2026-05-02
f5262b2a,05019651,6,2026-05-02
f5262b2a,50025fea,7,2026-05-02
f5262b2a,230f93d4,45,2026-05-03
f5262b2a,8cd80ba3,45,2026-05-03
f5262b2a,961122f0,45,2026-05-03
f5262b2a,8e82002c,3,2026-05-04
f5262b2a,01394c98,3,2026-05-04
f5262b2a,8b0f2fbd,3,2026-05-04
f5262b2a,709e3d77,3,2026-05-05
f5262b2a,9c6b754b,3,2026-05-05
f5262b2a,88342cb7,3,2026-05-05
f5262b2a,6782e2da,3,2026-05-05
f5262b2a,16dd578f,3,2026-05-05
f5262b2a,2dfb51ab,8,2026-05-06
f5262b2a,ca562e64,7,2026-05-06
f5262b2a,1d94e9d1,24,2026-05-07
f5262b2a,4b3a90f7,25,2026-05-07
f5262b2a,ca094a55,21,2026-05-07
f5262b2a,65712107,23,2026-05-07
f5262b2a,1982a1a0,3,2026-05-08
f5262b2a,f1e604c6,3,2026-05-08
f5262b2a,5ccf0e4f,3,2026-05-08
f5262b2a,abb4957b,3,2026-05-09
f5262b2a,a88480da,3,2026-05-09
f5262b2a,778bb8d7,3,2026-05-09
f5262b2a,44c65d4a,3,2026-05-09
f5262b2a,17c34f4f,3,2026-05-09
f5262b2a,667a16cc,3,2026-05-10
f5262b2a,36138365,3,2026-05-10
f5262b2a,010428e6,3,2026-05-10
f5262b2a,4df409cc,3,2026-05-10
f5262b2a,a0125a0b,48,2026-05-11
f5262b2a,2bc126a6,50,2026-05-11
f5262b2a,31a4344b,50,2026-05-11
f5262b2a,63e4d633,50,2026-05-11
f5262b2a,117b90e8,49,2026-05-11
f5262b2a,d1c11905,48,2026-05-12
f5262b2a,527e2e2a,47,2026-05-12
f5262b2a,8b361eac,46,2026-05-12
f5262b2a,6ba60b4c,44,2026-05-12
f5262b2a,5535700a,3,2026-05-13
f5262b2a,63c6b0c6,3,2026-05-13
f5262b2a,6ee0ddf1,3,2026-05-13
f5262b2a,8df99707,3,2026-05-13
f5262b2a,6dc0a3e4,3,2026-05-13
f5262b2a,5acf0826,3,2026-05-13
f5262b2a,ee8e66e9,33,2026-05-14
f5262b2a,4fa81d2b,35,2026-05-14
f5262b2a,ebffeacd,32,2026-05-14
f5262b2a,fc2f6b11,35,2026-05-14
f5262b2a,865cd48a,33,2026-05-14
f5262b2a,f9f9ee65,3,2026-05-15
f5262b2a,6d711063,5,2026-05-15
f5262b2a,a653f9f6,6,2026-05-15
f5262b2a,d0f90f2e,3,2026-05-15
f5262b2a,fcf76cda,4,2026-05-15
f5262b2a,eaba988f,6,2026-05-15
f5262b2a,3b7abf1a,6,2026-05-16
f5262b2a,6ea330a0,8,2026-05-16
f5262b2a,9f9c7a81,11,2026-05-16
f5262b2a,3975d3a6,7,2026-05-16
f5262b2a,0f40e1dc,8,2026-05-16
f5262b2a,ebfdc8cc,9,2026-05-16
f5262b2a,b34641f0,8,2026-05-16
f5262b2a,db278f07,28,2026-05-17
f5262b2a,edbc0c41,27,2026-05-17
f5262b2a,33adabb2,26,2026-05-17
f5262b2a,cb9d7142,26,2026-05-17
f5262b2a,a0be19a7,26,2026-05-17
f5262b2a,cc6905da,23,2026-05-17
f5262b2a,0d06086a,13,2026-05-18
f5262b2a,f19926b9,14,2026-05-18
f5262b2a,e74c8c27,11,2026-05-18
f5262b2a,b939f094,12,2026-05-18
f5262b2a,7cce423a,11,2026-05-18
f5262b2a,02a2be1f,28,2026-05-19
f5262b2a,5cc9d684,30,2026-05-19
f5262b2a,72b46f26,30,2026-05-19
f5262b2a,1038f399,3,2026-05-20
f5262b2a,faa7d411,3,2026-05-20
f5262b2a,85a52364,3,2026-05-20
f5262b2a,8522116e,3,2026-05-20
f5262b2a,4b244a22,3,2026-05-20
f5262b2a,0e25d286,3,2026-05-21
f5262b2a,664e73ef,3,2026-05-21
f5262b2a,2c217f6e,3,2026-05-21
f5262b2a,2762596a,3,2026-05-21
f5262b2a,822781d4,12,2026-05-22
f5262b2a,6de5544d,15,2026-05-22
f5262b2a,e1574f30,14,2026-05-22
f5262b2a,b0e4c690,48,2026-05-23
f5262b2a,5258fabd,51,2026-05-23
f5262b2a,66888176,53,2026-05-23
f5262b2a,a1597d8e,3,2026-05-24
f5262b2a,624c73c8,3,2026-05-24
f5262b2a,bd3159b6,3,2026-05-24
f5262b2a,33d2c7af,3,2026-05-24
f5262b2a,ec2569e3,3,2026-05-24
f5262b2a,0c13cc00,3,2026-05-25
f5262b2a,244da436,3,2026-05-25
f5262b2a,c6ad36c0,3,2026-05-25
f5262b2a,7939d7db,3,2026-05-25
f5262b2a,ef8f2046,3,2026-05-25
f5262b2a,a6fe6ae1,25,2026-05-26
f5262b2a,8cd8d2c3,21,2026-05-26
f5262b2a,679ea5be,21,2026-05-26
f5262b2a,79950573,21,2026-05-26
f5262b2a,82db9dfc,44,2026-05-27
f5262b2a,5d5f9834,47,2026-05-27
f5262b2a,04bfde19,47,2026-05-27
f5262b2a,6cc80a1e,45,2026-05-27
f5262b2a,780d93ae,43,2026-05-28
f5262b2a,c1647e40,45,2026-05-28
f5262b2a,82a6d317,45,2026-05-28
f5262b2a,9bf12378,45,2026-05-28
f5262b2a,d4519d70,44,2026-05-28
f5262b2a,eb6cef02,9,2026-05-29
f5262b2a,fb069044,10,2026-05-29
f5262b2a,8ce5414b,10,2026-05-29
f5262b2a,8387c042,3,2026-05-30
f5262b2a,3cc6db7f,3,2026-05-30
f5262b2a,16139209,3,2026-05-30
f5262b2a,d5ec5aaf,14,2026-05-31
f5262b2a,e208a5fa,12,2026-05-31
f5262b2a,37d0b9b4,10,2026-05-31
f5262b2a,f34d5a4d,10,2026-05-31
f5262b2a,afa8fb76,11,2026-05-31
f5262b2a,882e29e9,11,2026-05-31
9571babc,298249fb,7,2026-05-01
9571babc,904dfef9,10,2026-05-01
9571babc,65ec6a89,7,2026-05-01
9571babc,215e328e,6,2026-05-01
9571babc,8c819be3,5,2026-05-01
9571babc,5aeebc26,8,2026-05-01
9571babc,01d88947,3,2026-05-02
9571babc,4bf8491f,3,2026-05-02
9571babc,7e2f98d1,3,2026-05-02
9571babc,ceedfc38,3,2026-05-02
9571babc,1710bec3,3,2026-05-02
9571babc,aeb5f420,3,2026-05-02
9571babc,8d23d0bb,3,2026-05-03
9571babc,01fefffe,3,2026-05-03
9571babc,164148f6,3,2026-05-03
9571babc,5b33e1dd,3,2026-05-03
9571babc,b666258a,3,2026-05-03
9571babc,33328407,3,2026-05-03
9571babc,d960df14,3,2026-05-04
9571babc,e4a1f4a6,3,2026-05-04
9571babc,8cffb2f3,3,2026-05-04
9571babc,e2b1d03e,3,2026-05-04
9571babc,96d0ed9f,3,2026-05-04
9571babc,54500c28,3,2026-05-04
9571babc,fa9973a4,3,2026-05-04
9571babc,4afb2c35,3,2026-05-04
9571babc,94a39d1d,3,2026-05-05
9571babc,8c56ec3e,3,2026-05-05
9571babc,e3dde1c2,3,2026-05-05
9571babc,c6dbf31c,3,2026-05-05
9571babc,3fbf2d94,3,2026-05-05
9571babc,4dce035b,3,2026-05-05
9571babc,c279c448,3,2026-05-05
9571babc,b580dc62,3,2026-05-05
9571babc,470eeee7,3,2026-05-05
9571babc,8c2e53b6,11,2026-05-06
9571babc,b33a4cb7,9,2026-05-06
9571babc,0b3e784b,10,2026-05-06
9571babc,54aeb3eb,10,2026-05-06
9571babc,67f0b352,12,2026-05-06
9571babc,cd0fe8bf,15,2026-05-06
9571babc,1ed30fc2,14,2026-05-06
9571babc,174e5cac,18,2026-05-07
9571babc,09099f77,20,2026-05-07
9571babc,712efc2e,19,2026-05-07
9571babc,4ce6f98b,22,2026-05-07
9571babc,d1baace9,21,2026-05-07
9571babc,e6d30500,3,2026-05-08
9571babc,c4e5ffe9,3,2026-05-08
9571babc,c9ba9f84,3,2026-05-08
9571babc,6ab43825,3,2026-05-08
9571babc,56cd3898,3,2026-05-08
9571babc,1e2157c7,20,2026-05-09
9571babc,fccbb3b0,23,2026-05-09
9571babc,297ad67f,19,2026-05-09
9571babc,ea7fd322,21,2026-05-09
9571babc,3ba328db,20,2026-05-09
9571babc,cb211676,19,2026-05-09
9571babc,18636e3e,18,2026-05-09
9571babc,4ea10aca,19,2026-05-09
9571babc,1ff65803,20,2026-05-09
9571babc,6c5559fb,14,2026-05-10
9571babc,f7277eb6,17,2026-05-10
9571babc,3d56ecb7,16,2026-05-10
9571babc,3c1c756d,16,2026-05-10
9571babc,3295b88f,15,2026-05-10
9571babc,8f96112f,17,2026-05-10
9571babc,f813622d,16,2026-05-10
9571babc,acbc3f16,14,2026-05-11
9571babc,4f3db561,15,2026-05-11
9571babc,5b60d25b,14,2026-05-11
9571babc,ffb1e507,15,2026-05-11
9571babc,c4cc3c53,15,2026-05-11
9571babc,fe4ff26b,14,2026-05-11
9571babc,009ae948,5,2026-05-12
9571babc,f0b16e89,5,2026-05-12
9571babc,b75f9597,5,2026-05-12
9571babc,01b12701,5,2026-05-12
9571babc,95b5c0b2,4,2026-05-12
9571babc,55607651,3,2026-05-13
9571babc,04d28388,3,2026-05-13
9571babc,b36a816f,3,2026-05-13
9571babc,33432917,3,2026-05-13
9571babc,d7cb4ba8,3,2026-05-13
9571babc,d0ddfe85,4,2026-05-13
9571babc,180be3fa,3,2026-05-13
9571babc,d52e91c5,3,2026-05-13
9571babc,bff3dc83,3,2026-05-14
9571babc,8902c4dd,3,2026-05-14
9571babc,55b8efe0,3,2026-05-14
9571babc,b40260c2,3,2026-05-14
9571babc,b6c2d0ac,3,2026-05-14
9571babc,61cde503,3,2026-05-14
9571babc,3e923f40,3,2026-05-14
9571babc,8fa30def,3,2026-05-14
9571babc,69619710,3,2026-05-14
9571babc,ec5525b2,3,2026-05-15
9571babc,8b193d40,4,2026-05-15
9571babc,f84e1590,3,2026-05-15
9571babc,e938a4ad,5,2026-05-15
9571babc,4fab0306,5,2026-05-15
9571babc,b71c7e49,3,2026-05-15
9571babc,2f9fdfc1,8,2026-05-16
9571babc,d9a1976d,9,2026-05-16
9571babc,2ac4ab5b,8,2026-05-16
9571babc,2484a46a,10,2026-05-16
9571babc,b29e558a,11,2026-05-16
9571babc,0ee35ecf,9,2026-05-16
9571babc,c1a8ac1c,11,2026-05-16
9571babc,44210c62,3,2026-05-17
9571babc,56d2b780,3,2026-05-17
9571babc,6b44109a,3,2026-05-17
9571babc,98b9d9e5,3,2026-05-17
9571babc,c9c28c24,3,2026-05-17
9571babc,53908ffc,13,2026-05-18
9571babc,d7d2609e,16,2026-05-18
9571babc,6db837b8,15,2026-05-18
9571babc,dcace191,15,2026-05-18
9571babc,a02d990b,16,2026-05-18
9571babc,320e2cf3,13,2026-05-18
9571babc,ff2cdb09,14,2026-05-18
9571babc,6a4a7d8d,3,2026-05-19
9571babc,9ea5dbc4,3,2026-05-19
9571babc,b91a01ce,3,2026-05-19
9571babc,ef4a4409,3,2026-05-19
9571babc,a4edf323,3,2026-05-19
9571babc,ffe3f5bb,3,2026-05-20
9571babc,7bf86d0d,3,2026-05-20
9571babc,6950af64,3,2026-05-20
9571babc,fac4f251,3,2026-05-20
9571babc,04ee7bc6,3,2026-05-20
9571babc,aa2447a5,3,2026-05-20
9571babc,f67ab1e4,3,2026-05-20
9571babc,f572e759,3,2026-05-20
9571babc,4f8cc522,10,2026-05-21
9571babc,7563d18f,9,2026-05-21
9571babc,8d29c434,8,2026-05-21
9571babc,0a2aaa38,10,2026-05-21
9571babc,ef5b253f,10,2026-05-21
9571babc,52229d45,9,2026-05-21
9571babc,a9a6470e,8,2026-05-21
9571babc,7317bf88,3,2026-05-22
9571babc,aaf73840,3,2026-05-22
9571babc,ea54005b,3,2026-05-22
9571babc,fbd339b3,3,2026-05-22
9571babc,d19f5341,3,2026-05-23
9571babc,08a275e0,3,2026-05-23
9571babc,f1e4cd63,3,2026-05-23
9571babc,0006854b,3,2026-05-23
9571babc,24ee9960,3,2026-05-23
9571babc,8d04520b,3,2026-05-23
9571babc,876367cf,3,2026-05-23
9571babc,cc73a94e,3,2026-05-23
9571babc,c17daa15,10,2026-05-24
9571babc,1d94eed7,10,2026-05-24
9571babc,4c20e6e6,10,2026-05-24
9571babc,6fbc59a8,9,2026-05-24
9571babc,a38be545,10,2026-05-24
9571babc,57a8c5ae,10,2026-05-24
9571babc,37f88cda,17,2026-05-25
9571babc,efd52f01,17,2026-05-25
9571babc,aeda6ef6,17,2026-05-25
9571babc,5382a93a,16,2026-05-25
9571babc,04fc97c0,17,2026-05-25
9571babc,80bf1124,16,2026-05-25
9571babc,916c37bf,17,2026-05-25
9571babc,5c740fa4,13,2026-05-25
9571babc,77ad3aa2,14,2026-05-25
9571babc,8a604a09,3,2026-05-26
9571babc,f83775df,3,2026-05-26
9571babc,4ee71409,3,2026-05-26
9571babc,a6182376,3,2026-05-26
9571babc,cf44ee91,3,2026-05-26
9571babc,f44da1a6,3,2026-05-26
9571babc,6fba649b,3,2026-05-26
9571babc,c07187a2,23,2026-05-27
9571babc,482ecaa9,22,2026-05-27
9571babc,5cb41e4e,25,2026-05-27
9571babc,1bb2d5b5,22,2026-05-27
9571babc,87bea1c1,20,2026-05-27
9571babc,4ffe81d7,24,2026-05-27
9571babc,7678a44a,19,2026-05-27
9571babc,d27fef90,26,2026-05-27
9571babc,0b270f73,3,2026-05-28
9571babc,5818b04c,3,2026-05-28
9571babc,5e0c84da,3,2026-05-28
9571babc,26d796a6,3,2026-05-28
9571babc,650a1e60,3,2026-05-28
9571babc,c0789005,3,2026-05-28
9571babc,a1033337,3,2026-05-28
9571babc,02602a6d,3,2026-05-28
9571babc,0cfec014,3,2026-05-28
9571babc,8fb8e739,3,2026-05-29
9571babc,962a0e44,3,2026-05-29
9571babc,2fe74f57,3,2026-05-29
9571babc,0c95a515,3,2026-05-29
9571babc,20ae0121,3,2026-05-29
9571babc,758be277,3,2026-05-29
9571babc,7d2e76b3,3,2026-05-29
9571babc,0efac8e7,3,2026-05-29
9571babc,fef11e4b,3,2026-05-30
9571babc,7b353e43,3,2026-05-30
9571babc,2a80572d,3,2026-05-30
9571babc,7f438ed2,3,2026-05-30
9571babc,9b96d7a4,3,2026-05-30
9571babc,aca68956,3,2026-05-30
9571babc,6fcf5faf,3,2026-05-30
9571babc,ce9284d6,3,2026-05-30
9571babc,7c0e0ae2,3,2026-05-30
9571babc,6ed33b2e,20,2026-05-31
9571babc,8c157a2b,20,2026-05-31
9571babc,89dda1cb,20,2026-05-31
9571babc,2a872ef7,19,2026-05-31
9571babc,b6173132,23,2026-05-31
9571babc,d8006d1e,21,2026-05-31
a16758e3,57ff9c33,3,2026-05-01
a16758e3,441c9061,3,2026-05-01
a16758e3,849408a5,3,2026-05-01
a16758e3,ae699c11,3,2026-05-01
a16758e3,6b79e723,3,2026-05-01
a16758e3,2501e084,3,2026-05-01
a16758e3,1295bfe3,3,2026-05-01
a16758e3,d1201f0f,3,2026-05-01
a16758e3,7bef1ba3,3,2026-05-01
a16758e3,a8239d28,3,2026-05-01
a16758e3,78aee5c8,3,2026-05-02
a16758e3,1b38bbfa,3,2026-05-02
a16758e3,cb8e4073,3,2026-05-02
a16758e3,79ab0875,3,2026-05-02
a16758e3,87227ce4,3,2026-05-02
a16758e3,3aeb7029,3,2026-05-02
a16758e3,85fe817e,3,2026-05-03
a16758e3,24dc5f04,3,2026-05-03
a16758e3,f44e0efb,3,2026-05-03
a16758e3,d9bca92f,3,2026-05-03
a16758e3,faf15da5,3,2026-05-03
a16758e3,0378a5a4,3,2026-05-03
a16758e3,58040811,3,2026-05-03
a16758e3,faa7df52,3,2026-05-03
a16758e3,b383f306,3,2026-05-04
a16758e3,21bbc47a,3,2026-05-04
a16758e3,f5ab6edf,3,2026-05-04
a16758e3,c3220559,3,2026-05-04
a16758e3,9e39464d,3,2026-05-04
a16758e3,213f1a0b,3,2026-05-04
a16758e3,8b87aeb0,3,2026-05-05
a16758e3,cd660b21,3,2026-05-05
a16758e3,575dac58,3,2026-05-05
a16758e3,076a1fa0,3,2026-05-05
a16758e3,dd470ec9,3,2026-05-05
a16758e3,c2bd3261,4,2026-05-05
a16758e3,58c8e888,3,2026-05-05
a16758e3,6aa20da3,3,2026-05-05
a16758e3,0b9fa403,3,2026-05-06
a16758e3,3dbcc12d,3,2026-05-06
a16758e3,9eaf3e7e,3,2026-05-06
a16758e3,2d705f0c,3,2026-05-06
a16758e3,5ff49c97,3,2026-05-06
a16758e3,e14165e0,3,2026-05-06
a16758e3,64ddf8f4,3,2026-05-06
a16758e3,a5f648ca,3,2026-05-06
a16758e3,0d198936,3,2026-05-07
a16758e3,76e5575c,3,2026-05-07
a16758e3,8e50bbbe,3,2026-05-07
a16758e3,ddb993e4,3,2026-05-07
a16758e3,1afc4b7a,3,2026-05-07
a16758e3,0a5734bd,3,2026-05-07
a16758e3,53c439d2,3,2026-05-07
a16758e3,ed55b0e4,3,2026-05-07
a16758e3,9b0f95e3,20,2026-05-08
a16758e3,7dda3109,24,2026-05-08
a16758e3,d405b6f9,20,2026-05-08
a16758e3,a78f2086,19,2026-05-08
a16758e3,a956ae78,21,2026-05-08
a16758e3,df9914d6,20,2026-05-08
a16758e3,67d1e03e,8,2026-05-09
a16758e3,18c2fc54,9,2026-05-09
a16758e3,e1836111,7,2026-05-09
a16758e3,fd13b9c8,6,2026-05-09
a16758e3,4263a594,5,2026-05-09
a16758e3,64b47b56,7,2026-05-09
a16758e3,a246222d,5,2026-05-09
a16758e3,eede0279,7,2026-05-09
a16758e3,12e532b3,3,2026-05-10
a16758e3,0178f965,3,2026-05-10
a16758e3,53bcd292,3,2026-05-10
a16758e3,e85c1b45,3,2026-05-10
a16758e3,36156d0e,3,2026-05-10
a16758e3,6e39ccda,3,2026-05-10
a16758e3,5fce58cb,3,2026-05-10
a16758e3,dbe2e650,3,2026-05-11
a16758e3,a5f60c24,3,2026-05-11
a16758e3,8533c5e2,3,2026-05-11
a16758e3,479622e6,3,2026-05-11
a16758e3,c08626ea,7,2026-05-11
a16758e3,85308fc5,3,2026-05-11
a16758e3,ca8c0b5f,4,2026-05-11
a16758e3,c7ae2a2a,3,2026-05-11
a16758e3,559bca7f,17,2026-05-12
a16758e3,0f04f757,21,2026-05-12
a16758e3,20d18d24,20,2026-05-12
a16758e3,1f9b3905,21,2026-05-12
a16758e3,c72cfa54,19,2026-05-12
a16758e3,b28f8e88,21,2026-05-12
a16758e3,cc7059bc,3,2026-05-13
a16758e3,0fbda976,3,2026-05-13
a16758e3,3d3b2ff2,3,2026-05-13
a16758e3,26db31c9,3,2026-05-13
a16758e3,848afd71,3,2026-05-13
a16758e3,426f9c85,3,2026-05-13
a16758e3,4e1f39b0,9,2026-05-14
a16758e3,a6ae080f,8,2026-05-14
a16758e3,9b8c4601,7,2026-05-14
a16758e3,2c315ed1,5,2026-05-14
a16758e3,38fcf32b,8,2026-05-14
a16758e3,0287afcc,7,2026-05-14
a16758e3,a7ba320a,10,2026-05-14
a16758e3,1a8de391,10,2026-05-14
a16758e3,b0c9e55d,16,2026-05-15
a16758e3,261c919e,15,2026-05-15
a16758e3,e85a42c2,15,2026-05-15
a16758e3,dee19bf5,12,2026-05-15
a16758e3,d1ccb9c6,16,2026-05-15
a16758e3,fcb78487,16,2026-05-15
a16758e3,ab060016,16,2026-05-15
a16758e3,a3c04a1e,14,2026-05-15
a16758e3,4bff90e5,15,2026-05-15
a16758e3,4d77f000,7,2026-05-16
a16758e3,4f9df668,7,2026-05-16
a16758e3,af475d49,3,2026-05-16
a16758e3,473d72a6,6,2026-05-16
a16758e3,9372af73,5,2026-05-16
a16758e3,bd61a986,5,2026-05-16
a16758e3,36fd6eee,3,2026-05-17
a16758e3,2720be0c,3,2026-05-17
a16758e3,701e3f37,3,2026-05-17
a16758e3,084cf20b,3,2026-05-17
a16758e3,45f47abc,3,2026-05-17
a16758e3,b15af49b,3,2026-05-17
a16758e3,8eebc1ab,3,2026-05-17
a16758e3,114f2cd0,3,2026-05-17
a16758e3,d80fcd24,3,2026-05-17
a16758e3,54176246,3,2026-05-17
a16758e3,ed9640e1,24,2026-05-18
a16758e3,6b4c59cb,24,2026-05-18
a16758e3,426361c1,24,2026-05-18
a16758e3,04950a42,24,2026-05-18
a16758e3,0b9209c3,24,2026-05-18
a16758e3,e7b341b6,26,2026-05-18
a16758e3,a12a4f02,25,2026-05-18
a16758e3,69753e66,3,2026-05-19
a16758e3,74a31841,3,2026-05-19
a16758e3,62f3fd3a,3,2026-05-19
a16758e3,33c84888,3,2026-05-19
a16758e3,ab53d72c,3,2026-05-19
a16758e3,d818d621,3,2026-05-19
a16758e3,1aa3c403,3,2026-05-19
a16758e3,b8ccf49a,3,2026-05-19
a16758e3,57c48940,3,2026-05-19
a16758e3,d248deb4,10,2026-05-20
a16758e3,0a384dad,10,2026-05-20
a16758e3,60c5d572,11,2026-05-20
a16758e3,15f445f8,11,2026-05-20
a16758e3,7a771ce7,8,2026-05-20
a16758e3,526df5f2,12,2026-05-20
a16758e3,cbee9b47,10,2026-05-20
a16758e3,db247b69,10,2026-05-20
a16758e3,8a94d6b5,9,2026-05-20
a16758e3,aa416390,3,2026-05-21
a16758e3,5bda2dfc,3,2026-05-21
a16758e3,e06f4f4f,3,2026-05-21
a16758e3,2cb35251,3,2026-05-21
a16758e3,4494aa28,3,2026-05-21
a16758e3,57ca5f12,3,2026-05-22
a16758e3,1bf9689e,3,2026-05-22
a16758e3,5f25a54b,3,2026-05-22
a16758e3,2b5258e0,3,2026-05-22
a16758e3,bbe28230,4,2026-05-22
a16758e3,ee88af7e,3,2026-05-22
a16758e3,3e072567,3,2026-05-22
a16758e3,bab76015,8,2026-05-23
a16758e3,c2bc40ce,11,2026-05-23
a16758e3,4498e49f,9,2026-05-23
a16758e3,b34c81f8,7,2026-05-23
a16758e3,ff7285d8,10,2026-05-23
a16758e3,2e0b3a20,10,2026-05-23
a16758e3,56bdf00e,10,2026-05-24
a16758e3,128b9081,11,2026-05-24
a16758e3,12b8695c,14,2026-05-24
a16758e3,c0866e6b,13,2026-05-24
a16758e3,6fe67476,11,2026-05-24
a16758e3,9c211387,13,2026-05-24
a16758e3,6425e55e,11,2026-05-24
a16758e3,9cb04c5e,16,2026-05-25
a16758e3,5f036c48,13,2026-05-25
a16758e3,80f360ae,14,2026-05-25
a16758e3,b9e18b7b,13,2026-05-25
a16758e3,68ac5e29,14,2026-05-25
a16758e3,3907c28d,14,2026-05-25
a16758e3,caadd940,13,2026-05-25
a16758e3,e80ba1ae,13,2026-05-25
a16758e3,c997fde1,13,2026-05-25
a16758e3,9a235eb9,3,2026-05-26
a16758e3,c0637aee,3,2026-05-26
a16758e3,4993bfe5,3,2026-05-26
a16758e3,c16a98c3,3,2026-05-26
a16758e3,57ea3971,3,2026-05-26
a16758e3,0cd789dc,3,2026-05-26
a16758e3,c19deb46,3,2026-05-26
a16758e3,d07416ce,3,2026-05-26
a16758e3,9851e631,3,2026-05-27
a16758e3,52afb9e6,3,2026-05-27
a16758e3,ff10df54,3,2026-05-27
a16758e3,922d5702,3,2026-05-27
a16758e3,34ffb006,3,2026-05-27
a16758e3,90e4ca43,3,2026-05-27
a16758e3,ec6b9cab,5,2026-05-28
a16758e3,a70699e8,5,2026-05-28
a16758e3,67d5cd86,6,2026-05-28
a16758e3,e01119a0,7,2026-05-28
a16758e3,55ba86bc,7,2026-05-28
a16758e3,ced257f2,7,2026-05-28
a16758e3,a6ecb333,3,2026-05-29
a16758e3,eb1b11b7,3,2026-05-29
a16758e3,212c42c6,3,2026-05-29
a16758e3,ce313d0c,3,2026-05-29
a16758e3,33942b9f,3,2026-05-29
a16758e3,31c7ec5c,3,2026-05-29
a16758e3,d46d209f,3,2026-05-29
a16758e3,b465fc0d,3,2026-05-29
a16758e3,c4ae5f65,29,2026-05-30
a16758e3,6a9d3f8e,28,2026-05-30
a16758e3,634219dc,28,2026-05-30
a16758e3,827500b7,27,2026-05-30
a16758e3,2b407dc7,31,2026-05-30
a16758e3,3a208ded,28,2026-05-30
a16758e3,55f249ad,32,2026-05-30
a16758e3,8f8163e6,29,2026-05-30
a16758e3,0907340f,28,2026-05-30
a16758e3,574c4a7b,3,2026-05-31
a16758e3,b517c830,3,2026-05-31
a16758e3,41f729bc,3,2026-05-31
a16758e3,3471acc9,3,2026-05-31
a16758e3,fe19c867,3,2026-05-31
a16758e3,8d1b877e,3,2026-05-31
109f8c59,03c5a51c,29,2026-05-01
109f8c59,3238686d,29,2026-05-01
109f8c59,f802351f,31,2026-05-01
109f8c59,a30647d3,31,2026-05-01
109f8c59,f75a0e57,29,2026-05-01
109f8c59,56b0fd74,3,2026-05-02
109f8c59,d19531ef,3,2026-05-02
109f8c59,10ff852c,3,2026-05-02
109f8c59,12e0e7f2,3,2026-05-02
109f8c59,46b0e1e5,16,2026-05-03
109f8c59,951ed4da,12,2026-05-03
109f8c59,13883dcc,13,2026-05-03
109f8c59,6c5fc8a2,13,2026-05-03
109f8c59,5df459e6,13,2026-05-03
109f8c59,8b8f4c5a,13,2026-05-04
109f8c59,f4138fc8,11,2026-05-04
109f8c59,331059b7,14,2026-05-04
109f8c59,0cd3c8a7,15,2026-05-04
109f8c59,45226125,13,2026-05-04
109f8c59,ad9b8762,11,2026-05-05
109f8c59,952c475a,12,2026-05-05
109f8c59,5cd66fd6,13,2026-05-05
109f8c59,f18252c1,14,2026-05-06
109f8c59,2da3ff1a,17,2026-05-06
109f8c59,0affa29b,15,2026-05-06
109f8c59,a987ac19,16,2026-05-06
109f8c59,12bcd22a,26,2026-05-07
109f8c59,bca658d0,26,2026-05-07
109f8c59,08373622,27,2026-05-07
109f8c59,46dcbc0e,25,2026-05-07
109f8c59,7ab20573,27,2026-05-07
109f8c59,141a0161,3,2026-05-08
109f8c59,2f3be93a,3,2026-05-08
109f8c59,10f70096,3,2026-05-08
109f8c59,24cf74c5,3,2026-05-08
109f8c59,bec274a1,3,2026-05-09
109f8c59,1a66a737,3,2026-05-09
109f8c59,57f4b237,3,2026-05-10
109f8c59,0dc5e205,3,2026-05-10
109f8c59,b7d2a788,3,2026-05-10
109f8c59,8397b03e,3,2026-05-10
109f8c59,be780fd0,3,2026-05-10
109f8c59,6a2030f1,14,2026-05-11
109f8c59,31a3147b,15,2026-05-11
109f8c59,8916cf07,17,2026-05-11
109f8c59,0296e584,21,2026-05-12
109f8c59,15caa304,20,2026-05-12
109f8c59,c4b357f7,22,2026-05-12
109f8c59,717b2cd8,21,2026-05-12
109f8c59,b4d3750d,22,2026-05-12
109f8c59,6d866859,3,2026-05-13
109f8c59,bea8680d,3,2026-05-13
109f8c59,6e1a414e,3,2026-05-13
109f8c59,fc168a02,3,2026-05-13
109f8c59,4b2ac7b8,20,2026-05-14
109f8c59,a071ade1,18,2026-05-14
109f8c59,bc3725ab,19,2026-05-14
109f8c59,91e9072f,18,2026-05-14
109f8c59,fe21d7b4,20,2026-05-14
109f8c59,24f1c652,4,2026-05-15
109f8c59,dc3ca40e,4,2026-05-15
109f8c59,3dc05c17,4,2026-05-15
109f8c59,1ddc0605,6,2026-05-15
109f8c59,b68638a2,5,2026-05-15
109f8c59,a74f5827,3,2026-05-15
109f8c59,ee0cdc62,14,2026-05-16
109f8c59,4d36923d,13,2026-05-16
109f8c59,0a151292,15,2026-05-16
109f8c59,a9ead61d,13,2026-05-16
109f8c59,96ff2579,14,2026-05-16
109f8c59,4a412582,12,2026-05-16
109f8c59,25b3161a,3,2026-05-17
109f8c59,14be86e8,3,2026-05-17
109f8c59,9dc8902d,3,2026-05-18
109f8c59,487f3288,3,2026-05-18
109f8c59,592aac71,3,2026-05-18
109f8c59,edd2844c,3,2026-05-18
109f8c59,7f2743ea,3,2026-05-18
109f8c59,d0e5076a,3,2026-05-18
109f8c59,b870d9fd,3,2026-05-19
109f8c59,efd82cd8,3,2026-05-19
109f8c59,ea8f9660,3,2026-05-19
109f8c59,ee1bd7c1,3,2026-05-19
109f8c59,dd94135b,3,2026-05-19
109f8c59,e5c4a4b2,3,2026-05-19
109f8c59,9bebfacd,7,2026-05-20
109f8c59,5c39c84e,6,2026-05-20
109f8c59,8c5b2d76,3,2026-05-21
109f8c59,1bae93ec,3,2026-05-21
109f8c59,28a6f843,3,2026-05-21
109f8c59,69db098a,3,2026-05-21
109f8c59,7cec0c03,40,2026-05-22
109f8c59,0139bb15,36,2026-05-22
109f8c59,cf89d368,39,2026-05-22
109f8c59,bbd8bfbe,39,2026-05-22
109f8c59,009cd75e,3,2026-05-23
109f8c59,827fd816,3,2026-05-23
109f8c59,15b6d7db,3,2026-05-23
109f8c59,cebca88b,3,2026-05-23
109f8c59,8fecd776,3,2026-05-23
109f8c59,7c230278,12,2026-05-24
109f8c59,dba717e0,10,2026-05-24
109f8c59,7268a3a6,13,2026-05-24
109f8c59,2f41c11c,13,2026-05-24
109f8c59,1f495ad6,16,2026-05-25
109f8c59,4f798598,15,2026-05-25
109f8c59,7c1664f2,19,2026-05-25
109f8c59,c4ef5fae,17,2026-05-25
109f8c59,10154729,37,2026-05-26
109f8c59,2f295e17,36,2026-05-26
109f8c59,7294356c,38,2026-05-26
109f8c59,930f4178,34,2026-05-26
109f8c59,6bd350b0,38,2026-05-26
109f8c59,e6727a60,35,2026-05-26
109f8c59,ed4b6098,3,2026-05-27
109f8c59,06232346,3,2026-05-27
109f8c59,81fda03f,3,2026-05-27
109f8c59,4f99d9c2,3,2026-05-27
109f8c59,1853895f,3,2026-05-28
109f8c59,f89ce1c8,3,2026-05-28
109f8c59,c4d44957,3,2026-05-28
109f8c59,cefb7020,3,2026-05-28
109f8c59,dcfb3286,15,2026-05-29
109f8c59,9d5cd42e,15,2026-05-29
109f8c59,5cf22866,14,2026-05-29
109f8c59,3e2403e7,15,2026-05-29
109f8c59,111aaad2,15,2026-05-29
109f8c59,d6008a0d,33,2026-05-30
109f8c59,965841b3,34,2026-05-30
109f8c59,eeab74f4,29,2026-05-30
109f8c59,aa66a294,35,2026-05-30
109f8c59,fa6fb06a,31,2026-05-31
109f8c59,7a0df792,34,2026-05-31
109f8c59,ed771db5,37,2026-05-31
109f8c59,4664ecae,33,2026-05-31
109f8c59,928f15b2,30,2026-05-31
46623d2e,5b7dc8ff,15,2026-05-01
46623d2e,88e350ac,17,2026-05-01
46623d2e,10a8c9ad,16,2026-05-01
46623d2e,09ad6291,15,2026-05-01
46623d2e,748d988e,16,2026-05-01
46623d2e,da4aae97,16,2026-05-01
46623d2e,40dde68f,4,2026-05-02
46623d2e,3730ac37,6,2026-05-02
46623d2e,f7294e6a,5,2026-05-02
46623d2e,ed08a495,5,2026-05-02
46623d2e,95833b7f,3,2026-05-02
46623d2e,16f64161,5,2026-05-02
46623d2e,91e6ec09,38,2026-05-03
46623d2e,c0931261,37,2026-05-03
46623d2e,f54f4335,36,2026-05-03
46623d2e,0a5b815b,35,2026-05-03
46623d2e,246eebfa,37,2026-05-03
46623d2e,ed6a8fb4,3,2026-05-04
46623d2e,eb13a6aa,5,2026-05-04
46623d2e,37bf2ffb,4,2026-05-04
46623d2e,adf013de,4,2026-05-04
46623d2e,71e48c35,3,2026-05-05
46623d2e,1c6cc5c1,3,2026-05-05
46623d2e,d5ef30df,3,2026-05-05
46623d2e,c72541d3,32,2026-05-06
46623d2e,275ecffb,33,2026-05-06
46623d2e,9cd6e38a,33,2026-05-06
46623d2e,bebfdbe6,31,2026-05-06
46623d2e,cf0f1ecd,34,2026-05-06
46623d2e,7468e4d4,30,2026-05-06
46623d2e,69f227b9,17,2026-05-07
46623d2e,94ae5cd6,22,2026-05-07
46623d2e,d6c1ec87,18,2026-05-07
46623d2e,a871eb04,19,2026-05-07
46623d2e,ee1e7cc3,23,2026-05-07
46623d2e,b1f4758c,9,2026-05-08
46623d2e,a9630228,7,2026-05-08
46623d2e,1fe05d58,10,2026-05-08
46623d2e,31aaac69,10,2026-05-08
46623d2e,3d434d4b,7,2026-05-08
46623d2e,3cfd604d,7,2026-05-09
46623d2e,72390ca2,10,2026-05-09
46623d2e,a4a38b26,10,2026-05-09
46623d2e,8e3cbd88,11,2026-05-09
46623d2e,6e06112f,12,2026-05-09
46623d2e,5f1753ed,3,2026-05-10
46623d2e,f8d9fd81,3,2026-05-10
46623d2e,7cebd949,3,2026-05-10
46623d2e,5fdc3d5e,3,2026-05-10
46623d2e,aa318427,49,2026-05-11
46623d2e,45201305,53,2026-05-11
46623d2e,dd2a5e7b,51,2026-05-11
46623d2e,f5aa7a5e,48,2026-05-12
46623d2e,51b7e2ab,49,2026-05-12
46623d2e,0d0316e2,48,2026-05-12
46623d2e,570ec84b,48,2026-05-12
46623d2e,17c08f79,49,2026-05-12
46623d2e,1080879a,6,2026-05-13
46623d2e,90d99ab2,5,2026-05-13
46623d2e,f8e97e10,4,2026-05-13
46623d2e,51f71780,7,2026-05-13
46623d2e,c7dbcc0e,4,2026-05-13
46623d2e,8e2b99f1,6,2026-05-13
46623d2e,715443d9,22,2026-05-14
46623d2e,e9f86a10,19,2026-05-14
46623d2e,812dc440,20,2026-05-14
46623d2e,20112151,23,2026-05-14
46623d2e,c1aa8323,22,2026-05-14
46623d2e,e63cb550,25,2026-05-15
46623d2e,086a926c,27,2026-05-15
46623d2e,2585fb38,26,2026-05-15
46623d2e,59e64173,33,2026-05-16
46623d2e,95c5a33c,33,2026-05-16
46623d2e,a7b4f60b,34,2026-05-16
46623d2e,668784c4,26,2026-05-17
46623d2e,391d615f,21,2026-05-17
46623d2e,7d8794ef,21,2026-05-17
46623d2e,06be32ce,24,2026-05-17
46623d2e,689ad183,24,2026-05-17
46623d2e,860920c8,25,2026-05-18
46623d2e,f1557a24,26,2026-05-18
46623d2e,718308dc,28,2026-05-18
46623d2e,d04fcf64,30,2026-05-18
46623d2e,04fa51c1,29,2026-05-18
46623d2e,bc373ae4,19,2026-05-19
46623d2e,e0730e42,18,2026-05-19
46623d2e,c7a0fc86,17,2026-05-19
46623d2e,99c5661b,7,2026-05-20
46623d2e,b5731dc9,6,2026-05-20
46623d2e,5c9e801c,7,2026-05-20
46623d2e,4d59553b,5,2026-05-20
46623d2e,d95772b1,8,2026-05-20
46623d2e,9684d2d7,27,2026-05-21
46623d2e,f7a119ef,26,2026-05-21
46623d2e,4cc5d271,26,2026-05-21
46623d2e,56a0bc97,27,2026-05-21
46623d2e,c9d02a7e,25,2026-05-21
46623d2e,c7865f28,3,2026-05-22
46623d2e,a4aeb59f,3,2026-05-22
46623d2e,e6ac9562,3,2026-05-22
46623d2e,329d89d9,3,2026-05-22
46623d2e,26a10a22,15,2026-05-23
46623d2e,be342060,12,2026-05-23
46623d2e,4f6177ed,14,2026-05-23
46623d2e,02ee4e39,18,2026-05-23
46623d2e,6c99f95a,16,2026-05-23
46623d2e,8f67a813,37,2026-05-24
46623d2e,de9e1b92,37,2026-05-24
46623d2e,c531fe7e,38,2026-05-24
46623d2e,ef30a7d2,38,2026-05-24
46623d2e,0b155e0f,39,2026-05-24
46623d2e,4cd17d9c,38,2026-05-24
46623d2e,d1b8b777,13,2026-05-25
46623d2e,a5b4a5f5,13,2026-05-25
46623d2e,48a845e9,11,2026-05-25
46623d2e,4da07d45,12,2026-05-25
46623d2e,0c406e78,13,2026-05-25
46623d2e,7562fcaa,11,2026-05-25
46623d2e,532a24c0,3,2026-05-26
46623d2e,812bd6a6,3,2026-05-26
46623d2e,9e00a0e8,3,2026-05-26
46623d2e,74542c20,45,2026-05-27
46623d2e,90be4f0b,44,2026-05-27
46623d2e,92f2f26b,46,2026-05-27
46623d2e,25d6af40,15,2026-05-28
46623d2e,a7a6c6e8,15,2026-05-28
46623d2e,5a3dd079,15,2026-05-28
46623d2e,d7df9fc2,28,2026-05-29
46623d2e,484c5865,27,2026-05-29
46623d2e,cc763099,26,2026-05-29
46623d2e,39a25a73,23,2026-05-29
46623d2e,67a2e535,27,2026-05-29
46623d2e,67cf3e94,14,2026-05-30
46623d2e,01cc8951,15,2026-05-30
46623d2e,ad6b05d5,16,2026-05-30
46623d2e,bf37dc18,18,2026-05-30
46623d2e,0f05fcbc,15,2026-05-30
46623d2e,51d810ce,32,2026-05-31
46623d2e,f384561d,32,2026-05-31
46623d2e,a7e4dd50,29,2026-05-31
46623d2e,f957ca9d,33,2026-05-31
46623d2e,8b1dc692,30,2026-05-31
8d036970,16f193e3,31,2026-05-01
8d036970,3b66731c,31,2026-05-01
8d036970,c414f243,31,2026-05-02
8d036970,272077db,36,2026-05-02
8d036970,69450a00,3,2026-05-03
8d036970,0eff27b4,3,2026-05-03
8d036970,33710069,3,2026-05-03
8d036970,8f221626,3,2026-05-03
8d036970,a77a1109,45,2026-05-04
8d036970,7d982422,44,2026-05-04
8d036970,5e4ee05e,3,2026-05-05
8d036970,541fa005,3,2026-05-05
8d036970,5319cb59,3,2026-05-05
8d036970,1decc240,23,2026-05-06
8d036970,4ebe1431,19,2026-05-06
8d036970,0a23b4ed,18,2026-05-06
8d036970,195c6bde,27,2026-05-07
8d036970,6e1797f8,24,2026-05-07
8d036970,9ecd71ec,28,2026-05-07
8d036970,01386a9e,3,2026-05-08
8d036970,ae5312da,3,2026-05-08
8d036970,9a5efb28,3,2026-05-08
8d036970,c893d835,21,2026-05-09
8d036970,f81437c4,22,2026-05-09
8d036970,81d89e5a,24,2026-05-09
8d036970,e169a023,5,2026-05-10
8d036970,a0108609,8,2026-05-10
8d036970,24a535ac,6,2026-05-10
8d036970,b5d6f277,4,2026-05-11
8d036970,4644d406,46,2026-05-12
8d036970,9943dae7,45,2026-05-12
8d036970,9ff99f31,3,2026-05-13
8d036970,aa2bd20b,3,2026-05-13
8d036970,78781845,3,2026-05-13
8d036970,64756cd6,27,2026-05-14
8d036970,6cd4598f,26,2026-05-14
8d036970,1e152b5f,28,2026-05-14
8d036970,afeb503e,9,2026-05-15
8d036970,4f177d82,6,2026-05-15
8d036970,dfc3ca48,32,2026-05-16
8d036970,297c5f68,33,2026-05-16
8d036970,a0af6091,36,2026-05-16
8d036970,a968b340,45,2026-05-17
8d036970,a534f7b3,42,2026-05-17
8d036970,022af1c5,52,2026-05-18
8d036970,2cdaee61,56,2026-05-18
8d036970,4d85ba01,53,2026-05-18
8d036970,cebc8b3a,26,2026-05-19
8d036970,e04fc872,26,2026-05-19
8d036970,ca8469f1,27,2026-05-19
8d036970,646e07b4,16,2026-05-20
8d036970,74018e77,13,2026-05-20
8d036970,58508e2a,15,2026-05-20
8d036970,34d2dd88,24,2026-05-21
8d036970,b8521be2,27,2026-05-21
8d036970,89bcfee9,24,2026-05-21
8d036970,2557ee76,3,2026-05-22
8d036970,c4a1149e,3,2026-05-22
8d036970,35134942,3,2026-05-22
8d036970,dbf9c5f9,17,2026-05-23
8d036970,a9fbf93b,20,2026-05-23
8d036970,b12281d6,25,2026-05-24
8d036970,e1f24b8b,25,2026-05-24
8d036970,39bdc127,24,2026-05-24
8d036970,0ce223bf,5,2026-05-25
8d036970,fbc94ebb,3,2026-05-25
8d036970,057d970f,6,2026-05-25
8d036970,73170ed4,40,2026-05-26
8d036970,dbd7c6f9,40,2026-05-26
8d036970,6b5004f6,37,2026-05-26
8d036970,bc3a005a,15,2026-05-27
8d036970,84582563,15,2026-05-27
8d036970,07d5a111,14,2026-05-27
8d036970,c1c59dbf,3,2026-05-28
8d036970,5e68181f,3,2026-05-28
8d036970,07d02d8f,3,2026-05-28
8d036970,a70f000f,3,2026-05-29
8d036970,26062eff,3,2026-05-29
8d036970,f345d638,3,2026-05-29
8d036970,162e4453,36,2026-05-30
8d036970,450f27e3,36,2026-05-30
8d036970,1877028d,36,2026-05-30
8d036970,3b0e4615,36,2026-05-30
8d036970,465766b4,3,2026-05-31
e66309e3,e29167da,13,2026-05-01
e66309e3,ee14f0e3,13,2026-05-01
e66309e3,8c77278d,12,2026-05-01
e66309e3,4fb92ffe,3,2026-05-02
e66309e3,42784dda,4,2026-05-02
e66309e3,e793aa8f,3,2026-05-02
e66309e3,3b9eb4a7,67,2026-05-03
e66309e3,b3412ef7,3,2026-05-04
e66309e3,e624b0c2,3,2026-05-04
e66309e3,ad522198,8,2026-05-05
e66309e3,68d7d401,7,2026-05-05
e66309e3,7a85dd74,7,2026-05-05
e66309e3,253660eb,23,2026-05-06
e66309e3,b29d3962,24,2026-05-06
e66309e3,324b0bad,22,2026-05-06
e66309e3,431412ff,25,2026-05-07
e66309e3,93d72d2d,3,2026-05-08
e66309e3,5cc7cf54,3,2026-05-08
e66309e3,a858acd7,3,2026-05-08
e66309e3,1b6279dc,27,2026-05-09
e66309e3,7c58d5f6,26,2026-05-09
e66309e3,f7b8db48,29,2026-05-09
e66309e3,64a099b8,60,2026-05-10
e66309e3,4edd0484,57,2026-05-10
e66309e3,5bfbdddb,60,2026-05-10
e66309e3,27b4952a,60,2026-05-10
e66309e3,628d6469,11,2026-05-11
e66309e3,806e43b8,11,2026-05-11
e66309e3,9dbf1db4,12,2026-05-11
e66309e3,fb722feb,64,2026-05-12
e66309e3,0c83b47c,65,2026-05-12
e66309e3,9d93447a,65,2026-05-12
e66309e3,41ba523b,11,2026-05-13
e66309e3,a0518b5c,12,2026-05-13
e66309e3,f24bb373,19,2026-05-14
e66309e3,1ca61bce,3,2026-05-15
e66309e3,057971ac,3,2026-05-15
e66309e3,72979b30,3,2026-05-15
e66309e3,73283b85,56,2026-05-16
e66309e3,46edc547,57,2026-05-16
e66309e3,68fb76d8,56,2026-05-16
e66309e3,d78ab428,3,2026-05-17
e66309e3,f7b579dd,28,2026-05-18
e66309e3,1900f305,27,2026-05-18
e66309e3,71646e3b,30,2026-05-18
e66309e3,06b6b73f,11,2026-05-19
e66309e3,17e0c7ba,8,2026-05-19
e66309e3,9527e9ab,12,2026-05-19
e66309e3,236f26ef,52,2026-05-20
e66309e3,23ddccd8,50,2026-05-20
e66309e3,22460701,13,2026-05-21
e66309e3,9e978cac,12,2026-05-21
e66309e3,98629798,12,2026-05-21
e66309e3,e1438e07,3,2026-05-22
e66309e3,9e0df11c,6,2026-05-22
e66309e3,ff9a6d80,54,2026-05-23
e66309e3,2b8d0806,55,2026-05-23
e66309e3,7567c43e,58,2026-05-23
e66309e3,5dde87cc,27,2026-05-24
e66309e3,cbb1bdfd,25,2026-05-24
e66309e3,19b25e91,43,2026-05-25
e66309e3,fd56e933,39,2026-05-25
e66309e3,fbf957ce,21,2026-05-26
e66309e3,05d12f69,23,2026-05-26
e66309e3,57c28385,23,2026-05-26
e66309e3,1c901bb0,33,2026-05-27
e66309e3,e37ef20b,3,2026-05-28
e66309e3,c9df062e,3,2026-05-28
e66309e3,a73005ce,22,2026-05-29
e66309e3,7a9cf542,19,2026-05-29
e66309e3,831eb1ac,26,2026-05-30
e66309e3,d67ec782,26,2026-05-30
e66309e3,319b26d9,28,2026-05-30
e66309e3,213263d7,28,2026-05-30
e66309e3,366a1892,3,2026-05-31
e66309e3,44f0054f,3,2026-05-31
107a1f43,6e368980,38,2026-05-01
107a1f43,5f64dc4b,35,2026-05-01
107a1f43,a7eaeea1,37,2026-05-01
107a1f43,10dd2573,37,2026-05-01
107a1f43,c1995218,23,2026-05-02
107a1f43,a2e20e4c,23,2026-05-02
107a1f43,f135cd85,23,2026-05-02
107a1f43,1d22b49a,26,2026-05-02
107a1f43,4ef280f8,23,2026-05-02
107a1f43,a6ea3544,23,2026-05-02
107a1f43,57ceb2e6,3,2026-05-03
107a1f43,8202e2a1,3,2026-05-03
107a1f43,651d2f1f,3,2026-05-03
107a1f43,bc423642,3,2026-05-04
107a1f43,99d37589,3,2026-05-04
107a1f43,36538643,3,2026-05-04
107a1f43,da6d2301,3,2026-05-04
107a1f43,3c52329a,21,2026-05-05
107a1f43,fdad05ad,19,2026-05-05
107a1f43,c7083376,19,2026-05-05
107a1f43,046319ed,18,2026-05-05
107a1f43,8404a0a2,19,2026-05-05
107a1f43,e67954d1,3,2026-05-06
107a1f43,30ae25a5,4,2026-05-06
107a1f43,078fbc82,4,2026-05-06
107a1f43,ce2cdfcb,3,2026-05-06
107a1f43,70d8e674,3,2026-05-06
107a1f43,069b6646,3,2026-05-06
107a1f43,bdc9487b,24,2026-05-07
107a1f43,878e7c3f,28,2026-05-07
107a1f43,51ac8b16,26,2026-05-07
107a1f43,cc4282f7,26,2026-05-07
107a1f43,917298d9,25,2026-05-07
107a1f43,d55b8722,26,2026-05-07
107a1f43,17c24a90,3,2026-05-08
107a1f43,a26742b3,4,2026-05-08
107a1f43,127c2470,6,2026-05-08
107a1f43,c727a49f,7,2026-05-08
107a1f43,f580ccb9,5,2026-05-08
107a1f43,e8a2e1f1,3,2026-05-09
107a1f43,eced2b04,3,2026-05-09
107a1f43,1a2f603e,3,2026-05-10
107a1f43,c188373c,3,2026-05-10
107a1f43,bcbf9ae2,3,2026-05-10
107a1f43,b56c2800,3,2026-05-10
107a1f43,8fcfb3fb,3,2026-05-10
107a1f43,b66b0b1c,3,2026-05-11
107a1f43,5a1dc1b3,3,2026-05-11
107a1f43,f846bcf1,3,2026-05-11
107a1f43,32e98dcb,3,2026-05-11
107a1f43,ec5d1188,24,2026-05-12
107a1f43,e2943da7,21,2026-05-12
107a1f43,55a3122c,24,2026-05-12
107a1f43,88595a28,7,2026-05-13
107a1f43,e236bb86,6,2026-05-13
107a1f43,54ace8fd,8,2026-05-13
107a1f43,d63957b6,3,2026-05-14
107a1f43,0615d300,3,2026-05-14
107a1f43,97ed569d,3,2026-05-14
107a1f43,8fdf4e6e,3,2026-05-14
107a1f43,a1a7fa1e,3,2026-05-14
107a1f43,ec468799,3,2026-05-14
107a1f43,4cf73cd1,3,2026-05-14
107a1f43,75ed25c7,11,2026-05-15
107a1f43,1dba5fc6,11,2026-05-15
107a1f43,ec0c029e,9,2026-05-15
107a1f43,5f6258d5,12,2026-05-15
107a1f43,0ae2570e,3,2026-05-16
107a1f43,1e5cc655,4,2026-05-16
107a1f43,260e5c35,4,2026-05-16
107a1f43,365385ce,10,2026-05-16
107a1f43,7c2ce210,5,2026-05-16
107a1f43,59f4872b,4,2026-05-16
107a1f43,78b59feb,20,2026-05-17
107a1f43,d8f4e26a,20,2026-05-17
107a1f43,7094bd34,21,2026-05-17
107a1f43,861a3117,18,2026-05-17
107a1f43,17375309,15,2026-05-17
107a1f43,c3544f5a,40,2026-05-18
107a1f43,9b4418d5,37,2026-05-18
107a1f43,32fc8ee8,38,2026-05-18
107a1f43,b827757a,37,2026-05-18
107a1f43,55c60905,3,2026-05-19
107a1f43,c5a71cd9,3,2026-05-19
107a1f43,820195d8,3,2026-05-19
107a1f43,71742a4c,3,2026-05-19
107a1f43,189c8569,3,2026-05-19
107a1f43,82ccb7cf,3,2026-05-19
107a1f43,597a5879,76,2026-05-20
107a1f43,d3036634,74,2026-05-20
107a1f43,6895f198,75,2026-05-20
107a1f43,2fca1bd7,77,2026-05-20
107a1f43,2b8c6d0c,75,2026-05-20
107a1f43,86d09830,25,2026-05-21
107a1f43,8f8a8a6f,27,2026-05-21
107a1f43,0188d8a4,22,2026-05-21
107a1f43,a5c040db,26,2026-05-21
107a1f43,720fc038,24,2026-05-21
107a1f43,22ab8e31,23,2026-05-21
107a1f43,7a87d93f,26,2026-05-21
107a1f43,90f09833,24,2026-05-22
107a1f43,401db6d4,26,2026-05-22
107a1f43,86fa9c05,27,2026-05-22
107a1f43,abd3060f,3,2026-05-23
107a1f43,c1f01458,3,2026-05-23
107a1f43,094c53b3,3,2026-05-23
107a1f43,c4a3ef03,3,2026-05-23
107a1f43,9143133b,3,2026-05-23
107a1f43,9f3d23b7,42,2026-05-24
107a1f43,63cdd90c,3,2026-05-25
107a1f43,eee8a8f6,3,2026-05-25
107a1f43,437b267f,3,2026-05-25
107a1f43,8a5efb3c,3,2026-05-25
107a1f43,125ee6c5,3,2026-05-25
107a1f43,3d97481a,3,2026-05-25
107a1f43,b6fbc134,20,2026-05-26
107a1f43,40e8f650,23,2026-05-26
107a1f43,8dc12a75,21,2026-05-26
107a1f43,c88fdd30,22,2026-05-26
107a1f43,4461c0ff,3,2026-05-27
107a1f43,15866958,3,2026-05-27
107a1f43,65e048ac,3,2026-05-27
107a1f43,4f903d8f,3,2026-05-27
107a1f43,241471e1,3,2026-05-27
107a1f43,9ae75356,14,2026-05-28
107a1f43,5503e211,14,2026-05-28
107a1f43,cdd9f71c,15,2026-05-28
107a1f43,2000cb9e,17,2026-05-28
107a1f43,bffba22a,14,2026-05-28
107a1f43,19abcf86,14,2026-05-28
107a1f43,098274b5,6,2026-05-29
107a1f43,cf01b541,3,2026-05-29
107a1f43,2cf39d59,7,2026-05-29
107a1f43,c91f131e,8,2026-05-29
107a1f43,050db5eb,7,2026-05-29
107a1f43,4ef98eb5,8,2026-05-29
107a1f43,e9fafa46,3,2026-05-30
107a1f43,580c7680,3,2026-05-30
107a1f43,e3b81b31,3,2026-05-30
107a1f43,9bdcf23d,3,2026-05-30
107a1f43,4bcd40fe,3,2026-05-30
107a1f43,c6628534,28,2026-05-31
107a1f43,6d52acef,28,2026-05-31
107a1f43,d0a01d81,29,2026-05-31
107a1f43,4e7d2a2a,27,2026-05-31
107a1f43,27a14500,29,2026-05-31
b9ba95e9,baf9a3fa,3,2026-05-01
b9ba95e9,cd368ca3,3,2026-05-01
b9ba95e9,82fc9781,3,2026-05-01
b9ba95e9,6ad88404,3,2026-05-01
b9ba95e9,771a8b7b,3,2026-05-01
b9ba95e9,229cf0c9,3,2026-05-01
b9ba95e9,35beb40d,3,2026-05-01
b9ba95e9,37d84a57,3,2026-05-01
b9ba95e9,0f227769,3,2026-05-01
b9ba95e9,aec46302,3,2026-05-02
b9ba95e9,25d0a354,3,2026-05-02
b9ba95e9,a53a45d1,3,2026-05-02
b9ba95e9,81030859,3,2026-05-02
b9ba95e9,f4578d13,3,2026-05-02
b9ba95e9,dca5656e,3,2026-05-02
b9ba95e9,ce1cfce7,3,2026-05-03
b9ba95e9,b7322bfe,3,2026-05-03
b9ba95e9,06c665b8,3,2026-05-03
b9ba95e9,37369564,3,2026-05-03
b9ba95e9,d2ea0809,3,2026-05-03
b9ba95e9,c1ed56db,3,2026-05-03
b9ba95e9,60912816,3,2026-05-03
b9ba95e9,cd7a4f07,3,2026-05-03
b9ba95e9,09920d52,13,2026-05-04
b9ba95e9,a0076368,11,2026-05-04
b9ba95e9,1b390b71,12,2026-05-04
b9ba95e9,1c23af7c,14,2026-05-04
b9ba95e9,4dfac23b,14,2026-05-04
b9ba95e9,44040bf2,16,2026-05-04
b9ba95e9,f67e9508,3,2026-05-05
b9ba95e9,49fe26c5,3,2026-05-05
b9ba95e9,7bcb1810,3,2026-05-05
b9ba95e9,f410c02d,3,2026-05-05
b9ba95e9,4871d023,3,2026-05-05
b9ba95e9,80e96d2f,3,2026-05-05
b9ba95e9,3a57174a,3,2026-05-06
b9ba95e9,571c8e24,3,2026-05-06
b9ba95e9,632c6d87,3,2026-05-06
b9ba95e9,9f8989ff,3,2026-05-06
b9ba95e9,469b5e41,3,2026-05-06
b9ba95e9,e5165120,22,2026-05-07
b9ba95e9,ea68bad0,20,2026-05-07
b9ba95e9,5cc4b15a,19,2026-05-07
b9ba95e9,b2db2b27,22,2026-05-07
b9ba95e9,a32b2440,21,2026-05-07
b9ba95e9,5c97fba8,19,2026-05-07
b9ba95e9,393aa3bd,22,2026-05-07
b9ba95e9,f310d3ca,3,2026-05-08
b9ba95e9,48de4d07,3,2026-05-08
b9ba95e9,4973fcf3,3,2026-05-08
b9ba95e9,ebc9dbb3,3,2026-05-08
b9ba95e9,822fed35,3,2026-05-08
b9ba95e9,18375196,3,2026-05-09
b9ba95e9,1b0a4575,3,2026-05-09
b9ba95e9,2659e902,3,2026-05-09
b9ba95e9,30a90643,3,2026-05-09
b9ba95e9,7dc9a0fc,3,2026-05-09
b9ba95e9,da817d07,3,2026-05-09
b9ba95e9,0c0c26c5,3,2026-05-09
b9ba95e9,aa194ed1,3,2026-05-09
b9ba95e9,cd30793c,3,2026-05-09
b9ba95e9,1d3f26d8,3,2026-05-09
b9ba95e9,cf8d12fe,12,2026-05-10
b9ba95e9,c00c16d5,11,2026-05-10
b9ba95e9,cabbb76e,14,2026-05-10
b9ba95e9,ea0e21fd,16,2026-05-10
b9ba95e9,1d7a75fd,13,2026-05-10
b9ba95e9,b2a5e9d1,15,2026-05-10
b9ba95e9,6ab4e4b8,15,2026-05-10
b9ba95e9,f49c97cd,14,2026-05-10
b9ba95e9,8ecb951d,13,2026-05-10
b9ba95e9,30dd6fce,3,2026-05-11
b9ba95e9,3c5a4bfa,3,2026-05-11
b9ba95e9,bfe65ea6,3,2026-05-11
b9ba95e9,a3d58d5f,3,2026-05-11
b9ba95e9,9dcb2942,6,2026-05-12
b9ba95e9,5e8bb361,3,2026-05-12
b9ba95e9,07590740,4,2026-05-12
b9ba95e9,69bf6e3d,5,2026-05-12
b9ba95e9,90e654c9,6,2026-05-12
b9ba95e9,31e5ac72,5,2026-05-12
b9ba95e9,6fb85bef,4,2026-05-12
b9ba95e9,c758e275,3,2026-05-12
b9ba95e9,15f3f9ce,3,2026-05-12
b9ba95e9,c8ff33f6,5,2026-05-13
b9ba95e9,af6eddd0,3,2026-05-13
b9ba95e9,4ef27e4b,4,2026-05-13
b9ba95e9,693d3ff1,3,2026-05-13
b9ba95e9,bc4f0faf,7,2026-05-13
b9ba95e9,d9d546bf,6,2026-05-13
b9ba95e9,fc0a11fd,5,2026-05-13
b9ba95e9,fffc2e4a,4,2026-05-13
b9ba95e9,7dafbcde,3,2026-05-14
b9ba95e9,584a64ff,3,2026-05-14
b9ba95e9,bf4b28de,3,2026-05-14
b9ba95e9,9aa2b946,3,2026-05-14
b9ba95e9,7464005e,3,2026-05-14
b9ba95e9,62a943ff,3,2026-05-14
b9ba95e9,5cf2161f,3,2026-05-14
b9ba95e9,b9b95034,3,2026-05-14
b9ba95e9,78284e8f,3,2026-05-14
b9ba95e9,3f9b833f,3,2026-05-15
b9ba95e9,922dfefd,3,2026-05-15
b9ba95e9,30bf2ab1,3,2026-05-15
b9ba95e9,52b117f7,3,2026-05-15
b9ba95e9,0c6526dd,3,2026-05-15
b9ba95e9,9a370590,3,2026-05-15
b9ba95e9,e169f363,3,2026-05-15
b9ba95e9,fa7c8023,3,2026-05-15
b9ba95e9,48baf553,8,2026-05-16
b9ba95e9,b52634e5,8,2026-05-16
b9ba95e9,0a7d614b,10,2026-05-16
b9ba95e9,23af8d34,9,2026-05-16
b9ba95e9,3121c4b4,6,2026-05-16
b9ba95e9,7befb780,3,2026-05-17
b9ba95e9,6a4ca4c2,3,2026-05-17
b9ba95e9,bc4e02d4,3,2026-05-17
b9ba95e9,ee6fa8c1,3,2026-05-17
b9ba95e9,a7df6ef1,3,2026-05-17
b9ba95e9,b5dc7b21,3,2026-05-17
b9ba95e9,f0041a73,3,2026-05-17
b9ba95e9,143295df,4,2026-05-18
b9ba95e9,d588e300,5,2026-05-18
b9ba95e9,0d2f037e,3,2026-05-18
b9ba95e9,e552de66,6,2026-05-18
b9ba95e9,ca66e831,4,2026-05-18
b9ba95e9,d6ac5ba6,3,2026-05-18
b9ba95e9,1f1147f1,3,2026-05-18
b9ba95e9,21d30559,3,2026-05-18
b9ba95e9,82629647,10,2026-05-19
b9ba95e9,1733a1c6,11,2026-05-19
b9ba95e9,9c0713a2,11,2026-05-19
b9ba95e9,4b05fe36,7,2026-05-19
b9ba95e9,6941dd1b,9,2026-05-19
b9ba95e9,c38d31d8,9,2026-05-19
b9ba95e9,f48c49b6,7,2026-05-20
b9ba95e9,94655968,9,2026-05-20
b9ba95e9,60f6b8b2,3,2026-05-20
b9ba95e9,8c5b7585,3,2026-05-20
b9ba95e9,aebcfe54,7,2026-05-20
b9ba95e9,5798b736,7,2026-05-20
b9ba95e9,47e77ed6,4,2026-05-20
b9ba95e9,1df0ae23,6,2026-05-20
b9ba95e9,28f75bd5,7,2026-05-20
b9ba95e9,743cb2ab,4,2026-05-20
b9ba95e9,e99b0a6a,17,2026-05-21
b9ba95e9,53f5e690,13,2026-05-21
b9ba95e9,3ca25057,15,2026-05-21
b9ba95e9,b9b64650,16,2026-05-21
b9ba95e9,de3f183e,16,2026-05-21
b9ba95e9,29d8e670,19,2026-05-21
b9ba95e9,7711c2cb,18,2026-05-21
b9ba95e9,cbc038ec,3,2026-05-22
b9ba95e9,90b8b967,3,2026-05-22
b9ba95e9,0fb2f190,3,2026-05-22
b9ba95e9,276205c3,3,2026-05-22
b9ba95e9,5fef2572,3,2026-05-22
b9ba95e9,3b48e409,3,2026-05-22
b9ba95e9,3c51afa0,3,2026-05-23
b9ba95e9,967270c3,3,2026-05-23
b9ba95e9,120a9b2d,3,2026-05-23
b9ba95e9,c841a22d,3,2026-05-23
b9ba95e9,709ac67c,3,2026-05-23
b9ba95e9,5ebe6adc,4,2026-05-24
b9ba95e9,75bca693,4,2026-05-24
b9ba95e9,35095626,5,2026-05-24
b9ba95e9,e0ad0042,3,2026-05-24
b9ba95e9,0ea639de,5,2026-05-24
b9ba95e9,0b616fb7,5,2026-05-24
b9ba95e9,54029e51,6,2026-05-24
b9ba95e9,2bdd0339,3,2026-05-24
b9ba95e9,dfbb5d9c,8,2026-05-25
b9ba95e9,3832f1b1,8,2026-05-25
b9ba95e9,b061eaf7,8,2026-05-25
b9ba95e9,edf7a11d,8,2026-05-25
b9ba95e9,4e5fe769,8,2026-05-25
b9ba95e9,66093a5f,8,2026-05-25
b9ba95e9,18daac9e,3,2026-05-26
b9ba95e9,dea6c7da,3,2026-05-26
b9ba95e9,3b293a64,3,2026-05-26
b9ba95e9,9d3667b6,3,2026-05-26
b9ba95e9,7d708d8d,3,2026-05-26
b9ba95e9,3e51c0fa,3,2026-05-26
b9ba95e9,0494c23c,3,2026-05-26
b9ba95e9,1b3b5860,3,2026-05-26
b9ba95e9,3df47711,11,2026-05-27
b9ba95e9,d9b4d083,11,2026-05-27
b9ba95e9,6f392780,11,2026-05-27
b9ba95e9,290fd565,12,2026-05-27
b9ba95e9,feb21535,7,2026-05-27
b9ba95e9,33aafb8c,10,2026-05-27
b9ba95e9,80bd91f9,10,2026-05-27
b9ba95e9,82048e89,3,2026-05-28
b9ba95e9,12fa4a1e,3,2026-05-28
b9ba95e9,ffc6372f,3,2026-05-28
b9ba95e9,04adaad7,3,2026-05-28
b9ba95e9,b0a3ddd6,3,2026-05-28
b9ba95e9,24e35a25,3,2026-05-28
b9ba95e9,7cc96779,3,2026-05-28
b9ba95e9,63321b3f,3,2026-05-28
b9ba95e9,14a50371,3,2026-05-28
b9ba95e9,98633678,6,2026-05-29
b9ba95e9,1a3ccbb7,11,2026-05-29
b9ba95e9,ad5bf6c5,7,2026-05-29
b9ba95e9,ed7ddc60,12,2026-05-29
b9ba95e9,8d2cf42e,7,2026-05-29
b9ba95e9,4ca10372,5,2026-05-29
b9ba95e9,ca333c28,9,2026-05-29
b9ba95e9,d0dff7a9,3,2026-05-30
b9ba95e9,dfb94469,5,2026-05-30
b9ba95e9,1e5f82c2,3,2026-05-30
b9ba95e9,cbbcbc40,5,2026-05-30
b9ba95e9,d6e1b375,3,2026-05-30
b9ba95e9,9ac502db,3,2026-05-30
b9ba95e9,c6c60282,3,2026-05-30
b9ba95e9,530d60f8,3,2026-05-30
b9ba95e9,8561f501,3,2026-05-31
b9ba95e9,fbf0d690,3,2026-05-31
b9ba95e9,a82ee0b3,3,2026-05-31
b9ba95e9,c57daf91,3,2026-05-31
b9ba95e9,e4a3f3fa,3,2026-05-31
b9ba95e9,20629091,3,2026-05-31
b9ba95e9,bf518151,3,2026-05-31
b9ba95e9,2065a130,3,2026-05-31
778b8b10,d494e806,23,2026-05-01
778b8b10,84ab9946,25,2026-05-01
778b8b10,b9c2c73b,23,2026-05-01
778b8b10,337cb5a3,21,2026-05-01
778b8b10,16126797,23,2026-05-01
778b8b10,1674da88,3,2026-05-02
778b8b10,204cbacf,3,2026-05-02
778b8b10,daedd4cd,3,2026-05-02
778b8b10,4811d3d2,13,2026-05-03
778b8b10,3d5d9fa3,11,2026-05-03
778b8b10,8e9489f5,10,2026-05-03
778b8b10,d5d32d45,11,2026-05-03
778b8b10,73d9e324,9,2026-05-03
778b8b10,cafb9912,3,2026-05-04
778b8b10,aa9c5375,3,2026-05-04
778b8b10,fb5a7fc4,3,2026-05-04
778b8b10,80395432,3,2026-05-05
778b8b10,2a99b4fe,3,2026-05-05
778b8b10,55d3db04,3,2026-05-05
778b8b10,9825909d,11,2026-05-06
778b8b10,81e0ec58,11,2026-05-06
778b8b10,505d19db,13,2026-05-06
778b8b10,fcb5999f,15,2026-05-06
778b8b10,fb846181,18,2026-05-07
778b8b10,7cda7e49,23,2026-05-07
778b8b10,06fe6d75,16,2026-05-08
778b8b10,57c8e8b8,15,2026-05-08
778b8b10,4cd4608f,16,2026-05-08
778b8b10,69cc9641,17,2026-05-08
778b8b10,3e242769,17,2026-05-08
778b8b10,1018ecc6,26,2026-05-09
778b8b10,9e728832,30,2026-05-09
778b8b10,8872df69,29,2026-05-09
778b8b10,6bcc00cd,33,2026-05-09
778b8b10,59196534,27,2026-05-09
778b8b10,1a717402,28,2026-05-09
778b8b10,8e694380,4,2026-05-10
778b8b10,00e76d05,9,2026-05-10
778b8b10,36c6c02c,7,2026-05-10
778b8b10,d5f06fae,5,2026-05-11
778b8b10,cbb720f1,4,2026-05-11
778b8b10,b7e53365,3,2026-05-11
778b8b10,df5bdd28,3,2026-05-12
778b8b10,49b4c35b,3,2026-05-12
778b8b10,a7762400,3,2026-05-12
778b8b10,34b36bd8,3,2026-05-12
778b8b10,c68332d5,3,2026-05-12
778b8b10,e52f1af4,3,2026-05-12
778b8b10,81069e1b,26,2026-05-13
778b8b10,7297be59,22,2026-05-13
778b8b10,f7cb98f9,24,2026-05-13
778b8b10,f2564fc9,22,2026-05-13
778b8b10,d77ff6b0,25,2026-05-13
778b8b10,48c6eea5,22,2026-05-13
778b8b10,2340a30f,24,2026-05-13
778b8b10,6f28c9e2,20,2026-05-13
778b8b10,eddb79b0,7,2026-05-14
778b8b10,c47dcfba,7,2026-05-14
778b8b10,9265b496,7,2026-05-14
778b8b10,7efb79b0,7,2026-05-14
778b8b10,715167d8,6,2026-05-14
778b8b10,1d02fd4d,9,2026-05-14
778b8b10,77099c46,4,2026-05-15
778b8b10,58211fc3,5,2026-05-15
778b8b10,8d46f81a,6,2026-05-15
778b8b10,16f33b38,6,2026-05-15
778b8b10,c73b38cf,3,2026-05-16
778b8b10,3caa5752,3,2026-05-16
778b8b10,ad03775c,3,2026-05-16
778b8b10,b560cbf2,3,2026-05-16
778b8b10,7e43a5ac,3,2026-05-16
778b8b10,3e7f6f42,3,2026-05-17
778b8b10,7b53d89d,3,2026-05-17
778b8b10,54d1b6f9,3,2026-05-17
778b8b10,c8f4be15,12,2026-05-18
778b8b10,9831f7ce,13,2026-05-18
778b8b10,a13126c7,7,2026-05-19
778b8b10,b2d06795,9,2026-05-19
778b8b10,8706fa60,9,2026-05-19
778b8b10,3d8ca55b,8,2026-05-19
778b8b10,38883966,3,2026-05-20
778b8b10,790e9e01,3,2026-05-20
778b8b10,5e93c305,3,2026-05-20
778b8b10,8bc12723,3,2026-05-20
778b8b10,f21e02b5,3,2026-05-20
778b8b10,aff73654,3,2026-05-20
778b8b10,4ba939cb,11,2026-05-21
778b8b10,fad95f9b,12,2026-05-21
778b8b10,2871e370,16,2026-05-21
778b8b10,33d093ce,13,2026-05-21
778b8b10,d38b1475,3,2026-05-22
778b8b10,007edbf1,8,2026-05-22
778b8b10,5f71175d,7,2026-05-22
778b8b10,00504937,7,2026-05-22
778b8b10,37660a48,3,2026-05-23
778b8b10,4d84f807,3,2026-05-23
778b8b10,0ade8d0c,3,2026-05-23
778b8b10,3f4c1086,3,2026-05-24
778b8b10,5a3dc871,3,2026-05-24
778b8b10,6ca30a7b,3,2026-05-24
778b8b10,bba0dfa3,3,2026-05-24
778b8b10,b9403061,3,2026-05-24
778b8b10,5a132512,3,2026-05-24
778b8b10,5bb87d45,3,2026-05-25
778b8b10,d4ae9f06,3,2026-05-25
778b8b10,bfeaca27,3,2026-05-25
778b8b10,9f03993c,3,2026-05-25
778b8b10,13590fec,5,2026-05-26
778b8b10,8d53752c,8,2026-05-26
778b8b10,1d5ee790,3,2026-05-26
778b8b10,9176470f,6,2026-05-26
778b8b10,f9ab4ef6,5,2026-05-26
778b8b10,624ff44a,7,2026-05-26
778b8b10,7845ae2e,3,2026-05-27
778b8b10,4cc06003,7,2026-05-27
778b8b10,28a03586,7,2026-05-27
778b8b10,98775920,7,2026-05-27
778b8b10,f2b2ad48,5,2026-05-27
778b8b10,89f10766,12,2026-05-28
778b8b10,550db167,11,2026-05-28
778b8b10,bc8f7b90,15,2026-05-28
778b8b10,21d4c66b,15,2026-05-28
778b8b10,baf95c39,3,2026-05-29
778b8b10,f7d14e54,3,2026-05-29
778b8b10,851efa66,3,2026-05-29
778b8b10,bf89f981,3,2026-05-29
778b8b10,0b070087,13,2026-05-30
778b8b10,79d692bd,13,2026-05-30
778b8b10,7506cbd8,11,2026-05-30
778b8b10,afbd469d,14,2026-05-30
778b8b10,1ef78069,6,2026-05-31
778b8b10,4d2ded06,8,2026-05-31
778b8b10,6297f8e6,5,2026-05-31
778b8b10,b2281946,9,2026-05-31
778b8b10,c533d285,5,2026-05-31
b9f80e64,1ed68ebd,20,2026-05-01
b9f80e64,97a0ace6,21,2026-05-01
b9f80e64,e8222b3a,8,2026-05-02
b9f80e64,cf2d5087,5,2026-05-02
b9f80e64,792a3a03,5,2026-05-02
b9f80e64,f0ddd565,7,2026-05-03
b9f80e64,dfdc2f55,4,2026-05-03
b9f80e64,932691c8,7,2026-05-03
b9f80e64,2c166a06,3,2026-05-04
b9f80e64,cb00d1ff,3,2026-05-04
b9f80e64,6508bd7d,3,2026-05-05
b9f80e64,ef88b2ec,3,2026-05-05
b9f80e64,57bb4328,32,2026-05-06
b9f80e64,8b347fea,31,2026-05-06
b9f80e64,a866fdc2,12,2026-05-07
b9f80e64,8577b22f,14,2026-05-07
b9f80e64,2ff2d38c,13,2026-05-07
b9f80e64,9e5c182d,4,2026-05-08
b9f80e64,57dda669,5,2026-05-08
b9f80e64,0d2c5d65,4,2026-05-08
b9f80e64,594a15ad,14,2026-05-09
b9f80e64,0907d013,10,2026-05-10
b9f80e64,4c089ea8,9,2026-05-10
b9f80e64,654ca615,15,2026-05-11
b9f80e64,ab506b52,46,2026-05-12
b9f80e64,788e9571,46,2026-05-12
b9f80e64,24dcc218,49,2026-05-12
b9f80e64,40f2bf5a,30,2026-05-13
b9f80e64,152cefd8,29,2026-05-13
b9f80e64,374b3001,27,2026-05-13
b9f80e64,8807dcdf,16,2026-05-14
b9f80e64,9dd6b1f5,17,2026-05-14
b9f80e64,28638ddd,21,2026-05-14
b9f80e64,a796e2ee,5,2026-05-15
b9f80e64,9dc62e40,3,2026-05-15
b9f80e64,6e54031d,9,2026-05-16
b9f80e64,16722344,9,2026-05-16
b9f80e64,e508f5e1,10,2026-05-16
b9f80e64,b03d9cf2,7,2026-05-17
b9f80e64,6ae83376,8,2026-05-17
b9f80e64,06495851,18,2026-05-18
b9f80e64,c24f1e18,19,2026-05-18
b9f80e64,8c7db111,17,2026-05-18
b9f80e64,8b52ee9e,16,2026-05-18
b9f80e64,37a78f2d,43,2026-05-19
b9f80e64,425b4369,43,2026-05-19
b9f80e64,2e1dfc62,46,2026-05-19
b9f80e64,acaf8c96,57,2026-05-20
b9f80e64,a32ab846,57,2026-05-20
b9f80e64,5b0dde47,57,2026-05-20
b9f80e64,bf3f7b58,46,2026-05-21
b9f80e64,d535a8ee,46,2026-05-21
b9f80e64,701924b0,44,2026-05-22
b9f80e64,c0312187,24,2026-05-23
b9f80e64,df8e7178,25,2026-05-23
b9f80e64,395ccfbb,29,2026-05-23
b9f80e64,8099ba07,57,2026-05-24
b9f80e64,48977cce,54,2026-05-24
b9f80e64,29eba39a,56,2026-05-24
b9f80e64,f9b01464,3,2026-05-25
b9f80e64,6b9fbd65,3,2026-05-25
b9f80e64,e362e88a,16,2026-05-26
b9f80e64,fecb187d,15,2026-05-26
b9f80e64,628a6f0e,14,2026-05-26
b9f80e64,493a6bc6,18,2026-05-27
b9f80e64,e1de656c,15,2026-05-27
b9f80e64,095682ac,19,2026-05-27
b9f80e64,e7ee05a5,6,2026-05-28
b9f80e64,4ec57882,5,2026-05-28
b9f80e64,ba17a81d,5,2026-05-28
b9f80e64,6cbd07d1,3,2026-05-29
b9f80e64,341517f4,3,2026-05-29
b9f80e64,9884182f,3,2026-05-29
b9f80e64,fa243e15,37,2026-05-30
b9f80e64,59241b8e,36,2026-05-30
b9f80e64,49b2e52d,32,2026-05-31
b9f80e64,1d07b71b,37,2026-05-31
